sig_rms,fast_rms,fast_to_sig_rms_ratio,diff_rms,iqr,ptp,min_sub_std,max_sub_std,dropout_ratio,sub_std_cv,zcr,dom_freq,est_bpm,p_norm_frac,p_fast_frac,log_p_fast_to_norm,spectral_entropy,ac_subband1_energy,ac_subband2_energy,ac_subband3_energy,ac_subband4_energy,ac_vel_subband1,ac_vel_subband2,ac_vel_subband3,ac_vel_subband4,ac_norm_std_sc1,ac_norm_std_sc2,ac_norm_std_sc3,ac_norm_std_sc4,ac_norm_std_sc5,ac_norm_std_sc6,ac_norm_std_sc7,ac_norm_std_sc8,ac_norm_std_sc9,ac_norm_std_sc10,ac_norm_std_sc11,ac_norm_std_sc12,ac_norm_std_sc13,ac_norm_std_sc14,ac_norm_std_sc15,ac_norm_std_sc16,ac_norm_std_sc17,ac_norm_std_sc18,ac_norm_std_sc19,ac_norm_std_sc20,ac_norm_std_sc21,ac_norm_std_sc22,ac_norm_std_sc23,ac_norm_std_sc24,ac_norm_std_sc25,ac_norm_std_sc26,ac_norm_std_sc27,ac_norm_std_sc28,ac_norm_std_sc29,ac_norm_std_sc30,ac_norm_std_sc31,ac_norm_std_sc32,ac_norm_std_sc33,ac_norm_std_sc34,ac_norm_std_sc35,ac_norm_std_sc36,ac_norm_std_sc37,ac_norm_std_sc38,ac_norm_std_sc39,ac_norm_std_sc40,ac_norm_std_sc41,ac_norm_std_sc42,ac_norm_std_sc43,ac_norm_std_sc44,ac_norm_std_sc45,ac_norm_std_sc46,ac_norm_std_sc47,ac_norm_std_sc48,ac_norm_std_sc49,ac_norm_std_sc50,ac_norm_std_sc51,ac_norm_std_sc52,ac_norm_vel_sc1,ac_norm_vel_sc2,ac_norm_vel_sc3,ac_norm_vel_sc4,ac_norm_vel_sc5,ac_norm_vel_sc6,ac_norm_vel_sc7,ac_norm_vel_sc8,ac_norm_vel_sc9,ac_norm_vel_sc10,ac_norm_vel_sc11,ac_norm_vel_sc12,ac_norm_vel_sc13,ac_norm_vel_sc14,ac_norm_vel_sc15,ac_norm_vel_sc16,ac_norm_vel_sc17,ac_norm_vel_sc18,ac_norm_vel_sc19,ac_norm_vel_sc20,ac_norm_vel_sc21,ac_norm_vel_sc22,ac_norm_vel_sc23,ac_norm_vel_sc24,ac_norm_vel_sc25,ac_norm_vel_sc26,ac_norm_vel_sc27,ac_norm_vel_sc28,ac_norm_vel_sc29,ac_norm_vel_sc30,ac_norm_vel_sc31,ac_norm_vel_sc32,ac_norm_vel_sc33,ac_norm_vel_sc34,ac_norm_vel_sc35,ac_norm_vel_sc36,ac_norm_vel_sc37,ac_norm_vel_sc38,ac_norm_vel_sc39,ac_norm_vel_sc40,ac_norm_vel_sc41,ac_norm_vel_sc42,ac_norm_vel_sc43,ac_norm_vel_sc44,ac_norm_vel_sc45,ac_norm_vel_sc46,ac_norm_vel_sc47,ac_norm_vel_sc48,ac_norm_vel_sc49,ac_norm_vel_sc50,ac_norm_vel_sc51,ac_norm_vel_sc52,class_id,class_label,source_file
0.7730303,0.29706973,0.38429248,0.06670654,0.9211354,3.1995366,0.21997991,0.7410641,0.29684332,0.40136448,0.5,0.3125,18.75,0.5096368,0.4903632,0.674057,0.8506896,0.14716129,0.13976122,0.13431504,0.121655576,0.14887846,0.1420707,0.13367772,0.12375245,0.12925526,0.2182369,0.14691225,0.18431373,0.109918,0.15723284,0.11180608,0.15347284,0.15242358,0.10305468,0.14498086,0.16142637,0.14006343,0.18354923,0.1724983,0.13513927,0.20534036,0.11349084,0.15134077,0.10518297,0.13073246,0.11454035,0.103714354,0.117778234,0.13157842,0.1520103,0.17675698,0.12086872,0.14749587,0.11679641,0.15111625,0.12585703,0.12478738,0.12633084,0.1389669,0.11182261,0.10377363,0.1300187,0.17150421,0.172164,0.118980944,0.16046068,0.12073299,0.1459214,0.08140892,0.12702166,0.10639073,0.10747451,0.088985525,0.1092551,0.119774334,0.122951716,0.13570115,0.19529057,0.14708935,0.17520857,0.13122736,0.15158829,0.1268274,0.1524299,0.15966022,0.12083768,0.14757061,0.14947507,0.14251372,0.1643228,0.15817259,0.14607383,0.19784188,0.13777243,0.1558962,0.117692344,0.13806961,0.121521726,0.10350915,0.12317471,0.13135763,0.15151423,0.15810089,0.12724666,0.13904788,0.12902668,0.14060955,0.12722005,0.13088521,0.13374747,0.13506457,0.120821096,0.11333239,0.13185847,0.15084945,0.15091085,0.13151714,0.16611218,0.12267039,0.13328351,0.095785566,0.12210123,0.11056332,0.11342832,0.098097906,0.11784977,0.12384357,0.122618146,0,normal,normal_breathing_01
0.4931043,0.25936493,0.5259839,0.049263597,0.6085941,2.2010374,0.23140357,0.75771487,0.30539665,0.45341358,0.7777778,0.3125,18.75,0.6170814,0.3829186,0.48275432,0.85421044,0.14974242,0.14150041,0.13359058,0.1259821,0.14877568,0.14304297,0.13292381,0.12648474,0.14562868,0.17234278,0.1666781,0.16267392,0.14619653,0.13557811,0.14481093,0.14578702,0.13448408,0.13275556,0.16211228,0.16043782,0.13716573,0.16898973,0.15264837,0.15540451,0.15832897,0.13978313,0.14723359,0.12131289,0.1419925,0.13849662,0.12338582,0.14499383,0.13036366,0.11657178,0.14554639,0.13664547,0.12536433,0.13464706,0.12924534,0.13535495,0.121274054,0.14793634,0.13381018,0.14201999,0.10898478,0.13881579,0.13703287,0.13076647,0.15169433,0.15875581,0.13176763,0.12835559,0.09586822,0.12172883,0.1137435,0.126239,0.10612678,0.13380079,0.1255552,0.11336529,0.15211485,0.15615939,0.16618864,0.14846762,0.16330513,0.13584487,0.1531022,0.1369719,0.13749069,0.13867949,0.15925838,0.14726545,0.1392352,0.16440338,0.15006898,0.15969482,0.13408582,0.15612847,0.14887321,0.12911789,0.14895561,0.15287296,0.119855955,0.14327584,0.13270186,0.11952377,0.12629555,0.14251862,0.11568294,0.13617173,0.122671515,0.14086379,0.13014409,0.15333658,0.12522067,0.14460918,0.11123716,0.14724784,0.1320098,0.12742989,0.15199313,0.15198942,0.13488935,0.11145274,0.106727645,0.1116893,0.11395716,0.13608404,0.117588334,0.13799751,0.12474411,0.11775899,0,normal,normal_breathing_01
0.50869143,0.30448624,0.59856766,0.050971173,0.6295047,2.216348,0.226405,0.76373726,0.29644358,0.42999706,0.6111111,0.30273438,18.164062,0.5813587,0.41864133,0.5423874,0.87750936,0.15149483,0.14212242,0.13116808,0.1261802,0.1501482,0.14267048,0.13141803,0.12686117,0.15039743,0.16683523,0.16964176,0.15470146,0.15116134,0.13620508,0.14773807,0.1497491,0.13462631,0.13815102,0.16506766,0.16155154,0.14360674,0.17210296,0.14765996,0.15880567,0.14557415,0.1466919,0.1474064,0.119266875,0.1419276,0.14300987,0.122693695,0.14367041,0.13027923,0.12850273,0.14329349,0.14093325,0.11882943,0.13089778,0.12604177,0.13046975,0.122423925,0.14648463,0.13112727,0.13820668,0.107341915,0.13821115,0.13092406,0.12809582,0.15793185,0.15116088,0.13199499,0.12052397,0.1027173,0.12015078,0.11262056,0.124440044,0.10883572,0.13527218,0.12445816,0.12214028,0.15611258,0.15858337,0.16704282,0.14464143,0.16221108,0.13601363,0.15472142,0.13922977,0.13947877,0.13444962,0.16236591,0.14946973,0.14760637,0.16358902,0.14768519,0.15981127,0.13028708,0.15043616,0.14766099,0.12534025,0.14888787,0.15491307,0.11939551,0.14325692,0.13295093,0.13050199,0.12733907,0.1438853,0.11150714,0.13438486,0.12206495,0.13907975,0.13141415,0.15209302,0.123032205,0.1396417,0.108570576,0.1475068,0.1279149,0.1257579,0.15437755,0.15084301,0.13421848,0.10947641,0.107424654,0.112216026,0.1118835,0.13670328,0.118649915,0.13753794,0.12359005,0.12651645,0,normal,normal_breathing_01
0.5061098,0.29533383,0.5835371,0.05115405,0.72991854,2.1835208,0.25050625,0.7484129,0.33471662,0.36619383,0.5555556,0.2734375,16.40625,0.5302323,0.46976772,0.6344401,0.9019121,0.15401869,0.14232059,0.12947555,0.1242728,0.15041645,0.14387986,0.13133639,0.124911875,0.15288138,0.15326713,0.1705099,0.15463878,0.16950624,0.13842058,0.15474868,0.1519248,0.1386856,0.14337017,0.16592973,0.1632303,0.14512964,0.17075899,0.14335027,0.16205278,0.13096227,0.14986879,0.14846952,0.12395876,0.14546949,0.14875704,0.122853816,0.14548633,0.13186479,0.12631483,0.13791342,0.14468375,0.10783015,0.13625315,0.11833816,0.1290701,0.12314453,0.15175611,0.12540798,0.14794925,0.10984493,0.1299426,0.12104799,0.11618848,0.16293435,0.14558984,0.13526924,0.10911798,0.10401344,0.11493945,0.11611889,0.12809993,0.109841004,0.13479291,0.1166299,0.122011036,0.1518264,0.1548548,0.16547549,0.15076487,0.16827697,0.13793823,0.15952365,0.13658595,0.14146909,0.13746157,0.15995184,0.14676796,0.14451706,0.16647425,0.15031114,0.15758635,0.12443834,0.14559528,0.14924784,0.13158618,0.15587276,0.15584101,0.12014836,0.14647093,0.14329112,0.12357466,0.12265265,0.15340897,0.113322265,0.13352755,0.12229136,0.13879006,0.12957098,0.15613788,0.120863274,0.14426929,0.10758787,0.13977803,0.12517293,0.12546559,0.15037788,0.1435789,0.14079913,0.10290291,0.10666926,0.110522225,0.11067143,0.14190437,0.11839919,0.13804269,0.11361048,0.120910265,0,normal,normal_breathing_01
0.48450977,0.29209688,0.60287094,0.050022382,0.6207193,2.1851661,0.25645596,0.75610286,0.3391813,0.41663575,0.5694444,0.234375,14.0625,0.65464556,0.34535444,0.4236613,0.8819099,0.15274125,0.14082603,0.13227816,0.12466665,0.15116869,0.14328015,0.13267648,0.123110116,0.14650297,0.15724982,0.16832767,0.1563188,0.17980327,0.13452448,0.15146041,0.15363666,0.13470088,0.1436596,0.15177706,0.1638566,0.14381811,0.17186011,0.14798178,0.1559344,0.12490038,0.14326815,0.14611775,0.12298726,0.14460897,0.15403602,0.11423748,0.14582556,0.13294181,0.1260387,0.13550772,0.14594394,0.11145818,0.13994046,0.11992735,0.1349783,0.13024375,0.15672246,0.12334329,0.14404462,0.117712945,0.13078481,0.12900819,0.11961942,0.15749483,0.13342369,0.14055014,0.11116049,0.11001839,0.11831961,0.113353,0.13358591,0.11159352,0.13331702,0.11350683,0.12472361,0.15055238,0.15519561,0.16387403,0.15580435,0.17521003,0.14014138,0.15860766,0.13816148,0.14304535,0.13985825,0.15145946,0.1500581,0.14322492,0.16722162,0.15280685,0.15281759,0.12035245,0.13977158,0.14887625,0.13205585,0.15862264,0.16052106,0.11255351,0.14806081,0.14481169,0.124170005,0.12071744,0.15469183,0.116413005,0.13378994,0.12503833,0.14289665,0.13511111,0.15987946,0.11579809,0.1405806,0.114380874,0.13975668,0.12574016,0.12665382,0.14582865,0.1315361,0.14381641,0.09966251,0.11193416,0.11193026,0.108730696,0.143812,0.11876551,0.1346764,0.10928181,0.11380322,0,normal,normal_breathing_01
0.38775665,0.25318736,0.6529543,0.040866822,0.45675835,1.7053237,0.16979685,0.5417928,0.31339812,0.32384956,0.5555556,0.21484375,12.890625,0.802533,0.19746703,0.21998234,0.845995,0.15341905,0.13823438,0.13072361,0.12658325,0.15328379,0.13874257,0.13257457,0.12466356,0.14366765,0.14394084,0.16663669,0.1476414,0.20376477,0.14044783,0.15945245,0.16028629,0.14311242,0.15763983,0.13100189,0.15074272,0.14611275,0.17379418,0.14401686,0.15396167,0.10754763,0.15289976,0.14842966,0.1139257,0.13453206,0.17032012,0.10686404,0.12930182,0.13366666,0.12778671,0.12538199,0.14393674,0.09459941,0.15105577,0.11184537,0.12945284,0.13089953,0.15708162,0.13126475,0.13666107,0.11511142,0.13919291,0.13292363,0.12132103,0.1590971,0.11869914,0.13858515,0.10950441,0.11783568,0.121781886,0.11526301,0.12531814,0.112594135,0.13498646,0.12884378,0.14175233,0.15621845,0.15707615,0.16066141,0.15510753,0.19288622,0.14626655,0.15741047,0.13671978,0.15620624,0.14684442,0.14491506,0.13531463,0.14706238,0.17316699,0.14511088,0.14258862,0.110298015,0.14127931,0.14303058,0.12388927,0.14419828,0.17822318,0.10709579,0.13434817,0.14110684,0.11931744,0.11188213,0.14990729,0.10235074,0.14160216,0.1228892,0.14310102,0.14025341,0.15610573,0.11888247,0.1379514,0.10906882,0.1503284,0.1391466,0.13440746,0.13886742,0.1283503,0.1346274,0.10499047,0.107306756,0.11603974,0.10593712,0.14628403,0.11779449,0.13964874,0.11629246,0.13007991,0,normal,normal_breathing_01
0.33132547,0.18158291,0.5480499,0.03397497,0.43821838,1.3864415,0.18808258,0.42169967,0.4460107,0.24122807,0.5555556,0.21484375,12.890625,0.8022118,0.19778816,0.22038259,0.8409419,0.15552643,0.13444398,0.13301471,0.12574396,0.15843654,0.13790777,0.12985478,0.12228505,0.14260295,0.14007495,0.14305109,0.14784141,0.20388155,0.15886146,0.16349278,0.16000454,0.12797108,0.15008706,0.14757372,0.16585268,0.17054836,0.18060307,0.127388,0.12922429,0.12306736,0.13220452,0.13535933,0.11246955,0.124515444,0.16171713,0.10859857,0.13588393,0.12444445,0.15229613,0.14472081,0.1258229,0.10674318,0.15462057,0.121621035,0.120167024,0.12977432,0.14807053,0.1428928,0.13244562,0.13125743,0.12271223,0.1483427,0.12242092,0.15269974,0.14434303,0.12186421,0.11251133,0.110417634,0.11839674,0.11586421,0.119918,0.10815484,0.1296364,0.11355204,0.16489236,0.14584957,0.16641907,0.1435537,0.15532641,0.17487536,0.17208506,0.19066565,0.12618496,0.15340701,0.12269565,0.16427325,0.16187431,0.18246506,0.16532217,0.13705696,0.11582926,0.112483025,0.12103045,0.13675529,0.12862812,0.15048787,0.152164,0.12241631,0.14533453,0.14983127,0.15546179,0.13146946,0.13650735,0.11538926,0.12821732,0.14277798,0.11243987,0.13333583,0.15120797,0.12942599,0.12595262,0.11624102,0.1406047,0.124542736,0.12576462,0.119041905,0.14436309,0.12661706,0.10857604,0.1038507,0.12200615,0.10182048,0.13831395,0.10830368,0.13228792,0.108477086,0.15028304,0,normal,normal_breathing_01
0.45207238,0.24304399,0.5376218,0.04755764,0.530339,2.0828345,0.16757968,0.7242932,0.23136996,0.5041166,0.5833333,0.1953125,11.71875,0.6151178,0.3848822,0.4859415,0.8976357,0.15909363,0.13302743,0.13024066,0.12718733,0.15832758,0.13481364,0.12869805,0.12830031,0.15305309,0.14680757,0.16909403,0.13350978,0.19029753,0.16068493,0.17349787,0.14558876,0.14179972,0.15113448,0.15656006,0.17616399,0.17002542,0.15565486,0.120435,0.13044865,0.11378483,0.13694462,0.12856606,0.12894373,0.11884168,0.13915774,0.14462525,0.12874255,0.12858869,0.15462291,0.13795248,0.113763236,0.09927141,0.15939875,0.13661955,0.12099037,0.12737681,0.15016258,0.13699238,0.12013994,0.12678264,0.12620826,0.13747032,0.11316104,0.14706406,0.14244916,0.12929314,0.11746757,0.10783614,0.12737374,0.123587936,0.13222964,0.10868192,0.13366991,0.12347704,0.1471439,0.14690876,0.15780213,0.17371136,0.13264172,0.17851418,0.16305271,0.18005016,0.13516,0.15029977,0.14576519,0.16323274,0.163836,0.16728368,0.14487703,0.12315593,0.12857378,0.109797716,0.12770326,0.12892367,0.13386303,0.13284017,0.13004097,0.15124242,0.1454457,0.14445952,0.1516541,0.13446409,0.12189788,0.10681668,0.15146232,0.14028926,0.1146845,0.12626736,0.14790365,0.12710357,0.11607299,0.12213943,0.13444021,0.12953283,0.115662105,0.1322131,0.14473914,0.13966808,0.11741645,0.10375792,0.13363346,0.120196335,0.13993011,0.11501351,0.13229896,0.13119718,0.14217763,0,normal,normal_breathing_01
0.4609095,0.28451806,0.61729705,0.048959438,0.59478635,2.028191,0.18700029,0.70678514,0.2645787,0.48948812,0.6388889,0.3125,18.75,0.49290156,0.50709844,0.7074458,0.90847486,0.15915409,0.13346726,0.13016413,0.12694365,0.15835255,0.13572069,0.12796403,0.12819086,0.15848571,0.15177116,0.16413774,0.13941357,0.18395695,0.16438144,0.1754421,0.13697353,0.1562966,0.14042693,0.15902685,0.17115149,0.1675391,0.14239055,0.12594879,0.12377987,0.13621975,0.14054546,0.13513032,0.13489997,0.11548536,0.13692047,0.15008089,0.12349583,0.12273796,0.14743905,0.13644874,0.102315225,0.09972804,0.16766302,0.13869056,0.117695786,0.11971923,0.14516158,0.13734563,0.12864397,0.13781981,0.12430893,0.13659322,0.11663512,0.14458025,0.13682847,0.12145281,0.13496192,0.101603486,0.13360524,0.13105354,0.12831585,0.11163707,0.12981203,0.12095845,0.13882315,0.15244088,0.15097193,0.17642158,0.13613279,0.18400764,0.16321795,0.18160674,0.12980208,0.15584426,0.14423719,0.16174914,0.15878582,0.1633652,0.13803145,0.12288199,0.12847771,0.11933752,0.14004424,0.13400793,0.14262708,0.1278104,0.1354041,0.15520746,0.13979703,0.14008339,0.14065859,0.13002494,0.11715213,0.10387786,0.16131102,0.1395996,0.10999164,0.119877376,0.14502442,0.12997532,0.12086244,0.12648991,0.1316986,0.12764724,0.11486772,0.13241129,0.13392858,0.13991201,0.12504831,0.104083605,0.13583201,0.12605862,0.13241592,0.12456342,0.13252282,0.13214016,0.13269676,0,normal,normal_breathing_01
0.4434988,0.28622124,0.64537096,0.048053384,0.53553015,2.0011668,0.18700029,0.70678514,0.2645787,0.46829903,0.5694444,0.3125,18.75,0.4879233,0.51207674,0.71759707,0.8812535,0.1597035,0.13287003,0.12819415,0.12848245,0.15928239,0.13408633,0.126374,0.1298311,0.16416225,0.15555501,0.16349058,0.13890603,0.16692494,0.16992086,0.17507641,0.13279381,0.16164812,0.14243197,0.16511732,0.17276916,0.16734901,0.13915429,0.12818047,0.124656595,0.14653006,0.14014171,0.13255216,0.13447367,0.11341016,0.124668345,0.15390131,0.11984722,0.11657313,0.1532213,0.13742858,0.09110448,0.10094191,0.16641065,0.14417906,0.11739781,0.115122415,0.14192228,0.1346159,0.12313079,0.1420603,0.123052426,0.1291574,0.114805825,0.14221682,0.14215824,0.11367546,0.14086086,0.11082065,0.13389431,0.13411918,0.12842631,0.112303294,0.12832509,0.12745751,0.14120832,0.1585465,0.15649025,0.17569071,0.13065542,0.17336684,0.1652607,0.17830452,0.1324089,0.1578667,0.14355245,0.1687576,0.16488792,0.16488251,0.12893724,0.123347685,0.13260062,0.12946314,0.1437706,0.12951991,0.13906614,0.11943448,0.13064899,0.15743332,0.13424677,0.1252368,0.1494165,0.13482635,0.09529388,0.09861732,0.1655288,0.14080663,0.11138017,0.12069032,0.14215711,0.1290554,0.118053645,0.13494912,0.13182177,0.11968158,0.1113407,0.13729459,0.14097318,0.12954491,0.1338913,0.109775946,0.13832371,0.13120428,0.12791002,0.12144949,0.13035326,0.13760528,0.13813777,0,normal,normal_breathing_01
0.44259787,0.29106942,0.65763855,0.049069785,0.47197938,2.0381384,0.19482596,0.72303,0.26945764,0.46469802,0.6944444,0.3125,18.75,0.53324145,0.46675858,0.62878096,0.85683924,0.16022019,0.13426998,0.12759681,0.12756598,0.15857954,0.13491794,0.1261612,0.13015,0.16273044,0.15325601,0.16943125,0.144106,0.16120234,0.1690076,0.17215446,0.13432945,0.16163833,0.15022239,0.1657857,0.1692768,0.16972172,0.1444419,0.12680398,0.1252021,0.14870143,0.14057985,0.13177593,0.13553387,0.11582992,0.12690586,0.15556961,0.12214451,0.12015945,0.15186144,0.13070104,0.09970407,0.103043675,0.16294861,0.14594568,0.122438915,0.11053579,0.14007856,0.13272189,0.12144319,0.13561058,0.12760244,0.12598406,0.11888628,0.1355828,0.14369829,0.11533665,0.13855013,0.106922954,0.1330955,0.13456446,0.12764664,0.1118042,0.12824152,0.1261181,0.13791016,0.15735067,0.15574628,0.17751455,0.13025397,0.16827555,0.16286689,0.17688935,0.13261905,0.15630968,0.14352193,0.17163646,0.16411027,0.16443944,0.13231874,0.12137469,0.13506885,0.13522846,0.14470567,0.12684596,0.1385762,0.11797514,0.12647426,0.15961492,0.13569708,0.12920067,0.15085262,0.1347333,0.100793056,0.09756056,0.16301703,0.14036858,0.11314297,0.11598266,0.1379478,0.12815057,0.12102958,0.13139737,0.13606878,0.119903386,0.11466976,0.13350262,0.14165585,0.1288929,0.133983,0.10827401,0.1386055,0.13813232,0.1282782,0.12029903,0.12967338,0.1367226,0.13926092,0,normal,normal_breathing_01
0.47024685,0.28047958,0.59645176,0.052630886,0.61222655,2.078587,0.19482596,0.72303,0.26945764,0.43238923,0.5277778,0.28320312,16.992188,0.6402233,0.3597767,0.44593826,0.8625928,0.15931451,0.13709451,0.12756258,0.12580356,0.15761459,0.13782874,0.12696572,0.12753133,0.15846832,0.14881846,0.16366954,0.1410297,0.15872438,0.16569963,0.1668897,0.13628139,0.1606773,0.15281732,0.17456315,0.18237983,0.16106994,0.146243,0.12409697,0.13727002,0.1527923,0.13993806,0.13420795,0.13487042,0.11444967,0.12876838,0.1552423,0.13062167,0.12365289,0.16007496,0.13486832,0.10463554,0.107578546,0.15897906,0.14155105,0.12021672,0.11877531,0.13969919,0.12875082,0.12291068,0.13344723,0.12581328,0.12108774,0.1161637,0.13100305,0.13995211,0.11334058,0.13869697,0.10897019,0.12955564,0.14232858,0.1211719,0.10937385,0.11934538,0.12394262,0.14160176,0.1542705,0.15029277,0.16930296,0.12764743,0.16516064,0.15992832,0.16934039,0.1345868,0.15420575,0.14926934,0.1807632,0.17731027,0.1569113,0.137567,0.120007105,0.14600427,0.14367406,0.145102,0.13110201,0.13396917,0.11702944,0.12839295,0.16167149,0.13903739,0.12998089,0.15823585,0.13845299,0.10574594,0.103753604,0.16069892,0.1356061,0.114363626,0.122767024,0.13747495,0.1249446,0.12488556,0.13053964,0.13122985,0.120091505,0.110694245,0.1306976,0.13673335,0.12658864,0.13143064,0.10956732,0.13436054,0.14500321,0.12256893,0.11783841,0.1203309,0.13036662,0.14172702,0,normal,normal_breathing_01
0.4797661,0.4890464,1.0193434,0.052462418,0.67627734,2.0164905,0.21456477,0.6845374,0.31344488,0.35422552,0.6666667,0.26367188,15.8203125,0.7019079,0.29809213,0.35395312,0.8717255,0.15709412,0.13935386,0.12751184,0.12650277,0.15418378,0.14047395,0.12788022,0.12783983,0.16551289,0.14635503,0.15770654,0.13815878,0.15721107,0.16494326,0.16048038,0.13887314,0.1643938,0.14751126,0.17574938,0.17772114,0.14760685,0.14600855,0.1259842,0.14365187,0.15313798,0.14801972,0.13990335,0.12745413,0.11902327,0.13688184,0.16050988,0.122983515,0.13052881,0.15751295,0.13694961,0.11317183,0.11133674,0.1504437,0.13648577,0.1194426,0.12061352,0.1348201,0.12641391,0.13181531,0.12907073,0.13025375,0.11683646,0.109591216,0.13676804,0.13494943,0.116999015,0.1354037,0.11101936,0.12681225,0.1463648,0.119832575,0.11690776,0.120514005,0.12691219,0.14246167,0.15693277,0.14545144,0.16157465,0.124912135,0.16412161,0.16264415,0.15228061,0.14566061,0.15394527,0.1464717,0.18201138,0.17201862,0.13636412,0.1398263,0.12056475,0.15475826,0.15348935,0.15227002,0.13687685,0.12846296,0.11325858,0.14351423,0.16300876,0.13480376,0.1348127,0.15051472,0.1430344,0.11426986,0.10460674,0.15933679,0.12506682,0.11532056,0.12519173,0.13396928,0.124713294,0.13230315,0.1255381,0.13720608,0.12188597,0.11030114,0.13338558,0.13692045,0.12444277,0.12870808,0.11055065,0.12746924,0.15070441,0.118281975,0.12112718,0.11888598,0.13489753,0.14624284,0,normal,normal_breathing_01
0.38879153,0.29932398,0.769883,0.04365137,0.52356726,1.6493682,0.22206144,0.51935315,0.42757308,0.31000012,0.6666667,0.28320312,16.992188,0.4347862,0.5652138,0.8329008,0.90287817,0.15250506,0.14251998,0.12804006,0.12667902,0.15150282,0.14610374,0.1271317,0.1234097,0.16820127,0.14482242,0.13171609,0.15049757,0.14530006,0.16509707,0.1474153,0.13798851,0.17121252,0.13932464,0.17938146,0.17309763,0.1285113,0.15445262,0.13721278,0.14434399,0.17675893,0.14913559,0.14536506,0.11921847,0.1160959,0.14861365,0.14432402,0.13002646,0.13281259,0.15439966,0.13504827,0.11856193,0.13200618,0.14019437,0.13248499,0.1204799,0.1163366,0.12289676,0.11839238,0.15267688,0.13459171,0.1302187,0.11063221,0.11856205,0.1432294,0.1328165,0.10522185,0.14253655,0.10806014,0.11784673,0.15474297,0.11002709,0.13399567,0.11212699,0.11378042,0.15388091,0.15570372,0.14160955,0.13670276,0.13631757,0.15146074,0.17282577,0.14008316,0.14830858,0.1539502,0.1334203,0.19547862,0.18387319,0.119802475,0.14295742,0.13927637,0.15837526,0.18493865,0.1625212,0.1458511,0.1283563,0.10785415,0.15120664,0.15650587,0.13615578,0.13410406,0.15124583,0.14830025,0.11728832,0.11401909,0.15384926,0.11759936,0.1112539,0.12406543,0.12663203,0.12409998,0.14864962,0.12127121,0.13567561,0.11000813,0.11467493,0.13203333,0.1253768,0.107138224,0.13524115,0.10993314,0.118335575,0.15926306,0.10027035,0.121224605,0.1076066,0.120604284,0.1526241,0,normal,normal_breathing_01
0.33966556,0.26492116,0.77994704,0.04023584,0.4295401,1.5689679,0.1785384,0.5331345,0.33488432,0.3902334,0.6527778,0.3125,18.75,0.4161513,0.5838487,0.8767064,0.9043403,0.15043381,0.14185207,0.1286061,0.12921326,0.14778374,0.14628348,0.12734643,0.12569253,0.1546666,0.1477369,0.13627969,0.14431171,0.14449248,0.15337987,0.1404975,0.13945358,0.15832841,0.15758641,0.1776685,0.1823522,0.11888573,0.1621582,0.13710462,0.14929299,0.1672716,0.14027393,0.13289057,0.11374163,0.11738382,0.14770243,0.14067113,0.13744812,0.1421256,0.15601228,0.13708186,0.12516169,0.14075267,0.12192622,0.13027059,0.12980483,0.12787482,0.13397634,0.1053104,0.15395275,0.11667655,0.137528,0.11156242,0.116234936,0.15123112,0.13348022,0.11516149,0.12808338,0.11585173,0.10375391,0.15475911,0.12304372,0.1343027,0.11642526,0.12259676,0.16484806,0.14315026,0.14140625,0.13222928,0.13481213,0.13634631,0.1691784,0.12677762,0.1558326,0.14509685,0.14618273,0.19928414,0.19134697,0.09954508,0.14603403,0.14294972,0.16507751,0.18952568,0.15916291,0.14008124,0.11541346,0.11143618,0.13994603,0.15912697,0.14032902,0.13477921,0.15782319,0.15021545,0.11793126,0.11957659,0.1393238,0.10992157,0.12099308,0.1292748,0.13071924,0.11780031,0.15691389,0.111302644,0.13826685,0.113264106,0.11790424,0.1563714,0.12871622,0.10239991,0.13049014,0.12354858,0.10882379,0.15920055,0.110858954,0.10579648,0.1015697,0.12771772,0.16060533,0,normal,normal_breathing_01
0.34038585,0.28613934,0.84063226,0.042037103,0.41402432,1.5388789,0.1773864,0.52216697,0.33971202,0.34922656,0.75,0.25390625,15.234375,0.41251802,0.587482,0.8854754,0.94548774,0.15098496,0.14237133,0.12812294,0.1285317,0.14982924,0.1452066,0.12638095,0.12650953,0.14542325,0.16058564,0.14533938,0.13640809,0.14991556,0.14417969,0.13818482,0.14302692,0.15458734,0.15836099,0.17871407,0.184798,0.12328066,0.1628737,0.13035192,0.15679768,0.159631,0.14871374,0.13301893,0.11713927,0.11540767,0.15369196,0.1385449,0.13847059,0.14333834,0.15284763,0.13862121,0.12594059,0.1421525,0.12522814,0.12401282,0.1304084,0.13257466,0.12872848,0.10466251,0.15098293,0.110708,0.13893683,0.11264121,0.11751481,0.15744905,0.12706305,0.12113396,0.1287169,0.10953638,0.104623266,0.14545634,0.11758121,0.1310152,0.1209473,0.12617595,0.16369866,0.14046676,0.1526483,0.14213085,0.13045064,0.1440451,0.16140364,0.124102175,0.15510952,0.14151408,0.15128765,0.19843376,0.19267547,0.11351209,0.1479438,0.13834888,0.16435592,0.17872529,0.16375348,0.14256547,0.11927191,0.11022756,0.14079928,0.15504971,0.13954093,0.13443321,0.15267041,0.15005378,0.12170405,0.12418073,0.1368094,0.102884434,0.121808566,0.13371857,0.124828465,0.116764486,0.153548,0.107403,0.13494596,0.1143029,0.115769014,0.159765,0.12505095,0.11281378,0.12473395,0.1245749,0.10512568,0.14626895,0.10832618,0.1097195,0.11228398,0.13693552,0.1632566,0,normal,normal_breathing_01
0.34314543,0.26889783,0.78362644,0.042443205,0.4659092,1.4822439,0.21820284,0.5026404,0.4341132,0.3024531,0.6666667,0.22460938,13.4765625,0.42131206,0.5786879,0.86438143,0.93871266,0.14949457,0.14284892,0.12933652,0.12883566,0.15082425,0.144485,0.12890245,0.1244498,0.15032995,0.16527213,0.14213148,0.1212744,0.14337112,0.14856732,0.13389754,0.14002414,0.1520078,0.15293433,0.18128042,0.18254805,0.12979084,0.1578959,0.14643255,0.15438728,0.1576705,0.15043132,0.14011177,0.11816478,0.1152011,0.1457265,0.13765317,0.13817993,0.14376983,0.15141128,0.14349258,0.119940154,0.13879679,0.12482419,0.1210653,0.12802641,0.13517882,0.12880085,0.11006481,0.1562875,0.117666304,0.13445,0.12278098,0.11674951,0.1590481,0.12789786,0.1185143,0.12473071,0.12540138,0.10477235,0.13918428,0.1166692,0.13112684,0.121740185,0.12999496,0.15903401,0.14793949,0.15706006,0.14572601,0.12315362,0.1416327,0.1596367,0.12046363,0.1524575,0.14002946,0.15604977,0.19682671,0.18644336,0.13329613,0.1461919,0.1541998,0.15923566,0.17244071,0.16203041,0.14960977,0.12353419,0.11003324,0.13337973,0.1492631,0.13589086,0.13467167,0.147824,0.14916892,0.120424196,0.12644555,0.13447958,0.09886431,0.12651974,0.14040393,0.12817262,0.121876635,0.15864545,0.112511255,0.13054632,0.12767342,0.11256537,0.15810712,0.12429073,0.110993505,0.11855941,0.13532576,0.101724654,0.12840153,0.11138419,0.111276194,0.11405547,0.13707867,0.15408474,0,normal,normal_breathing_01
0.32787585,0.24813762,0.75680363,0.04175489,0.4928139,1.2605404,0.24027105,0.3824225,0.62828684,0.1461889,0.6666667,0.20507812,12.3046875,0.268483,0.73151696,1.3149676,0.92223126,0.15308751,0.13756979,0.13057332,0.12927726,0.15382311,0.13919504,0.1304672,0.1257042,0.16758081,0.17601742,0.1711297,0.120531686,0.15553652,0.13652018,0.14535195,0.13699639,0.15593037,0.15103148,0.16790442,0.15874821,0.14685841,0.15155904,0.15179963,0.14794666,0.14879143,0.15487264,0.13558836,0.12195982,0.12781927,0.12953193,0.13323115,0.120882094,0.13522542,0.1291998,0.1358838,0.12002044,0.13387656,0.12592846,0.1213066,0.13175176,0.12647372,0.12275,0.118563145,0.17160103,0.12422096,0.13434939,0.13072737,0.10618693,0.17003837,0.12981836,0.12551406,0.11951091,0.1261051,0.1058917,0.117191374,0.13744858,0.14100637,0.13346714,0.12510498,0.14332047,0.15982339,0.16212268,0.17695999,0.12006789,0.15834473,0.14787649,0.12689148,0.15039225,0.14558536,0.15689032,0.1838264,0.16630991,0.14460957,0.13938561,0.1542325,0.1525939,0.16008464,0.165732,0.13868672,0.13584499,0.12341889,0.11872374,0.13873278,0.12737596,0.12478925,0.12993455,0.13660066,0.12424088,0.12079903,0.13276646,0.10014278,0.12469206,0.13585952,0.13022012,0.12934998,0.1778797,0.11083601,0.13646899,0.1362175,0.104850754,0.1662313,0.12762731,0.116915345,0.11562074,0.14195578,0.10550019,0.109760344,0.12518272,0.118162684,0.12839238,0.13560735,0.13834766,0,normal,normal_breathing_01
0.30852592,0.3057371,0.99096084,0.039547466,0.48254237,1.1869805,0.25601858,0.33231565,0.7704078,0.095399976,0.8194444,0.1953125,11.71875,0.19346692,0.8065331,1.6426487,0.871552,0.15780847,0.13507642,0.12994294,0.12432309,0.15629575,0.13591337,0.1307882,0.12335627,0.16702476,0.19051117,0.19763234,0.13489793,0.17067108,0.12380294,0.14147875,0.1331501,0.1497547,0.14801316,0.15946846,0.17338938,0.1617153,0.1451468,0.15374693,0.16257277,0.1365918,0.15973143,0.13402903,0.13789187,0.13051507,0.10435792,0.12114634,0.11728265,0.13111629,0.12186456,0.12995626,0.11107564,0.13594101,0.14219828,0.11833877,0.13882539,0.12176626,0.10973971,0.11746513,0.18555783,0.11884981,0.120271295,0.13927288,0.10306339,0.17552117,0.120109625,0.12169733,0.12365374,0.14496641,0.10666456,0.10154362,0.12897728,0.12048487,0.12867428,0.123948246,0.11689564,0.16693312,0.16853216,0.19993033,0.12142078,0.18424998,0.12353445,0.12406301,0.13747054,0.14304319,0.16644013,0.17104116,0.16467376,0.16051212,0.13006653,0.153285,0.15179342,0.13964966,0.1661174,0.13899544,0.14455035,0.1385525,0.09309254,0.13296594,0.12910144,0.12228175,0.12642182,0.11635017,0.12617987,0.12678903,0.13637456,0.09967491,0.13528284,0.13593677,0.12359768,0.12250094,0.18485232,0.112087786,0.13192694,0.14869288,0.096245356,0.1738453,0.11618642,0.122904435,0.11197742,0.15724611,0.10869169,0.092599906,0.13074926,0.11337956,0.1311534,0.13193826,0.11671431,0,normal,normal_breathing_01
0.32327873,0.26351076,0.8151194,0.03871312,0.50225794,1.243881,0.26599985,0.3713918,0.7162244,0.10519493,0.7916667,0.1953125,11.71875,0.13851836,0.86148167,1.9767524,0.88134557,0.1557425,0.13459411,0.1366654,0.12087934,0.15210709,0.1335344,0.13808662,0.12401628,0.16101259,0.17081036,0.19587153,0.13158712,0.15805121,0.13091265,0.14159016,0.1438391,0.14425729,0.14222859,0.16280505,0.16975221,0.17193466,0.15101631,0.14366406,0.17472322,0.13632849,0.15681934,0.14371578,0.13086355,0.12986778,0.10218476,0.12295136,0.11215689,0.12535034,0.120081626,0.14036499,0.108361036,0.12797765,0.14653225,0.12833092,0.14199498,0.12898867,0.13171703,0.12854716,0.18014738,0.12954855,0.1324212,0.1517185,0.09063029,0.1506199,0.13852985,0.10580383,0.12905465,0.13998063,0.11655993,0.09349529,0.11872247,0.11065612,0.12291569,0.14239718,0.112065546,0.16326335,0.15818417,0.19319639,0.11834824,0.17794755,0.11534939,0.12403382,0.13556655,0.14097445,0.16398248,0.16447236,0.14950332,0.17257008,0.13221675,0.13822661,0.15199998,0.13480447,0.1576185,0.14379068,0.13331626,0.14117405,0.098961554,0.12786153,0.13298103,0.1210554,0.12194043,0.11473612,0.13044958,0.12396139,0.13574073,0.12503278,0.145639,0.14558013,0.14341031,0.12032813,0.18086234,0.11421738,0.15396348,0.16120474,0.09200268,0.1603921,0.12872323,0.118172124,0.11141954,0.1499111,0.11286347,0.08679336,0.13198195,0.12086618,0.13747454,0.14382744,0.117783844,0,normal,normal_breathing_01
0.3473799,0.2329926,0.67071414,0.03831158,0.525619,1.324467,0.24230373,0.43813106,0.5530394,0.20084137,0.6527778,0.1953125,11.71875,0.2589783,0.7410217,1.351011,0.91800267,0.15163183,0.13277873,0.13933589,0.12587261,0.15173724,0.13276953,0.13980308,0.124481514,0.15770535,0.14588998,0.17670316,0.15264077,0.15517056,0.14110103,0.1482372,0.14933704,0.14674376,0.123912804,0.14711544,0.15586637,0.17079043,0.14052361,0.13722587,0.15860114,0.15783207,0.14542116,0.15177605,0.13051511,0.13256958,0.10204283,0.115112826,0.12523456,0.117496036,0.11177276,0.12156898,0.11048994,0.13510779,0.1429482,0.14634578,0.16304055,0.1471048,0.13434863,0.1213712,0.15758537,0.124136224,0.14413972,0.16317937,0.09195487,0.12990491,0.13777031,0.11832458,0.12306331,0.11789143,0.11393007,0.09417472,0.12720709,0.14376386,0.15061934,0.15107766,0.13666192,0.16158749,0.15296984,0.18571407,0.12870136,0.1770425,0.12387549,0.13407478,0.13450016,0.14151353,0.1515897,0.15827169,0.146776,0.17596763,0.13558836,0.13658077,0.14403644,0.1448997,0.14253166,0.14733846,0.13509816,0.14310692,0.103856534,0.119224645,0.13870846,0.12086377,0.11416985,0.11405195,0.13164078,0.12834583,0.12707645,0.13829212,0.15314697,0.15588738,0.14511207,0.11686455,0.16920307,0.11345592,0.15826668,0.16609628,0.089527234,0.13299525,0.12783523,0.12578712,0.10838971,0.13504887,0.114036836,0.08834924,0.13262877,0.13724133,0.15349454,0.14397278,0.12895276,0,normal,normal_breathing_01
0.36881202,0.2925419,0.7932005,0.038932014,0.55303967,1.421438,0.29124665,0.48676822,0.5983272,0.17247368,0.5833333,0.1953125,11.71875,0.65365225,0.34634778,0.4251798,0.89834553,0.1505511,0.13464062,0.1399845,0.124625124,0.15093184,0.13475652,0.14149857,0.1212589,0.15485832,0.12455138,0.1720574,0.1516393,0.14992511,0.1572818,0.15738912,0.14160994,0.14581127,0.12979847,0.1428742,0.14910364,0.18026419,0.13559386,0.14852564,0.14705475,0.14763473,0.14456213,0.15402012,0.13652271,0.14592053,0.1268155,0.10936259,0.1316501,0.11293829,0.109727204,0.12137415,0.11742138,0.13070446,0.14156641,0.14356732,0.16393498,0.1379426,0.14662091,0.12224063,0.158094,0.12776865,0.14647464,0.16208844,0.089668125,0.13284378,0.13183214,0.12314848,0.12050188,0.10742716,0.10940591,0.09621251,0.13106662,0.15340391,0.14606555,0.1427411,0.1358095,0.16034931,0.13740306,0.18506509,0.12894201,0.17184211,0.134341,0.14565475,0.129791,0.13818777,0.15427604,0.15514947,0.13989538,0.1812168,0.1331426,0.14739835,0.1398722,0.1395801,0.13694328,0.14767444,0.13811381,0.15564424,0.12644824,0.11390327,0.14697641,0.117302716,0.10883517,0.113439284,0.13286477,0.12232614,0.12863092,0.14437687,0.15716429,0.15047774,0.15636778,0.11631083,0.17531314,0.1086897,0.1645848,0.16893512,0.08807896,0.13557068,0.12265802,0.12633868,0.11022017,0.12497324,0.11043567,0.09374607,0.13315414,0.13802242,0.1466432,0.12792692,0.11859753,0,normal,normal_breathing_01
0.37289807,0.22699073,0.60872054,0.039707355,0.54986274,1.4357005,0.25859347,0.4967756,0.5205438,0.22214657,0.6111111,0.22460938,13.4765625,0.8246264,0.1753736,0.19282484,0.83051616,0.1520475,0.13621926,0.13797541,0.12360903,0.15154131,0.1380901,0.13810606,0.1215024,0.1552683,0.13522694,0.17336322,0.15410651,0.14710802,0.15511292,0.16505133,0.14289847,0.14842233,0.1322326,0.14390607,0.14821965,0.17570113,0.1369864,0.14332797,0.15057972,0.14828818,0.14802921,0.1512024,0.13435297,0.14979087,0.13555287,0.11475487,0.13259806,0.11200339,0.113383524,0.11728848,0.114189856,0.13501635,0.14157413,0.14423202,0.16407406,0.13635987,0.14598028,0.12084977,0.15198609,0.12158072,0.1427675,0.15778124,0.09120275,0.13262399,0.12902522,0.12396699,0.1221039,0.095732175,0.10905921,0.10006534,0.12553303,0.15108986,0.14509133,0.1433414,0.1380822,0.15509708,0.14899023,0.18995957,0.13489352,0.17097346,0.12989381,0.14917862,0.1317957,0.145385,0.15805396,0.1473482,0.134827,0.1736409,0.13882317,0.14317933,0.14523144,0.13532582,0.14171743,0.14267723,0.13555408,0.15773244,0.13853581,0.12358687,0.15219544,0.12134444,0.1192679,0.11091299,0.12768126,0.13378274,0.13119167,0.14806469,0.15883507,0.14967622,0.15433198,0.10916242,0.1623274,0.09606383,0.15519968,0.1581489,0.09635022,0.13808677,0.12127823,0.1278309,0.112255104,0.1131386,0.10945169,0.10115588,0.121403396,0.13842745,0.14332701,0.13069053,0.12613541,0,normal,normal_breathing_01
0.45844284,0.25185025,0.54936016,0.046026327,0.6286368,1.8603393,0.24159114,0.63032115,0.3832826,0.32863116,0.5555556,0.30273438,18.164062,0.7825329,0.21746713,0.24521935,0.8455003,0.15025252,0.13854797,0.13693926,0.12527056,0.14833647,0.14260426,0.13706717,0.121250324,0.13728775,0.14565477,0.16835716,0.16581431,0.16471843,0.14441141,0.15505148,0.12914102,0.14613055,0.14548945,0.13558598,0.14316593,0.1724746,0.14937122,0.13351923,0.14714383,0.14500894,0.15508309,0.14131886,0.13840821,0.13114172,0.12471598,0.1448531,0.1469226,0.12499416,0.11864268,0.12012536,0.13149925,0.13975592,0.15284991,0.13475375,0.16273601,0.15078482,0.14705166,0.10960664,0.1356619,0.12506768,0.1221587,0.1481587,0.09561579,0.13030024,0.11914254,0.12726058,0.119676225,0.122264996,0.11087492,0.11621219,0.12173546,0.15212506,0.1282648,0.14780436,0.13724011,0.13567294,0.15323417,0.17592928,0.15611032,0.18243821,0.12735267,0.13780487,0.12300802,0.13568665,0.16105169,0.13975623,0.12928103,0.171048,0.15917474,0.13568436,0.14578407,0.14054823,0.14704305,0.13913935,0.13492481,0.14239179,0.13482293,0.1552624,0.1631153,0.13791421,0.118050165,0.11986525,0.13940814,0.14016022,0.15173039,0.13869223,0.17009073,0.16136238,0.1498932,0.094503745,0.13087207,0.10696158,0.13049968,0.1478335,0.096727096,0.1272809,0.11178992,0.12737042,0.11087584,0.13205777,0.101556495,0.11019168,0.11972337,0.14880438,0.12420787,0.13871305,0.12695545,0,normal,normal_breathing_01
0.44895154,0.2335259,0.52015835,0.044087764,0.5422443,1.8544444,0.25087145,0.6230026,0.40268123,0.33570984,0.5972222,0.3125,18.75,0.4638766,0.5361234,0.7681367,0.8580609,0.1486654,0.13828345,0.13702682,0.12741587,0.14656419,0.14119557,0.13722286,0.1253561,0.13221839,0.1414802,0.16125067,0.16319555,0.15864272,0.14822231,0.15571897,0.12618299,0.15327217,0.14618522,0.13343287,0.14012252,0.17272562,0.1477883,0.1379234,0.14263754,0.14557226,0.15120907,0.13869733,0.14220974,0.12855332,0.12746155,0.14578335,0.14620425,0.12142577,0.12221895,0.12223477,0.13669243,0.13605757,0.15460433,0.13666967,0.15937483,0.15423366,0.1547395,0.10604835,0.12772931,0.12644222,0.12045674,0.1460652,0.10323874,0.128718,0.11842955,0.12825114,0.12455128,0.119215354,0.11608005,0.120024495,0.12784024,0.1555889,0.12801608,0.1502107,0.13624181,0.13087611,0.1505904,0.16824657,0.15887739,0.17016229,0.1390695,0.13719694,0.12208793,0.13758337,0.15841791,0.13716574,0.12532243,0.16973773,0.15956347,0.1365025,0.149473,0.14110954,0.14440815,0.13274378,0.13042554,0.13707969,0.13798754,0.1555064,0.15880129,0.13415603,0.11778544,0.12526415,0.13524112,0.14260983,0.15149418,0.14453968,0.16424419,0.16677877,0.15085372,0.09510953,0.12884934,0.11501024,0.12134259,0.14255975,0.100494474,0.12552296,0.1110822,0.13601997,0.1178274,0.13966079,0.10958641,0.12709457,0.115443185,0.14947645,0.12810582,0.14186056,0.12745444,0,normal,normal_breathing_01
0.44515958,0.26507142,0.59545255,0.044402026,0.5280653,1.8546524,0.18410341,0.62096626,0.29647893,0.43901077,0.6944444,0.3125,18.75,0.4387278,0.5612722,0.8238761,0.9034354,0.14826573,0.13831574,0.13501374,0.12954673,0.14809638,0.14143676,0.13303608,0.1274259,0.13302542,0.14582935,0.15946475,0.16747707,0.16727611,0.14771467,0.15350738,0.121982105,0.15162744,0.15001011,0.12830944,0.13298826,0.16824237,0.14507952,0.14070699,0.13476078,0.14465968,0.14877583,0.1347665,0.14221567,0.13138628,0.13855903,0.14550056,0.14426911,0.12439197,0.12303262,0.116601475,0.137467,0.1371164,0.15316649,0.1345291,0.15886912,0.15819868,0.15220664,0.10350056,0.121927306,0.12271368,0.11462823,0.14425403,0.10797015,0.13048469,0.10890553,0.14141807,0.123385414,0.11994638,0.11702269,0.12468416,0.12782083,0.16174096,0.1330278,0.14606173,0.14163911,0.13262422,0.15887102,0.16877447,0.16611972,0.17542373,0.14635128,0.13799231,0.12277017,0.13498327,0.15896425,0.1345737,0.12739879,0.16040604,0.15908335,0.14476311,0.14492266,0.1357323,0.14294244,0.12627956,0.13196355,0.13528837,0.15379193,0.15285908,0.15069993,0.13741219,0.12293944,0.12536058,0.13220122,0.14417538,0.15137583,0.13322721,0.15939707,0.16701551,0.14365822,0.09891646,0.12401981,0.11057477,0.10256934,0.13697752,0.107798256,0.12790114,0.1012627,0.14778304,0.12181527,0.1405738,0.11295287,0.13418053,0.10788524,0.1548291,0.121964045,0.14016104,0.13742952,0,normal,normal_breathing_01
0.4385896,0.3028619,0.69053596,0.046587233,0.5389148,1.8630159,0.19289377,0.6392928,0.30172992,0.43478933,0.75,0.3125,18.75,0.46842247,0.5315775,0.75838464,0.8962007,0.1483187,0.14115532,0.13383001,0.1278494,0.14711307,0.14358401,0.13202164,0.12794113,0.12523527,0.14936209,0.17267597,0.15663037,0.17081915,0.14436626,0.14633237,0.11484398,0.14955795,0.16073753,0.13172103,0.13959913,0.16626199,0.15228732,0.14496472,0.13716878,0.13350327,0.15262695,0.13259706,0.1396048,0.13451701,0.14495362,0.15254758,0.14839678,0.13100365,0.13084757,0.12559627,0.1370186,0.13219815,0.15478386,0.12985829,0.14334774,0.15104888,0.15805387,0.10434607,0.13689195,0.124096245,0.10549002,0.13706014,0.10935026,0.13328125,0.10723172,0.14396583,0.12779915,0.12271508,0.11974089,0.13729754,0.13051224,0.148008,0.11717404,0.13592246,0.1290438,0.12388783,0.16236995,0.17156234,0.15815055,0.16897725,0.1506828,0.12823501,0.12988766,0.13212353,0.15644498,0.13170707,0.1352821,0.16315874,0.16015548,0.14938097,0.14541866,0.13551524,0.15257873,0.1305619,0.12468279,0.1381932,0.15664431,0.15245087,0.15560073,0.13471653,0.13069277,0.1305952,0.1271894,0.14125857,0.15070504,0.13143215,0.14738983,0.15821387,0.14342368,0.10205696,0.13129684,0.11157157,0.10276805,0.13838005,0.1127157,0.12551376,0.10391341,0.14761981,0.13230091,0.13539584,0.11741733,0.1412892,0.114931524,0.1451805,0.11602703,0.13756156,0.13336815,0,normal,normal_breathing_01
0.4649436,0.36066014,0.7757073,0.05601987,0.60973275,1.8707458,0.20634946,0.6399277,0.32245746,0.38231087,0.6805556,0.3125,18.75,0.32378793,0.6762121,1.1276665,0.92981875,0.14914408,0.14118455,0.13304864,0.12820265,0.14836922,0.14218712,0.13133456,0.12950261,0.1314009,0.15263952,0.16676132,0.16361913,0.16893244,0.14355548,0.14619656,0.13404508,0.14296485,0.15194288,0.12524287,0.13920265,0.17236935,0.16323827,0.1371799,0.14973128,0.14173014,0.14633799,0.13209334,0.13712753,0.13449115,0.13229163,0.15207282,0.14909092,0.12769467,0.13231954,0.12401691,0.12998673,0.14044301,0.14519829,0.13427939,0.13850735,0.15393661,0.14565495,0.10174778,0.13148847,0.13672698,0.10578154,0.14186423,0.117488526,0.12878999,0.109090574,0.13841733,0.12658972,0.13892928,0.1244261,0.13448896,0.1285027,0.14004056,0.11752675,0.13868196,0.12366203,0.13404417,0.15674736,0.16272034,0.16520974,0.16324379,0.15560916,0.13217583,0.14737733,0.12931867,0.14405058,0.12460386,0.13772734,0.1759718,0.16699195,0.1447993,0.1543837,0.14285132,0.14272611,0.12991758,0.12693205,0.13980041,0.14606628,0.14348447,0.15314864,0.124551594,0.13277909,0.12783739,0.11890955,0.14776796,0.13638146,0.13211258,0.13783908,0.15517336,0.13475922,0.10479872,0.12617825,0.13048595,0.10884436,0.14626145,0.124865465,0.12212487,0.1085298,0.14003837,0.13263686,0.14483996,0.12409536,0.13226227,0.12175049,0.14161918,0.11837919,0.14127922,0.13111289,0,normal,normal_breathing_01
0.5005018,0.33007395,0.659486,0.053173386,0.6407894,2.0502412,0.20634946,0.63966817,0.3225883,0.36602437,0.7777778,0.3125,18.75,0.21374717,0.78625286,1.5429614,0.9316275,0.1495269,0.14059539,0.1332602,0.12846796,0.14697698,0.14049937,0.13211282,0.1319591,0.1399227,0.14437482,0.16475478,0.17267105,0.16406134,0.1447747,0.14679307,0.13404831,0.1437489,0.14821512,0.12661935,0.14270955,0.17115594,0.17188637,0.13825238,0.14997557,0.1392005,0.13610798,0.12955138,0.13488398,0.13578649,0.13577808,0.14566287,0.14720865,0.13038416,0.13306177,0.12358589,0.1286097,0.14346208,0.13858476,0.13482448,0.13239293,0.15188454,0.1496832,0.10492642,0.13202424,0.14259668,0.11097291,0.13883486,0.123456225,0.12859996,0.116907924,0.13056056,0.12800565,0.13805428,0.12119035,0.13171135,0.13149253,0.13826981,0.11770759,0.14045028,0.12367703,0.1408058,0.1476486,0.15520644,0.16978468,0.15974183,0.1617108,0.13033025,0.15077706,0.12352962,0.13478266,0.12177248,0.14186469,0.17274584,0.16696917,0.14259647,0.1514886,0.14348188,0.13622941,0.12614402,0.1253732,0.14148493,0.14828885,0.14179988,0.1533788,0.11664651,0.1326101,0.12939915,0.11590973,0.14722101,0.13516796,0.13246995,0.12947609,0.15150794,0.13902983,0.105592035,0.13446806,0.1393197,0.11333891,0.1445663,0.12555413,0.1177747,0.11355447,0.14081071,0.13818195,0.14470609,0.12452964,0.13743861,0.12707031,0.14065598,0.11831184,0.15074359,0.13613616,0,normal,normal_breathing_01
0.41221562,0.37096283,0.8999242,0.047869466,0.5102304,1.8355424,0.22657803,0.6325327,0.35820758,0.35316458,0.7638889,0.3125,18.75,0.22155522,0.77844477,1.5070834,0.92643374,0.14888453,0.14134653,0.13097331,0.1304003,0.1469638,0.13924503,0.12902781,0.135115,0.14803104,0.13855882,0.15580931,0.17311291,0.1443948,0.15577184,0.14965114,0.14385003,0.13754877,0.13127145,0.13103473,0.15344189,0.17302217,0.17404823,0.15373658,0.14622125,0.14974932,0.12045626,0.13159676,0.1281029,0.15220013,0.1575479,0.123046875,0.13893431,0.12526955,0.13659485,0.12161449,0.115861736,0.1452544,0.11307295,0.14489916,0.117805734,0.13941015,0.15062177,0.11340327,0.13604556,0.1460982,0.11883833,0.13972728,0.1330439,0.12830187,0.12999399,0.13343742,0.13762254,0.12656479,0.1226892,0.13054897,0.13346492,0.12707062,0.12810236,0.14213231,0.12223107,0.14962755,0.14581576,0.14591283,0.16852382,0.13534088,0.1754692,0.13692129,0.15910454,0.12056345,0.11676231,0.12717262,0.15426768,0.17504749,0.16027994,0.15545565,0.14579132,0.15575443,0.12738338,0.13067526,0.120565794,0.1500593,0.16168371,0.11766897,0.1455542,0.10091841,0.13839503,0.12862442,0.097341865,0.14891842,0.11131786,0.13810584,0.11126466,0.14076795,0.13856122,0.11510648,0.13850364,0.14170122,0.12058232,0.14656569,0.13418199,0.118114054,0.12547636,0.14357117,0.15034167,0.13216849,0.13060646,0.13996871,0.12449181,0.12898146,0.1274216,0.15846975,0.14270139,0,normal,normal_breathing_01
0.41931778,0.3603999,0.8594911,0.045610324,0.5812769,1.826703,0.112115376,0.6302195,0.17789891,0.3998716,0.7361111,0.1953125,11.71875,0.3438008,0.65619916,1.0676928,0.9207286,0.14911322,0.14174615,0.1314444,0.12905075,0.1477984,0.14037009,0.12851265,0.13377474,0.15280674,0.13422441,0.15862983,0.17074195,0.14492013,0.15131913,0.14755249,0.15150762,0.13725957,0.13696314,0.13438463,0.14759125,0.17057097,0.17573746,0.14780119,0.15120909,0.14615637,0.12244195,0.1324589,0.13017386,0.15879981,0.16233702,0.12070828,0.13667789,0.12727015,0.13092797,0.118227266,0.110399716,0.1464845,0.105783805,0.14880177,0.124764875,0.13724187,0.14539407,0.11600934,0.1321738,0.15497597,0.12783787,0.14068224,0.12906994,0.12582515,0.13193427,0.13090295,0.13602205,0.12269846,0.11902034,0.13044737,0.12656066,0.13515858,0.12810291,0.14125367,0.12066334,0.15089117,0.1429903,0.14581221,0.16409531,0.13422659,0.17115504,0.13733453,0.16259864,0.122738905,0.12126604,0.13146517,0.15991676,0.17688864,0.1613309,0.15711318,0.14381577,0.1617748,0.12937431,0.13264762,0.1289289,0.14942293,0.15776424,0.117660105,0.14490183,0.09988143,0.14019519,0.12561837,0.098076254,0.1506047,0.109050564,0.13434133,0.113607615,0.13298924,0.13874653,0.11501673,0.13641736,0.14237703,0.12580815,0.14801055,0.13537672,0.1180908,0.12756653,0.13581033,0.1516691,0.12389294,0.12716767,0.1318732,0.1293672,0.13477649,0.123268254,0.1567328,0.14347953,0,normal,normal_breathing_01
0.4117514,0.36190593,0.87894285,0.04638504,0.52968353,1.8688037,0.13600199,0.6508926,0.20894688,0.43814263,0.8333333,0.1953125,11.71875,0.4167332,0.5832668,0.87530905,0.9101139,0.15028581,0.14255291,0.13023867,0.12814002,0.14884552,0.1413371,0.12716857,0.1330424,0.15892962,0.1345098,0.15354234,0.16805609,0.13829125,0.1547291,0.1466298,0.15447867,0.1456377,0.13247019,0.14100264,0.15615356,0.1692847,0.17608221,0.14787593,0.15763068,0.15081175,0.122101516,0.13151468,0.13499615,0.1563463,0.15439573,0.12778105,0.13678877,0.12234217,0.13452086,0.11933669,0.113865435,0.14603652,0.10596378,0.14451915,0.12750563,0.12955971,0.14315698,0.11367511,0.1283398,0.15520604,0.1291015,0.13683623,0.12823373,0.12220137,0.13377576,0.121542454,0.13768622,0.13107902,0.11211344,0.14064427,0.1303261,0.12591042,0.121137634,0.14133292,0.1198369,0.15659739,0.13641283,0.14499599,0.15615788,0.13091074,0.17465442,0.13614428,0.16141132,0.13530082,0.118550144,0.14315835,0.16519822,0.17549945,0.16093028,0.15530346,0.15445603,0.1655146,0.1309006,0.13670567,0.1350076,0.14966524,0.14177892,0.12776946,0.14076142,0.09472895,0.14386003,0.12388775,0.10120326,0.1532497,0.10583378,0.1325012,0.119383916,0.12600306,0.13240036,0.114114285,0.13361798,0.14552903,0.12263906,0.14282802,0.13314591,0.11568026,0.13616663,0.1283681,0.15235701,0.1319135,0.1196021,0.14373745,0.13279215,0.1213612,0.12509072,0.15143628,0.13789989,0,normal,normal_breathing_01
0.40584755,0.28746757,0.7083141,0.042952247,0.55195487,1.8688037,0.13600199,0.6508926,0.20894688,0.4757788,0.5416667,0.1953125,11.71875,0.389872,0.610128,0.9419368,0.90247387,0.15346374,0.14168644,0.12869868,0.12564091,0.14967196,0.13934304,0.12834641,0.13198915,0.17067957,0.1340905,0.14251605,0.17570212,0.13788354,0.16041157,0.15429889,0.16021019,0.14777312,0.13070485,0.15047498,0.15618293,0.17410024,0.18050557,0.14772518,0.1613875,0.15129405,0.111824445,0.1298005,0.14012566,0.16350378,0.15593335,0.121266745,0.12772185,0.12137206,0.12946296,0.11773229,0.117547266,0.1509054,0.100985855,0.13974407,0.12967476,0.12783626,0.13710278,0.11745625,0.11323274,0.16032854,0.12692519,0.13361138,0.14124261,0.120352894,0.1334949,0.10791289,0.13216345,0.13713193,0.107665256,0.12998833,0.12241119,0.1296557,0.11512717,0.14202791,0.114157625,0.16696475,0.13059732,0.13562173,0.1551789,0.12883677,0.17817979,0.14053762,0.16091534,0.14563876,0.11353128,0.1514029,0.16650584,0.17182435,0.15792245,0.15739663,0.15878145,0.16314246,0.11671005,0.14200114,0.14196873,0.14639035,0.1352993,0.12600207,0.13294801,0.08991589,0.14298098,0.12544423,0.099064566,0.16073222,0.096111625,0.13800624,0.13228408,0.12499181,0.13328782,0.12055341,0.12389981,0.15410475,0.12273186,0.13729091,0.13783176,0.11435037,0.14804521,0.11452394,0.14936931,0.14374666,0.11622573,0.14264213,0.12622534,0.11725527,0.12040657,0.15093395,0.1343028,0,normal,normal_breathing_01
0.35141948,0.2508104,0.7137066,0.03161746,0.5284984,1.3697886,0.12912424,0.30439794,0.42419547,0.1867565,0.6666667,0.1953125,11.71875,0.42599577,0.57400423,0.85332584,0.9597305,0.15271816,0.13999602,0.13047865,0.12634441,0.1481583,0.1362366,0.12958814,0.13301769,0.17473146,0.14012931,0.13800374,0.17187075,0.13719204,0.15755118,0.15384787,0.14831716,0.1622785,0.13451079,0.161292,0.16027689,0.14533436,0.17016365,0.1538716,0.14824516,0.15246792,0.10690816,0.12577595,0.13730748,0.16441816,0.16508213,0.12276484,0.11583013,0.12921806,0.12789498,0.123040386,0.11594927,0.15188357,0.110869564,0.14239024,0.14690219,0.12513934,0.14980748,0.1248292,0.11076846,0.14449942,0.127964,0.1221794,0.14992122,0.11541225,0.14576064,0.10249286,0.13617656,0.12634176,0.09527299,0.14262366,0.12216839,0.13344176,0.11284698,0.14048308,0.119535275,0.17076674,0.12977993,0.1218925,0.14033724,0.13023451,0.19088319,0.14527743,0.15409902,0.17282538,0.112291865,0.17074822,0.17053467,0.116387166,0.13744578,0.16833627,0.13789536,0.1719663,0.11329753,0.14609861,0.14463283,0.14206702,0.13022886,0.13274507,0.10994978,0.09471459,0.14169766,0.133872,0.09868998,0.1693292,0.108585015,0.1356037,0.1520481,0.11340178,0.1516698,0.13540874,0.11287392,0.14164397,0.11937314,0.11214657,0.13603564,0.115167044,0.17346236,0.10165664,0.15673892,0.12671746,0.09495794,0.16350457,0.121151656,0.12202489,0.12579954,0.1513671,0.14064616,0,normal,normal_breathing_01
0.31006193,0.33879307,1.0926626,0.036676146,0.4817064,1.1892599,0.21626008,0.318677,0.6786184,0.10613771,0.8055556,0.30273438,18.164062,0.39566794,0.6043321,0.92718,0.96730006,0.15379006,0.1367153,0.13162397,0.12649043,0.150546,0.1348189,0.12927115,0.13249269,0.1690381,0.13678238,0.13021263,0.15084179,0.13585149,0.15882215,0.14528367,0.16335599,0.17115374,0.13466372,0.18264563,0.17826179,0.14235757,0.15096684,0.14310808,0.16678897,0.17262246,0.11859339,0.11825159,0.14349483,0.15979221,0.15333655,0.12713166,0.0973959,0.10923756,0.11657869,0.13726191,0.11998903,0.13238709,0.12660132,0.14324285,0.15678395,0.10958847,0.14637049,0.13325484,0.1109882,0.14345865,0.12738232,0.123802565,0.13525398,0.13297364,0.14180431,0.11396746,0.12949067,0.114683166,0.10318729,0.15803191,0.114466414,0.1418013,0.104947306,0.14081913,0.11294904,0.15806212,0.12828147,0.124466464,0.13783568,0.13414341,0.18676494,0.14547648,0.15732835,0.17985176,0.12374508,0.18352973,0.17513931,0.12247315,0.14081989,0.16179301,0.15460595,0.1820158,0.12414732,0.14466737,0.14304584,0.13407123,0.114592604,0.13073108,0.100181125,0.090292,0.13168252,0.1497076,0.10018407,0.15417115,0.11929174,0.13617392,0.15377307,0.10503911,0.14521869,0.14002979,0.10098172,0.1360387,0.11953806,0.12037739,0.12877677,0.14416316,0.16592553,0.10340678,0.14801659,0.12059569,0.10760547,0.16695523,0.12004169,0.12434816,0.12575173,0.1390138,0.12780437,0,normal,normal_breathing_01
0.31949383,0.28756717,0.9000711,0.03848503,0.4819095,1.2282246,0.2574937,0.31662,0.81325793,0.07478804,0.5833333,0.22460938,13.4765625,0.5271549,0.47284508,0.6402608,0.93031824,0.15427841,0.13551696,0.13132213,0.12807146,0.1528237,0.13306835,0.13115118,0.13152811,0.16327287,0.12498305,0.14201808,0.14501233,0.13863267,0.16254489,0.1411805,0.1768519,0.1699419,0.15295395,0.17979337,0.16504408,0.14338976,0.15699157,0.12764408,0.1752751,0.15727074,0.120197676,0.122585125,0.13857667,0.1476644,0.15189956,0.13104205,0.0957224,0.11032517,0.12652591,0.1482264,0.112754874,0.12720694,0.14470303,0.13980754,0.15341854,0.10978062,0.13711499,0.124156006,0.12612425,0.13224521,0.1267669,0.12488249,0.14513862,0.14216149,0.12809949,0.11218412,0.1212243,0.11923782,0.10667059,0.16190827,0.11252109,0.14216956,0.121692374,0.14010799,0.111813135,0.14990073,0.120646335,0.14776443,0.13183716,0.1421424,0.18879893,0.14413066,0.1730781,0.1805733,0.14231206,0.1762633,0.16395476,0.125306,0.14040971,0.14959952,0.16857478,0.15303284,0.1289006,0.14355437,0.14209506,0.12484746,0.11244206,0.13892287,0.09777811,0.100175336,0.1295558,0.16190165,0.09999158,0.14622244,0.14102688,0.13344853,0.15410224,0.102025986,0.13352305,0.12876236,0.124934345,0.12978664,0.12466768,0.12457202,0.13242678,0.147266,0.14976256,0.10898161,0.1325927,0.12264685,0.10886914,0.16548106,0.116840385,0.13022366,0.13670692,0.13444066,0.12362714,0,normal,normal_breathing_01
0.4605143,0.46512043,1.010002,0.059273466,0.5061692,2.2277594,0.2493225,0.74808556,0.3332807,0.4801229,0.7361111,0.20507812,12.3046875,0.37277597,0.627224,0.98677766,0.9079764,0.16378565,0.13630465,0.112014495,0.13147858,0.160332,0.13698626,0.119061224,0.12949704,0.13733009,0.14252363,0.17143302,0.16631542,0.12508443,0.19912276,0.15994284,0.18722509,0.18021806,0.16280535,0.1859045,0.17094581,0.14036246,0.16026042,0.11849592,0.17910892,0.135249,0.1375494,0.14859898,0.14377618,0.13079384,0.13379085,0.13960116,0.10492934,0.08993387,0.14987256,0.14784382,0.10800749,0.12256929,0.14584127,0.11990395,0.10431069,0.0757726,0.11120187,0.09338462,0.13603194,0.0849136,0.085959226,0.12044805,0.1441693,0.139351,0.092539355,0.13456476,0.13185269,0.14490801,0.126818,0.1542438,0.106793694,0.13662827,0.13814875,0.13842285,0.1207811,0.12787479,0.13022989,0.18009801,0.1528244,0.13387346,0.19377932,0.15891582,0.1849303,0.17709655,0.16372128,0.18157579,0.16291104,0.13648531,0.15725136,0.13180809,0.17727461,0.11949887,0.13962394,0.15649164,0.15060171,0.12942842,0.13392468,0.1387911,0.11016759,0.09762044,0.1383389,0.15767474,0.112623684,0.12650813,0.1532738,0.12505044,0.11224653,0.08237806,0.117183834,0.10105945,0.1412875,0.09367112,0.09969277,0.12514582,0.13027492,0.13874324,0.110611536,0.13461532,0.12640496,0.13060503,0.11792772,0.15109864,0.10690763,0.132589,0.14701131,0.13776684,0.11890541,0,normal,normal_breathing_01
0.47277316,0.43497577,0.92005175,0.057441164,0.47571805,2.2277594,0.2493225,0.74808556,0.3332807,0.46377638,0.6666667,0.22460938,13.4765625,0.34285656,0.6571434,1.070443,0.9245783,0.16275768,0.1360832,0.11223598,0.1322768,0.1604233,0.13665254,0.11962525,0.12812002,0.13550362,0.14506097,0.1763985,0.16668671,0.11991569,0.19706231,0.16106619,0.18811665,0.17880782,0.16317274,0.18038775,0.16658063,0.13709034,0.16277903,0.112898394,0.17537367,0.13270368,0.14605112,0.14618531,0.14257124,0.12843664,0.1324407,0.13822013,0.10654939,0.091404885,0.1534673,0.1516669,0.103854485,0.119505435,0.14778757,0.12320148,0.10054716,0.07161556,0.10800597,0.09536942,0.14268775,0.08542088,0.08304227,0.12636288,0.14497726,0.14544228,0.08803562,0.13601178,0.13256863,0.14376841,0.13419065,0.145434,0.109321944,0.13683037,0.13861357,0.14110908,0.12329485,0.12131082,0.13118695,0.18486878,0.15524702,0.13343887,0.18962608,0.16168581,0.18820864,0.17139761,0.16910997,0.1813994,0.15936618,0.13865677,0.16053638,0.12529942,0.17515478,0.11095381,0.14073841,0.1578385,0.14968525,0.13140497,0.14019527,0.13527308,0.115343235,0.09755107,0.13650884,0.16203542,0.11166725,0.12064306,0.16374587,0.12469711,0.10248251,0.07641591,0.121387936,0.10123743,0.15020351,0.090447314,0.1006108,0.12955408,0.1271112,0.14247443,0.100296564,0.13932544,0.12418446,0.12538712,0.120279506,0.14152402,0.10664697,0.13517845,0.1505902,0.13847153,0.11409037,0,normal,normal_breathing_01
0.488145,0.4277915,0.87636155,0.057739105,0.6091613,2.2233033,0.18997464,0.74808556,0.25394773,0.4549243,0.5972222,0.22460938,13.4765625,0.3677748,0.6322252,1.0002844,0.9481577,0.15994965,0.13712673,0.11403732,0.13283643,0.16083422,0.13766094,0.11792425,0.12778382,0.12659402,0.14954175,0.1721049,0.16205016,0.12456645,0.19168767,0.16993089,0.18418153,0.17534165,0.15369609,0.17537956,0.16352582,0.13074481,0.1589513,0.11488338,0.17203957,0.16758284,0.14160712,0.14111678,0.13572574,0.12335912,0.12977943,0.1308867,0.11096564,0.09814028,0.1576097,0.16469118,0.1045834,0.12075138,0.14467643,0.12356219,0.10355829,0.07193603,0.1088632,0.09527208,0.15319057,0.08422395,0.07904775,0.12812875,0.13650224,0.14560148,0.08972429,0.13778178,0.13926718,0.14863896,0.13125081,0.14094776,0.112856016,0.13065103,0.13783784,0.140615,0.13519913,0.1203252,0.13083518,0.18489207,0.15606973,0.14022936,0.18617009,0.17009382,0.18804166,0.1676213,0.16900718,0.18050383,0.15718456,0.13987097,0.1623782,0.1233372,0.1730236,0.13290939,0.1381993,0.15144132,0.1469635,0.13301195,0.14093041,0.13212946,0.11358998,0.102812685,0.13886522,0.16547477,0.11551607,0.11862425,0.16556892,0.11715624,0.089300886,0.07407851,0.11862892,0.097095445,0.15921228,0.08561749,0.09671051,0.13003093,0.12430834,0.14251627,0.09037981,0.1425418,0.12650998,0.12675147,0.119243786,0.13692318,0.110280596,0.13480099,0.14953957,0.13880853,0.118585296,0,normal,normal_breathing_01
0.5034852,0.44639823,0.8866164,0.059977304,0.7029198,2.1626482,0.19347642,0.69906944,0.2767628,0.35938776,0.5972222,0.20507812,12.3046875,0.37811416,0.62188584,0.97255915,0.9387561,0.15933853,0.13920622,0.113911375,0.13165496,0.1588637,0.14097553,0.11830326,0.12700269,0.12693273,0.14812513,0.17487496,0.15877256,0.12957047,0.18621142,0.17359528,0.18249446,0.1723736,0.15350363,0.17625055,0.16054039,0.12815577,0.15506154,0.11668783,0.17152372,0.17489333,0.14455344,0.136875,0.13297,0.123639815,0.1279349,0.13354525,0.115943834,0.1111531,0.164899,0.16421516,0.1074107,0.114212364,0.14658247,0.115516916,0.095701784,0.070313476,0.10464813,0.10296259,0.16168,0.08892411,0.083286986,0.12539317,0.13110834,0.153905,0.08771242,0.13621286,0.13521533,0.15082319,0.13369724,0.13510679,0.11455421,0.1289299,0.13577938,0.13688754,0.13158235,0.122341,0.13763446,0.18372221,0.14914826,0.14249049,0.17561118,0.17631684,0.183243,0.15889429,0.16377664,0.17982616,0.15699054,0.13523282,0.15355007,0.124661885,0.17366424,0.1527748,0.14232638,0.1429338,0.13729404,0.134354,0.13994275,0.13315773,0.12192341,0.12188396,0.15421481,0.16672444,0.11823288,0.109187536,0.16208406,0.11182494,0.09407829,0.0751761,0.1084479,0.10629777,0.17208865,0.08797177,0.099486016,0.12634206,0.117703855,0.15194586,0.088495016,0.13897772,0.123292916,0.1377717,0.12380779,0.13038176,0.11411045,0.1298695,0.14186327,0.13345028,0.119364776,0,normal,normal_breathing_01
0.5179514,0.43287885,0.83575183,0.06253104,0.7147131,2.2285023,0.1728322,0.6919427,0.24977823,0.29844978,0.7916667,0.1953125,11.71875,0.4327053,0.5672947,0.8376984,0.8986605,0.15887037,0.14048542,0.115296096,0.13106105,0.1588357,0.14258015,0.11989518,0.12539738,0.13332392,0.15321907,0.16962129,0.15987597,0.12980746,0.18238273,0.17447667,0.17828321,0.17547727,0.14792922,0.17733532,0.15601423,0.12756844,0.15209953,0.12450762,0.16256304,0.16985832,0.14931726,0.13444163,0.12966068,0.13263273,0.13239011,0.13366571,0.12001718,0.11965731,0.16549937,0.16385137,0.1085553,0.11131582,0.1439375,0.11452826,0.10848342,0.074497566,0.10561949,0.110775694,0.16038781,0.09030827,0.086466484,0.12012224,0.12771498,0.15169112,0.09306166,0.13213453,0.13583441,0.14795958,0.13422285,0.1281198,0.11887632,0.12671508,0.13839781,0.13537195,0.13369356,0.13350457,0.14599948,0.17589155,0.14601614,0.13883664,0.16965751,0.17712612,0.17752257,0.1670632,0.15592422,0.18405259,0.15616769,0.13710183,0.14800839,0.1326091,0.16498238,0.14824659,0.15061024,0.13737157,0.1298009,0.14533144,0.14253266,0.13696848,0.12815228,0.13195325,0.15697473,0.16344243,0.119894624,0.10472714,0.15571381,0.10922369,0.10948499,0.0814414,0.11263327,0.117435135,0.17038423,0.09270184,0.1008778,0.12067697,0.11185437,0.14775668,0.09250549,0.13361189,0.1240685,0.13506721,0.12473964,0.119211555,0.11427267,0.12666687,0.14374048,0.13337897,0.123291634,0,normal,normal_breathing_01
0.50805885,0.5685237,1.1190114,0.061586678,0.7081092,2.214785,0.18506615,0.69540954,0.2661254,0.29577196,0.7777778,0.3125,18.75,0.25951514,0.7404849,1.3489403,0.9119058,0.15996227,0.14031816,0.11449509,0.13104375,0.15791899,0.14363168,0.1194702,0.12602574,0.13541743,0.15559486,0.1698152,0.162845,0.13279754,0.18220496,0.17544281,0.17151989,0.18420912,0.15021789,0.17660595,0.15345874,0.12938003,0.1464058,0.12759487,0.15917636,0.1686766,0.15909673,0.13379842,0.12758373,0.13622528,0.12596086,0.13633849,0.12299431,0.118658595,0.1616259,0.16142839,0.110173374,0.10944275,0.13912566,0.11251401,0.10623367,0.07364576,0.1058483,0.11328099,0.1569714,0.09418493,0.084049486,0.12153747,0.12472284,0.15297018,0.099561244,0.13215318,0.13528617,0.14969116,0.13574263,0.12243112,0.11838356,0.12641221,0.1336789,0.13804051,0.13449499,0.13374089,0.14723936,0.1716265,0.14629479,0.13584849,0.16688067,0.17818095,0.17185207,0.17111912,0.15422665,0.18336263,0.15521269,0.137362,0.14534909,0.13497855,0.15916584,0.15157405,0.15743339,0.13876237,0.12727724,0.1511525,0.14126264,0.13603066,0.13461676,0.13184686,0.15776193,0.15974198,0.12332803,0.104394756,0.15021372,0.106599696,0.107771695,0.08210414,0.11556077,0.11958514,0.16941425,0.09430976,0.09648672,0.123601936,0.11023301,0.14969395,0.096330166,0.13343053,0.12721251,0.13606462,0.12633702,0.11447515,0.1145903,0.12535998,0.14088762,0.13980602,0.12391369,0,normal,normal_breathing_01
0.40450364,0.3426785,0.84715796,0.0482973,0.6039446,1.6943011,0.18843487,0.51691854,0.36453494,0.30888864,0.7916667,0.3125,18.75,0.1241169,0.8758831,2.0865314,0.8696153,0.15206714,0.13889244,0.12568602,0.1306545,0.15082832,0.1425267,0.12854934,0.12493679,0.15188254,0.15635847,0.14763245,0.14354791,0.14691499,0.14575343,0.17696305,0.15212047,0.17842619,0.13351251,0.17021023,0.14506328,0.12848723,0.13126871,0.13643621,0.14026853,0.20085756,0.15951851,0.105748534,0.1034047,0.13994373,0.12778135,0.12775297,0.13091356,0.14171347,0.15999384,0.1748713,0.114273176,0.09961044,0.13906007,0.11559187,0.13584651,0.09685283,0.11452223,0.14108175,0.1651541,0.12012395,0.09940543,0.11752468,0.115794405,0.16907439,0.1269929,0.11756768,0.13261473,0.14401972,0.13072132,0.10179487,0.13117939,0.11220673,0.12061258,0.1495341,0.14639558,0.15757687,0.15126894,0.142442,0.12518793,0.14919856,0.13437958,0.18187857,0.15232912,0.17153302,0.13597539,0.17901604,0.14608291,0.13389927,0.123682104,0.14526439,0.13816057,0.18286952,0.16092812,0.11210355,0.093041286,0.15679203,0.14245035,0.1315426,0.14469488,0.15552446,0.16579333,0.16627327,0.12511112,0.09608901,0.1458018,0.09955189,0.13750914,0.10576935,0.121689014,0.14832886,0.17655772,0.12029223,0.1109946,0.11717343,0.10149221,0.16758206,0.1172712,0.11537984,0.13039702,0.13676849,0.124774285,0.09123139,0.12296291,0.111506656,0.12722981,0.14305665,0.1345258,0,normal,normal_breathing_01
0.39042196,0.3334831,0.85416067,0.047905035,0.5575942,1.6943011,0.2147296,0.5156516,0.4164238,0.30588064,0.75,0.3125,18.75,0.116075866,0.8839241,2.1535113,0.88561416,0.14948729,0.13925026,0.13022597,0.1287686,0.1498618,0.14177006,0.13028589,0.12504111,0.15501316,0.15422468,0.13411058,0.14362036,0.15346475,0.140418,0.17451873,0.14194386,0.17212935,0.13219182,0.1698009,0.14038935,0.13150918,0.1257589,0.14405383,0.13886292,0.20157625,0.14933094,0.10444669,0.105517335,0.14585736,0.14543584,0.11832916,0.13062994,0.14697771,0.15347652,0.17649421,0.12348537,0.09749031,0.14159271,0.111483715,0.14026472,0.11152099,0.11790523,0.15289688,0.16721797,0.13187568,0.10840151,0.11230827,0.11431053,0.16745761,0.13051091,0.11585116,0.12434152,0.13779622,0.119093895,0.092702396,0.13020769,0.11916007,0.12627116,0.15110941,0.14517915,0.1614156,0.15145935,0.13577788,0.12884407,0.15053634,0.13353482,0.18052994,0.14689673,0.17250097,0.13412811,0.17319694,0.1472741,0.13210861,0.12322533,0.14612697,0.13691054,0.1840799,0.16111101,0.10391743,0.09132931,0.156986,0.14397007,0.1293867,0.14366451,0.15979971,0.16250332,0.16388215,0.1285488,0.09566098,0.13989092,0.10510641,0.13968751,0.11101487,0.12244578,0.15292981,0.17737009,0.12742516,0.11487531,0.11487867,0.10579295,0.16880018,0.115485236,0.110946305,0.12364665,0.13906717,0.12315765,0.0869969,0.1287411,0.11772238,0.12645726,0.14376694,0.13495371,0,normal,normal_breathing_01
0.35403645,0.32603085,0.92089623,0.0467123,0.51742476,1.4850017,0.19090748,0.4757873,0.40124542,0.28832772,0.8055556,0.3125,18.75,0.30472073,0.69527924,1.1883595,0.8769934,0.15215299,0.13914177,0.13118723,0.12720093,0.15145305,0.14156346,0.13183029,0.124254026,0.16451675,0.14514518,0.1485963,0.14838785,0.15233375,0.13652833,0.1635246,0.123845346,0.1640575,0.15690376,0.16270626,0.15008722,0.16135602,0.12431024,0.14754133,0.13667162,0.15640163,0.16156285,0.110623576,0.12688696,0.14223756,0.1397397,0.13691218,0.13083962,0.15389086,0.14122479,0.15600562,0.13125135,0.094088,0.13693939,0.12521173,0.13856137,0.12343959,0.11831222,0.16102767,0.14575188,0.14795236,0.122091,0.10480182,0.12623285,0.16452615,0.13901217,0.11283802,0.110953055,0.12958992,0.11647833,0.08809117,0.1425015,0.11836071,0.12318064,0.1529156,0.12893204,0.16505967,0.14609502,0.1463667,0.13368717,0.14928031,0.12840839,0.17045282,0.13580127,0.16284698,0.15268995,0.16614226,0.15607016,0.15598889,0.12779732,0.14172228,0.13548835,0.15939419,0.16297948,0.10813288,0.110128276,0.1571357,0.1388771,0.13497058,0.14566268,0.16573246,0.15230373,0.14961195,0.13460138,0.09703037,0.13716617,0.11984658,0.13761418,0.11583849,0.124159284,0.15859306,0.16346328,0.1360341,0.123557724,0.116277166,0.11344099,0.16697212,0.11579196,0.113072015,0.11546591,0.13372627,0.12096124,0.08550134,0.13832498,0.12141657,0.12623253,0.14185937,0.122536995,0,normal,normal_breathing_01
0.3356238,0.28593555,0.85195255,0.043041296,0.5043098,1.4370439,0.21007776,0.41020945,0.51212317,0.18403614,0.6666667,0.26367188,15.8203125,0.40025192,0.5997481,0.91566116,0.90672743,0.15108824,0.13707463,0.13524869,0.1261505,0.15078434,0.13834661,0.13789985,0.121984415,0.16578603,0.13566233,0.14629453,0.14727415,0.15921229,0.13144909,0.1522002,0.10863995,0.16029853,0.17547351,0.15495144,0.14848709,0.17841783,0.12724324,0.1461328,0.134277,0.14115949,0.15812334,0.11016344,0.13538998,0.1524194,0.13810927,0.13785884,0.1335938,0.14901933,0.118480265,0.15517385,0.150367,0.10008668,0.13916995,0.1400886,0.13670854,0.13484009,0.120791495,0.15657166,0.124907464,0.14807588,0.13650763,0.11494416,0.13341677,0.14801405,0.14298764,0.12531058,0.10591177,0.11751193,0.10499603,0.08693166,0.14330359,0.116864085,0.1269024,0.15880139,0.12900454,0.16875994,0.13248663,0.14596474,0.13026866,0.15275067,0.11486537,0.15645266,0.11546528,0.16505101,0.17592135,0.15858667,0.15999071,0.18363282,0.13274805,0.13832465,0.13516146,0.13334513,0.15859899,0.10782024,0.13132395,0.16602974,0.13320735,0.13370064,0.14885381,0.15774287,0.12164907,0.14314349,0.15566961,0.10431408,0.14300069,0.14176479,0.13992904,0.13280286,0.12996082,0.15583764,0.13958573,0.14446448,0.1417411,0.120483585,0.124405585,0.14581586,0.12026494,0.124011435,0.10826134,0.116232686,0.10594209,0.08143528,0.13828476,0.11998202,0.13633412,0.14820866,0.116618566,0,normal,normal_breathing_01
0.33203414,0.29315338,0.88290125,0.040617254,0.47255003,1.4182194,0.22188905,0.42306677,0.5244776,0.20247328,0.8333333,0.20507812,12.3046875,0.26797813,0.73202187,1.31685,0.91250014,0.14763857,0.13467248,0.14077424,0.12566747,0.14504083,0.13355128,0.14541692,0.12292205,0.16771384,0.11575492,0.15095118,0.13532826,0.16846159,0.13778031,0.14637898,0.10870625,0.1477762,0.1831005,0.13053495,0.14281966,0.18399487,0.1244519,0.13919963,0.13252945,0.124000415,0.15270089,0.1135981,0.14560528,0.15113138,0.15613429,0.12350996,0.139046,0.14800821,0.100826666,0.13623045,0.1566784,0.12617163,0.14096634,0.14985842,0.119577706,0.15999104,0.13343716,0.15190877,0.119609475,0.16352569,0.14421244,0.12789747,0.14571461,0.13227564,0.14262286,0.12583296,0.11213582,0.11949346,0.08331111,0.09172363,0.14866006,0.1156497,0.13348468,0.15330997,0.12946264,0.16366036,0.1059428,0.15536205,0.1262716,0.17152365,0.11095182,0.14577293,0.11165786,0.14041947,0.18856409,0.12372816,0.15033153,0.19134432,0.13176711,0.13193193,0.12964988,0.12193274,0.1351143,0.10589047,0.14648718,0.16585897,0.1529395,0.108281076,0.15554707,0.15307046,0.097695954,0.120588146,0.1690029,0.1424341,0.1467707,0.15946043,0.122883424,0.15996666,0.14387934,0.15300678,0.12779622,0.14828672,0.1571535,0.13919102,0.14695367,0.13008451,0.12618908,0.12783481,0.11801433,0.1174557,0.08126149,0.08356161,0.15469976,0.12208459,0.13847183,0.13681176,0.11456346,0,normal,normal_breathing_01
0.3499713,0.28110024,0.8032094,0.04137659,0.50533974,1.446534,0.24089782,0.42482027,0.5670582,0.16793412,0.5833333,0.1953125,11.71875,0.21178056,0.78821945,1.5522046,0.8993615,0.14535911,0.1354238,0.14417313,0.12471561,0.14431098,0.13434507,0.14661103,0.12168217,0.16530861,0.11453051,0.15479204,0.13662621,0.16681524,0.14169073,0.13835521,0.12459151,0.12614807,0.16283138,0.14450973,0.14165859,0.17181067,0.1329007,0.14347962,0.13414907,0.12835778,0.142932,0.11050781,0.14050843,0.15044916,0.163871,0.11098609,0.14322802,0.15829493,0.100844644,0.13004921,0.14572638,0.134281,0.1464871,0.1549448,0.116414435,0.16142394,0.1565197,0.15547428,0.12861499,0.16374563,0.14266227,0.13790697,0.1419031,0.1284745,0.13649906,0.11694778,0.13364919,0.11718275,0.08221437,0.096344344,0.14546128,0.1239279,0.12673654,0.13367333,0.13828881,0.16191185,0.111384556,0.15977542,0.12877643,0.17330119,0.11363068,0.13916385,0.118316256,0.122939214,0.17988038,0.13404346,0.14762142,0.18529807,0.13695887,0.14172554,0.13256557,0.12947777,0.12269277,0.105843164,0.14598359,0.16496454,0.1578646,0.09972324,0.15285292,0.15727529,0.098557994,0.11682648,0.15934779,0.14749934,0.15074386,0.16475485,0.118634194,0.16274782,0.15525311,0.15697464,0.121339865,0.15018526,0.15994176,0.14169438,0.14868852,0.12613457,0.122471064,0.119736895,0.12873924,0.11559355,0.078111365,0.08674849,0.15579514,0.12594327,0.13408151,0.11469875,0.12512578,0,normal,normal_breathing_01
0.3466224,0.2984027,0.86088693,0.039136272,0.47721353,1.3898032,0.16387826,0.43929717,0.3730465,0.22498243,0.6666667,0.20507812,12.3046875,0.26564932,0.7343507,1.3255782,0.8843047,0.1461504,0.13768879,0.14437197,0.12133814,0.14312142,0.13689074,0.14721046,0.119116776,0.16009523,0.117065996,0.1572253,0.1441462,0.16492453,0.14762412,0.14638487,0.13016161,0.11876688,0.15763266,0.14157261,0.14011484,0.17424025,0.1326535,0.15487956,0.13680775,0.12531649,0.14267743,0.12304539,0.14319386,0.15070607,0.16016912,0.11649517,0.14539857,0.1576511,0.1009602,0.12487394,0.14613739,0.13495126,0.14479908,0.15313692,0.112530075,0.1585015,0.15610051,0.15815839,0.1406709,0.1576583,0.14630374,0.14301352,0.13921326,0.12608443,0.13478772,0.12074964,0.12976906,0.11269889,0.07777169,0.093289256,0.14577664,0.1248121,0.12538487,0.118647486,0.12841074,0.15244949,0.11617705,0.15972197,0.13169973,0.17058055,0.11846773,0.14583334,0.117700346,0.10929066,0.17396246,0.12855424,0.1496378,0.1865031,0.13723914,0.15751462,0.13357523,0.1317968,0.12203169,0.11781684,0.151018,0.17385682,0.1485974,0.10237275,0.15722057,0.15493311,0.0916067,0.11523981,0.16041285,0.14798976,0.14336057,0.16602007,0.11478993,0.15980409,0.15977795,0.15814532,0.12717739,0.14635248,0.16570981,0.14895599,0.14564356,0.1186348,0.1247509,0.12167611,0.122565515,0.10944854,0.07560951,0.0839611,0.15974022,0.12671441,0.13118927,0.10918679,0.119397365,0,normal,normal_breathing_01
0.34639177,0.38531265,1.1123608,0.04280995,0.51257694,1.3984865,0.21204118,0.44732836,0.47401688,0.23328444,0.7222222,0.22460938,13.4765625,0.47459108,0.5254089,0.7453017,0.91675985,0.1483522,0.13966577,0.14235355,0.11911713,0.14711288,0.13729033,0.14396743,0.11950112,0.15378775,0.114658475,0.16065994,0.1422763,0.17030706,0.14665908,0.1577247,0.1326143,0.1254208,0.16486722,0.14284702,0.14199035,0.17476577,0.13252048,0.16061917,0.13825767,0.13223118,0.14639635,0.13401602,0.13826567,0.15028544,0.14598574,0.123516604,0.15407312,0.15556268,0.10392479,0.12069603,0.14348212,0.14091834,0.13934736,0.15103434,0.10968812,0.15683305,0.1570011,0.15003689,0.13732786,0.15011546,0.1438877,0.15022768,0.13711789,0.12462472,0.1331746,0.11683211,0.13329896,0.11524634,0.082334235,0.090156145,0.14407666,0.11681414,0.1190573,0.11341584,0.12237385,0.1520146,0.115751535,0.16066061,0.12605152,0.17825775,0.123502575,0.1579577,0.124089904,0.12990609,0.18030362,0.13565439,0.14860472,0.17971246,0.13438502,0.15811424,0.14163537,0.14167233,0.12757264,0.11407337,0.14268298,0.16781726,0.1397699,0.111714855,0.16254123,0.14783683,0.09495817,0.12318566,0.1582007,0.14338943,0.13924935,0.15456149,0.11753171,0.1609875,0.15656602,0.15122429,0.1206312,0.13512172,0.15969376,0.15123388,0.14107291,0.11898249,0.12623504,0.118629955,0.12635203,0.11467559,0.08286064,0.08656482,0.1479156,0.12382523,0.13017875,0.1172645,0.11895698,0,normal,normal_breathing_01
0.3468195,0.25560322,0.73699206,0.042115316,0.508797,1.3767811,0.20092003,0.41919833,0.47929585,0.21176846,0.7361111,0.30273438,18.164062,0.58703744,0.41296253,0.5326666,0.9054656,0.14865181,0.13947314,0.14067478,0.1220083,0.14818779,0.13771638,0.14084081,0.12282135,0.15501164,0.12183549,0.15151855,0.1410132,0.16521282,0.14752199,0.16319525,0.1446112,0.14493988,0.15931317,0.15245964,0.1401739,0.14566675,0.12743841,0.15824226,0.15165854,0.1443145,0.14418375,0.12621035,0.12458334,0.15314303,0.14906183,0.1116573,0.16483234,0.14264546,0.115179665,0.12003637,0.13652682,0.14412332,0.14665785,0.13975774,0.11241602,0.15531763,0.16485879,0.15734768,0.1335636,0.13802135,0.13715716,0.14298792,0.1239964,0.12714858,0.1296793,0.12350663,0.1340526,0.11062078,0.10185871,0.10164841,0.12225462,0.13463446,0.13913095,0.11504044,0.12253603,0.15626805,0.124333955,0.15119094,0.12203011,0.17056994,0.124593504,0.16751222,0.13651323,0.15111357,0.16943128,0.15182091,0.14772303,0.15334047,0.1282997,0.1627686,0.15548535,0.15591183,0.12765607,0.112939514,0.12913828,0.16419281,0.14175874,0.106719956,0.16503057,0.13448754,0.105924055,0.12294229,0.14800826,0.1447519,0.13819475,0.14276446,0.11761223,0.15954414,0.16180454,0.15293758,0.11764197,0.12755573,0.15194617,0.14522646,0.13565272,0.11447422,0.13218947,0.12079999,0.13211,0.115475774,0.098138936,0.09876694,0.13035929,0.12884347,0.14568684,0.121687114,0.12249286,0,normal,normal_breathing_01
0.3455597,0.29013297,0.83960295,0.039860748,0.5022719,1.347809,0.20236933,0.41053563,0.49293974,0.23154172,0.6944444,0.1953125,11.71875,0.3069099,0.69309014,1.1812011,0.9196318,0.1503062,0.13829242,0.13590017,0.12669578,0.1487844,0.13696091,0.13540104,0.12972797,0.16025023,0.13395868,0.15062122,0.1453486,0.15264873,0.15099408,0.16922541,0.14902826,0.15245695,0.14163554,0.1606581,0.14470223,0.14245246,0.12566055,0.15631862,0.15110303,0.14653336,0.15270515,0.13234274,0.11845636,0.13756587,0.15162557,0.11009889,0.1574662,0.13653909,0.1213859,0.116758205,0.11524833,0.13960198,0.1404282,0.13496168,0.106586,0.14876947,0.16487823,0.15543489,0.14121148,0.14767456,0.12019997,0.13494915,0.12095628,0.12876499,0.13709974,0.11838114,0.14858575,0.11192428,0.11702879,0.11482024,0.120659985,0.13462625,0.13863148,0.1250251,0.13054112,0.15696134,0.137873,0.14986314,0.12764278,0.1599706,0.12624316,0.17089674,0.14469828,0.16396509,0.14744574,0.16110705,0.14929299,0.13823737,0.12592234,0.15829355,0.15347871,0.16082591,0.14301021,0.114674956,0.114127584,0.1510233,0.1489672,0.10774766,0.15890586,0.12726831,0.11624612,0.11848146,0.12219296,0.14045244,0.13244173,0.1376956,0.10836759,0.15091681,0.16794428,0.15232891,0.13075669,0.12473484,0.13183756,0.14206256,0.12668602,0.123858444,0.13830997,0.1201366,0.1472843,0.11227786,0.12198248,0.12176634,0.12830089,0.13300468,0.14627457,0.12893769,0.1376438,0,normal,normal_breathing_01
0.32348275,0.28473473,0.8802161,0.036474712,0.44819108,1.3112342,0.20420791,0.40518215,0.50399035,0.2478243,0.7638889,0.3125,18.75,0.17602822,0.82397175,1.7371109,0.88867736,0.15133096,0.1395613,0.13168925,0.12856823,0.15088134,0.13754329,0.12923463,0.1326541,0.15077478,0.14030324,0.15188247,0.14999361,0.15410744,0.15003976,0.17524427,0.15066676,0.15567847,0.14222632,0.16485658,0.14312984,0.13839892,0.13036533,0.15636556,0.15392436,0.15588349,0.1585174,0.13651218,0.114164285,0.12716354,0.14200015,0.12647694,0.15275411,0.13125785,0.12891163,0.11976372,0.11001238,0.1322647,0.14439514,0.1317061,0.10532269,0.13478003,0.15641198,0.15181807,0.14033365,0.14010152,0.1092302,0.13582015,0.11799295,0.13813826,0.14290291,0.121586144,0.14834496,0.113096796,0.13138667,0.11418813,0.108910345,0.13704507,0.1348252,0.13053747,0.13243212,0.15119869,0.15295412,0.14795758,0.13202631,0.15321058,0.12641291,0.17856938,0.13629405,0.17212346,0.14739265,0.16987841,0.15476726,0.13867195,0.12722148,0.15875654,0.16514964,0.17732078,0.15047446,0.12122939,0.109175034,0.13613562,0.12712368,0.12058561,0.15193795,0.12126587,0.12168676,0.122402854,0.11142968,0.12452442,0.13503654,0.13247916,0.105398305,0.13465007,0.1547774,0.1455172,0.1302571,0.13473445,0.114675306,0.13416763,0.12076316,0.12866576,0.1498902,0.12625936,0.14463083,0.114235595,0.1347552,0.12839821,0.11088457,0.14052506,0.1451674,0.1427944,0.13753359,0,normal,normal_breathing_01
0.34291026,0.2584726,0.7537616,0.035858616,0.4904952,1.3592116,0.18761669,0.383604,0.4890895,0.219134,0.7916667,0.3125,18.75,0.22066364,0.7793364,1.5111158,0.85673714,0.14964603,0.14409423,0.12734346,0.12939182,0.14969215,0.14147128,0.12718284,0.13143663,0.15143943,0.14812052,0.1461062,0.14264515,0.15924376,0.14182718,0.17758867,0.15031411,0.16176403,0.15190943,0.14250259,0.14038576,0.13155155,0.13757089,0.14642118,0.14783673,0.15840077,0.16000724,0.1707449,0.1260508,0.12690356,0.15462507,0.14832269,0.14355458,0.12069195,0.13209453,0.12829652,0.105994105,0.11729646,0.16498457,0.12409318,0.12837481,0.13116935,0.14150225,0.13690948,0.12149703,0.12683424,0.101351455,0.12716143,0.11882878,0.13657188,0.16372427,0.12767163,0.12890853,0.10806433,0.1451869,0.10859193,0.10817213,0.124547005,0.13564004,0.14345416,0.13273206,0.1519019,0.16170436,0.14084812,0.12644988,0.14962743,0.12094511,0.1802169,0.13171178,0.17510355,0.15717283,0.15614948,0.15665293,0.13751364,0.13647336,0.14687549,0.16426218,0.18045643,0.15035258,0.15298581,0.114084855,0.13978453,0.1459611,0.1246717,0.14362045,0.11553098,0.12406732,0.13116986,0.10889306,0.118055254,0.15742216,0.124119915,0.1161034,0.1288044,0.14833799,0.14360556,0.12414903,0.12563269,0.106327035,0.12075663,0.11628704,0.1240216,0.16503885,0.12684017,0.133638,0.11210737,0.13903597,0.12726402,0.10820187,0.13285252,0.14260378,0.1480969,0.132688,0,normal,normal_breathing_01
0.3347176,0.29497755,0.88127285,0.03599612,0.45877624,1.3249569,0.17650563,0.38416478,0.4594529,0.19589382,0.7222222,0.2734375,16.40625,0.41305315,0.58694685,0.884179,0.9054754,0.14945784,0.1424714,0.12620482,0.13161114,0.15062355,0.13896964,0.12733567,0.13278362,0.14898731,0.15475853,0.14539143,0.13722518,0.1626455,0.13791253,0.1708314,0.14559424,0.16703352,0.15667348,0.14298125,0.14636147,0.12655613,0.13661371,0.13208829,0.14816174,0.15968524,0.16227321,0.166115,0.12061684,0.13500006,0.15783305,0.14592902,0.14077915,0.11690146,0.13013144,0.124660484,0.106312774,0.11682278,0.17481643,0.12568954,0.1306605,0.12985894,0.14777318,0.13025376,0.10946282,0.12683527,0.09130694,0.1262092,0.122084245,0.13259862,0.16613339,0.12726693,0.13003947,0.10804439,0.14957474,0.113838494,0.10426247,0.1273966,0.14126517,0.14841174,0.14002843,0.15415563,0.16378847,0.14365785,0.12807207,0.14406975,0.12621552,0.1743361,0.12957282,0.17840785,0.15813245,0.15851896,0.16287722,0.13630147,0.1383456,0.1290547,0.16107291,0.17585774,0.14918615,0.14101884,0.104895756,0.14530225,0.15367523,0.123369165,0.13526548,0.122016035,0.12754557,0.12777871,0.11272871,0.12278403,0.16298905,0.12871034,0.12147086,0.12806147,0.15257607,0.13666356,0.118518606,0.12450948,0.09776798,0.12080479,0.11825031,0.1262346,0.16611132,0.12130179,0.13926081,0.11164588,0.14006929,0.13325015,0.10913225,0.1332178,0.14243034,0.1484234,0.13685912,0,normal,normal_breathing_01
0.3364503,0.27356517,0.8130923,0.03582209,0.4697078,1.3619096,0.19644707,0.36272982,0.5415796,0.20839278,0.7777778,0.1953125,11.71875,0.61822325,0.38177675,0.48090565,0.8811716,0.1484505,0.14145464,0.12656412,0.13411687,0.14785588,0.13949458,0.13026394,0.13249847,0.14833952,0.14879003,0.15205374,0.14432766,0.15214306,0.15527226,0.16637178,0.14578705,0.15637927,0.1495307,0.14513604,0.14298195,0.12274332,0.14584476,0.12777014,0.140874,0.15114982,0.15842229,0.1530251,0.12716553,0.14494835,0.16478813,0.14613393,0.13096812,0.12360001,0.124220155,0.13390595,0.10192945,0.11999814,0.1723637,0.13355835,0.13997981,0.12690736,0.14859462,0.123160966,0.10490822,0.12521975,0.09435272,0.120454475,0.12892997,0.13276905,0.16289021,0.12501934,0.1448936,0.1051859,0.15352117,0.12326063,0.11955217,0.12491925,0.13906886,0.14223653,0.14127272,0.14074661,0.16545995,0.14322315,0.13828948,0.12820347,0.14400923,0.16225137,0.12464462,0.16346607,0.14080268,0.17011888,0.16679592,0.13411492,0.14767729,0.13203992,0.16316845,0.15974495,0.14096491,0.13796428,0.116812326,0.15616995,0.1643893,0.12642431,0.11545265,0.1214222,0.13119906,0.13698247,0.10572195,0.13147631,0.16246425,0.14013328,0.13206743,0.11585165,0.15563755,0.12925328,0.13094863,0.125658,0.09680235,0.13043414,0.11694408,0.1294163,0.16339429,0.11499474,0.15259242,0.09708821,0.14362603,0.14047985,0.12113951,0.12756784,0.13593228,0.13841893,0.1408856,0,normal,normal_breathing_01
0.336125,0.24806233,0.7380062,0.033570442,0.4235048,1.4067719,0.17100514,0.37209854,0.4595695,0.21771292,0.6666667,0.1953125,11.71875,0.4650615,0.5349385,0.76558566,0.9096957,0.14492139,0.14253585,0.13263704,0.12864773,0.14520997,0.14113106,0.13490814,0.12641637,0.14448768,0.14796981,0.14297858,0.14401229,0.15165815,0.14987929,0.15571998,0.14528413,0.15559295,0.13152066,0.14163384,0.14394064,0.12930001,0.15164313,0.1209325,0.15523465,0.12494512,0.16174948,0.1517992,0.13437138,0.16328602,0.1726203,0.17422454,0.09887852,0.11883662,0.12444471,0.14160146,0.108973615,0.1277237,0.1685048,0.11797624,0.14765616,0.12196384,0.14371255,0.11259518,0.1423355,0.123357944,0.09824426,0.16963628,0.118728876,0.14723046,0.1704787,0.10539462,0.14639316,0.094717495,0.14896788,0.119356744,0.122286074,0.102010645,0.11765355,0.14048497,0.13871731,0.13220945,0.16874778,0.13524546,0.14963639,0.12888145,0.1543838,0.14531942,0.12276269,0.15858458,0.12597406,0.16484793,0.16450658,0.13663001,0.1530622,0.12903965,0.16989632,0.13698657,0.14032784,0.135497,0.123125374,0.18131332,0.1760172,0.14457408,0.09508012,0.11786064,0.13192356,0.15180008,0.10777382,0.1460408,0.16543767,0.13487613,0.13983014,0.11507874,0.15231863,0.118533775,0.15098129,0.12107504,0.097464144,0.15259558,0.10952625,0.13462621,0.16677378,0.09778096,0.15756032,0.079298474,0.1394954,0.13533951,0.1280682,0.10759752,0.110289775,0.13346098,0.14359552,0,normal,normal_breathing_01
0.39958248,0.24103984,0.6032293,0.03400237,0.51993454,1.7997242,0.23061454,0.48201656,0.47843698,0.20844708,0.6527778,0.26367188,15.8203125,0.22155756,0.77844244,1.5070729,0.91469276,0.14252606,0.14141293,0.13557701,0.12820014,0.15011631,0.14021336,0.1358385,0.12163009,0.1488943,0.12938857,0.1522345,0.13873096,0.15750265,0.1461434,0.15423009,0.14193785,0.14969477,0.14549822,0.124142066,0.1344232,0.13001828,0.1482075,0.11433092,0.1499459,0.114366315,0.15905008,0.1329088,0.13440126,0.16792311,0.16612992,0.18931673,0.113570645,0.13386934,0.11434754,0.14030053,0.11952601,0.12744233,0.15422775,0.114074215,0.1575436,0.121062234,0.14320007,0.114459895,0.14473806,0.11704458,0.10858703,0.20029476,0.10971697,0.17846198,0.16163984,0.111548856,0.13310228,0.0879484,0.13756365,0.11573901,0.1188999,0.11990396,0.11564931,0.15357225,0.1228554,0.14073198,0.16081738,0.14429675,0.15026186,0.15860553,0.17095572,0.1467121,0.1371632,0.15542608,0.13087665,0.15596162,0.15346241,0.14624077,0.15309075,0.12765747,0.1735666,0.12758836,0.11811793,0.13171756,0.12308936,0.1845374,0.16976051,0.14876346,0.11099461,0.13363838,0.120251335,0.14328696,0.12822917,0.15448156,0.16340253,0.13429394,0.14448918,0.111752205,0.14256105,0.11084442,0.15327784,0.11304345,0.100454055,0.16578409,0.10283464,0.15293898,0.15301453,0.10066902,0.15020137,0.08255547,0.11649719,0.11213045,0.13038062,0.1137946,0.10672524,0.13143596,0.12801306,0,normal,normal_breathing_01
0.65813506,0.59751964,0.90789825,0.07162946,0.7664828,3.0619502,0.14316778,0.9634174,0.14860411,0.47979328,0.5555556,0.1953125,11.71875,0.5702262,0.4297738,0.56172216,0.8978534,0.16745654,0.14226675,0.12610933,0.10894789,0.1683892,0.14004377,0.123990275,0.11271688,0.18618307,0.1664487,0.1437753,0.19397369,0.16270615,0.16767626,0.17092793,0.15343228,0.17092031,0.15901293,0.17656343,0.1657469,0.15956797,0.15446627,0.16433641,0.16372918,0.15069872,0.15815595,0.1460119,0.12401481,0.13589211,0.12342161,0.13337158,0.11845647,0.13207081,0.14484195,0.13443075,0.12586334,0.13650014,0.11473799,0.12856655,0.13264842,0.12165886,0.13377772,0.10915064,0.15315272,0.12691444,0.1025595,0.11946021,0.11235123,0.09969885,0.12250055,0.11225775,0.15719233,0.085704155,0.12694049,0.09853415,0.1010131,0.08673987,0.10291567,0.108864605,0.10160984,0.194307,0.15508339,0.15789078,0.18690342,0.15763085,0.1809938,0.1640643,0.16378812,0.17577365,0.16702257,0.16235104,0.15822354,0.16502711,0.15463398,0.1656637,0.14952269,0.14166585,0.15925625,0.16005965,0.107964106,0.14710315,0.116832465,0.13905947,0.114389434,0.122987024,0.14143115,0.116209984,0.11875281,0.13542247,0.11395881,0.120711416,0.13562965,0.123674,0.13792071,0.12550177,0.1339506,0.12974219,0.11294026,0.107458934,0.13050117,0.101998106,0.12960882,0.120362155,0.14675416,0.08580486,0.1244299,0.10718296,0.08830823,0.08832098,0.11919122,0.10772543,0.11513149,0,normal,normal_breathing_02
0.581744,0.40604225,0.6979741,0.06440117,0.75932354,2.935897,0.16942632,0.82592434,0.2051354,0.4151053,0.6111111,0.1953125,11.71875,0.9039943,0.09600565,0.10093217,0.7726701,0.16601288,0.14251077,0.12793408,0.11007591,0.16723244,0.13843326,0.12588455,0.11346014,0.19004002,0.1631787,0.15139341,0.17582889,0.17190084,0.16770618,0.16374083,0.15546165,0.17380202,0.16390195,0.16951719,0.15863588,0.15305997,0.15530774,0.16891418,0.15739608,0.14744923,0.16604775,0.14315756,0.13349806,0.14077507,0.12944275,0.12176319,0.122692354,0.12754716,0.13864894,0.13870053,0.12713805,0.12663038,0.11747104,0.12688941,0.13824649,0.12506893,0.12707552,0.10632292,0.15071727,0.12934813,0.1187849,0.13074945,0.12058462,0.10243361,0.1202495,0.11036858,0.13308333,0.09258972,0.122644305,0.098587215,0.1044185,0.09600051,0.108282365,0.10755608,0.11418854,0.18780926,0.15253897,0.15475045,0.18720748,0.16378842,0.17494975,0.15633065,0.16154848,0.17654327,0.17289205,0.16212934,0.16159765,0.16193594,0.15874314,0.17171839,0.15576357,0.13724534,0.17007539,0.14939974,0.11532654,0.14148882,0.114276364,0.12017476,0.109258786,0.11066801,0.14549355,0.108014226,0.120076545,0.13372234,0.11708801,0.11566304,0.15306216,0.11580989,0.14340015,0.11332402,0.13991933,0.13642535,0.12510824,0.11488591,0.1332846,0.09847055,0.1337086,0.12051763,0.1343734,0.08542309,0.12601422,0.109112814,0.085624315,0.09322898,0.1230689,0.10750029,0.12465439,0,normal,normal_breathing_02
0.46395123,0.19730732,0.42527598,0.040998366,0.65780026,1.9374503,0.2413978,0.5977556,0.40384027,0.30355296,0.6388889,0.1953125,11.71875,0.6024551,0.39754492,0.5067422,0.8718991,0.16004857,0.14461704,0.13323751,0.10897064,0.15203822,0.14214301,0.13884124,0.11446046,0.17911364,0.15721615,0.15830657,0.16293934,0.18276525,0.15683407,0.1506577,0.14601904,0.15804905,0.1679859,0.17017865,0.15001968,0.14054644,0.15834421,0.1727069,0.15966444,0.14853759,0.1757734,0.12076856,0.13928138,0.1405164,0.14561789,0.12900205,0.13588294,0.12153535,0.13239041,0.14827074,0.1309145,0.12576245,0.121972434,0.13267429,0.14380126,0.13778946,0.12765688,0.09739349,0.16524985,0.12822886,0.12571146,0.14666206,0.11932109,0.106412806,0.11330289,0.10423187,0.11620542,0.095486835,0.12216411,0.099180385,0.112039804,0.10901549,0.09372985,0.101930276,0.12359753,0.1649191,0.13661197,0.16204968,0.15095258,0.16619751,0.14893779,0.13520339,0.142123,0.1541402,0.1679844,0.16409615,0.13980511,0.14347585,0.15336283,0.17252472,0.15655158,0.13265216,0.19811565,0.120958194,0.1343342,0.13942777,0.12984475,0.12503712,0.12321277,0.11249292,0.14934447,0.12568837,0.118478976,0.13024591,0.12906642,0.116740376,0.16726173,0.13756157,0.15970483,0.10414442,0.1711976,0.14858757,0.14826883,0.14798956,0.12458744,0.106747605,0.12636825,0.10765083,0.12362377,0.09596397,0.12853454,0.103889905,0.095174186,0.12248542,0.10638728,0.10437258,0.14220019,0,normal,normal_breathing_02
0.40827093,0.27990654,0.6855902,0.036045637,0.5523674,1.6678473,0.18895249,0.5421037,0.3485541,0.2801856,0.5694444,0.1953125,11.71875,0.42588273,0.5741173,0.85359126,0.8955743,0.15483646,0.14572637,0.13555536,0.11134639,0.14433126,0.14507198,0.14305924,0.114268444,0.17101513,0.14731778,0.18377706,0.13608384,0.18570642,0.14887029,0.13621627,0.14788201,0.1546217,0.16317567,0.15943968,0.14511974,0.13364829,0.1651829,0.17296095,0.1623489,0.13081113,0.16993038,0.12485652,0.14165777,0.15742987,0.15193684,0.13373095,0.14097045,0.11862027,0.12400579,0.14662883,0.12994048,0.11176064,0.13788453,0.13547373,0.15173088,0.13836187,0.12570655,0.10790658,0.16371758,0.12554744,0.13939784,0.14816266,0.11848181,0.10915088,0.118568234,0.09788298,0.12204053,0.10022582,0.10900957,0.08926858,0.1084772,0.11720301,0.10731722,0.11758766,0.13228956,0.15056363,0.14065811,0.1722139,0.12722372,0.16209596,0.11840496,0.13420038,0.14362663,0.16365778,0.14873761,0.15889011,0.12900434,0.12702918,0.15646057,0.16167443,0.17061439,0.12565377,0.19281182,0.11767393,0.15306251,0.15134066,0.13829808,0.13360596,0.11470709,0.1243056,0.14572708,0.14125064,0.11783081,0.13015945,0.15311079,0.11965975,0.17547303,0.12329797,0.15562981,0.09986394,0.1874162,0.14737251,0.15395316,0.15475209,0.10223301,0.10683862,0.12745525,0.09634426,0.13681942,0.107893124,0.11928978,0.08585338,0.09591052,0.131107,0.11711455,0.12608905,0.13254178,0,normal,normal_breathing_02
0.36752364,0.19902933,0.5415416,0.03799781,0.5638077,1.420831,0.19447225,0.46380442,0.41929796,0.23104496,0.6805556,0.3125,18.75,0.5889257,0.4110743,0.52945524,0.8912583,0.14954247,0.14351775,0.14283265,0.11221152,0.14378886,0.14158216,0.14734575,0.11413028,0.15528962,0.13844976,0.18042865,0.13974386,0.17168741,0.15131973,0.1183221,0.15089612,0.15150777,0.13107908,0.15045226,0.16148517,0.14339054,0.16114816,0.17529806,0.15194044,0.11735661,0.18616448,0.12207252,0.1474255,0.14260687,0.13966265,0.13198754,0.1359413,0.12824096,0.12588568,0.14025864,0.1289395,0.13041857,0.15094627,0.1304286,0.15880592,0.14274755,0.15288429,0.14320274,0.15069218,0.13263151,0.15638967,0.13847904,0.116663024,0.11094656,0.12868842,0.08503027,0.11593557,0.100332335,0.10617607,0.08604305,0.10580434,0.12178664,0.121171616,0.11932498,0.14084688,0.14420527,0.13844402,0.16903077,0.14412229,0.16617326,0.12955938,0.117850415,0.14097859,0.16255668,0.12275816,0.15054253,0.14894557,0.13408817,0.16330531,0.1673106,0.15336457,0.11834966,0.19955933,0.1263048,0.13969105,0.13462132,0.13903786,0.124738574,0.11021939,0.12113265,0.14293288,0.13378708,0.1177542,0.14179084,0.1639184,0.11990736,0.174735,0.13328984,0.17018011,0.13109417,0.172658,0.14817159,0.16743945,0.1407687,0.11176164,0.10697378,0.13539307,0.09098875,0.12590131,0.09526492,0.11247229,0.08453116,0.097440496,0.12984383,0.1255188,0.12654278,0.14106084,0,normal,normal_breathing_02
0.35109228,0.21673144,0.6173062,0.038350325,0.5112207,1.4124967,0.19397017,0.45156413,0.42955175,0.21079558,0.6527778,0.3125,18.75,0.5257579,0.47424212,0.6429145,0.8412126,0.15103328,0.13905519,0.14146632,0.11670838,0.14648476,0.13808446,0.14375961,0.1190717,0.16028239,0.13993973,0.1850883,0.1408798,0.16555488,0.1401367,0.12766051,0.15524082,0.15513164,0.12771282,0.15119234,0.16696426,0.1476484,0.15860477,0.16073628,0.16194482,0.11739555,0.18613425,0.11582335,0.1507343,0.12588768,0.11883811,0.1290056,0.12726629,0.13873853,0.11660803,0.13160546,0.117621444,0.12893267,0.15799776,0.12248244,0.16511053,0.13357233,0.1599882,0.14997028,0.14645275,0.13211736,0.15589067,0.13732025,0.11749734,0.123934545,0.1312175,0.10828995,0.12231094,0.10912386,0.110237256,0.08840727,0.100035824,0.13375077,0.13504478,0.10160154,0.13575736,0.15175171,0.13568625,0.17724161,0.14271632,0.15950447,0.12187948,0.1329145,0.14366084,0.1607314,0.12855831,0.14983422,0.15095358,0.14886913,0.1608306,0.16137516,0.15706591,0.11802995,0.19582467,0.116834894,0.14604248,0.12120968,0.12139205,0.12561734,0.107773945,0.12961827,0.13348302,0.123636976,0.1080073,0.13712944,0.16395417,0.1149648,0.17819376,0.124652594,0.16921881,0.14088346,0.16411111,0.13366842,0.16600692,0.14444718,0.107717186,0.12228937,0.14037785,0.11654936,0.13252145,0.09988774,0.118296884,0.08969395,0.09112625,0.13738085,0.13876809,0.11359616,0.13972692,0,normal,normal_breathing_02
0.35119343,0.19527788,0.5560408,0.03735191,0.49959376,1.3930156,0.20369595,0.45131907,0.45133469,0.20662108,0.5833333,0.3125,18.75,0.5137779,0.48622206,0.6659641,0.8482914,0.15477887,0.13698874,0.13840832,0.11797698,0.15079357,0.1375668,0.14115356,0.11880363,0.17085508,0.14541523,0.18746005,0.14466035,0.16485487,0.13133085,0.13632123,0.15355828,0.16273162,0.12828088,0.15627019,0.16880172,0.16158488,0.16156344,0.15655033,0.1559325,0.12466729,0.17362958,0.11745981,0.14503354,0.12560955,0.12067083,0.13196021,0.121629156,0.13973437,0.10641308,0.13752936,0.1130314,0.11752119,0.1648492,0.12336313,0.14875714,0.13890374,0.14409025,0.15036081,0.14358585,0.12003771,0.15526792,0.14201048,0.11487989,0.12911423,0.13460709,0.1181155,0.12371869,0.10369002,0.110895954,0.08853498,0.10053224,0.13158578,0.14529546,0.10109617,0.13163473,0.16134207,0.14750215,0.1759397,0.15015656,0.16373321,0.12026866,0.13469054,0.14859788,0.16699107,0.13244064,0.14418115,0.15350403,0.16096877,0.16848674,0.15931161,0.15179484,0.12890595,0.180179,0.1207885,0.1494984,0.12374477,0.1244261,0.12628889,0.10902978,0.13510273,0.110811085,0.14015517,0.10445006,0.13294221,0.15455878,0.12143863,0.16774587,0.129282,0.1458432,0.14721899,0.15540655,0.12994456,0.15790226,0.14810802,0.10957027,0.12543896,0.14898834,0.11774843,0.124225274,0.101928376,0.114861846,0.09186012,0.094305724,0.13018855,0.13831963,0.11281053,0.13420114,0,normal,normal_breathing_02
0.32879928,0.3157964,0.96045345,0.0350714,0.46360165,1.3510339,0.20547609,0.44280055,0.46403757,0.23608573,0.6805556,0.3125,18.75,0.5906743,0.40932572,0.5264905,0.83192754,0.1547626,0.13509417,0.13615099,0.1217061,0.15349369,0.13588445,0.13698116,0.12186915,0.17111595,0.14249496,0.19036184,0.14462553,0.16074549,0.13622765,0.13906504,0.15850067,0.15496789,0.12323856,0.15320273,0.16507141,0.17229594,0.15914613,0.14287864,0.1612309,0.1267122,0.1703944,0.11638657,0.13690536,0.11251345,0.11564852,0.12759402,0.13196822,0.14461344,0.11023233,0.15192457,0.10562937,0.116014615,0.17755716,0.12868509,0.13315824,0.1478315,0.14397572,0.15445954,0.13393407,0.11832304,0.13258432,0.12588556,0.09684007,0.14191315,0.16150667,0.13511837,0.12770434,0.098953456,0.12244009,0.09645628,0.097449146,0.121329576,0.1421828,0.11837601,0.121909335,0.16220003,0.15156831,0.18267527,0.15324259,0.16134723,0.12563603,0.13490482,0.15667062,0.1547837,0.1341721,0.1445964,0.15691593,0.176705,0.17636855,0.14441355,0.15049852,0.13355216,0.17071989,0.12346146,0.13536082,0.12218749,0.12360317,0.12807146,0.11710582,0.14119977,0.09995508,0.16285306,0.10252827,0.13029113,0.15498428,0.13213524,0.14180943,0.13899517,0.1359176,0.1543758,0.14554626,0.11633102,0.13506019,0.12992765,0.1022082,0.13543326,0.16927916,0.1313202,0.12648235,0.09754274,0.12296176,0.09613273,0.09764401,0.12097438,0.13803807,0.123608604,0.122673444,0,normal,normal_breathing_02
0.33944708,0.23439072,0.69050735,0.03574278,0.53388035,1.3407123,0.20200512,0.42074275,0.4801155,0.20135912,0.7361111,0.3125,18.75,0.4812705,0.5187295,0.7313258,0.9053087,0.15368499,0.13732044,0.13572338,0.12081873,0.15181328,0.13813186,0.13700308,0.121217825,0.1689877,0.14776947,0.18834612,0.15072134,0.1577163,0.13848011,0.13828099,0.16075136,0.15345669,0.11697852,0.14492925,0.16025199,0.17123498,0.15123452,0.14006546,0.15847929,0.13956998,0.1715596,0.1137959,0.14811507,0.10941551,0.12009512,0.11966615,0.14094327,0.14170559,0.13052025,0.14793405,0.10744549,0.107906446,0.17793958,0.12898394,0.13017978,0.14806539,0.14767882,0.15384191,0.13350968,0.1173903,0.13526367,0.12826489,0.09115456,0.14004448,0.1678883,0.13705914,0.12072733,0.09484589,0.119536266,0.09382839,0.10880285,0.10364986,0.14600496,0.124954306,0.12214716,0.15857454,0.15477064,0.18227167,0.15908253,0.15786164,0.12697122,0.1317003,0.16186953,0.15735295,0.1287082,0.12687379,0.15441038,0.17312537,0.17145184,0.14378554,0.15112437,0.14615867,0.17289951,0.1192701,0.14693743,0.11893477,0.12563497,0.12105425,0.12440426,0.13931686,0.1147415,0.16121382,0.10624286,0.1250755,0.15298449,0.13591929,0.13936767,0.13441025,0.14100243,0.15558366,0.15052728,0.111700535,0.13733943,0.12967277,0.09745977,0.14391235,0.16984178,0.13283479,0.11736797,0.09967565,0.12078248,0.0965026,0.105165884,0.100874886,0.13939925,0.12495518,0.12705915,0,normal,normal_breathing_02
0.308061,0.17476591,0.56730944,0.034287024,0.44219133,1.2981881,0.20172578,0.3814273,0.5288709,0.22611,0.5,0.1953125,11.71875,0.4764816,0.5235184,0.7413262,0.9121988,0.1482323,0.13798794,0.13463548,0.12683092,0.144395,0.13906315,0.13452266,0.12947413,0.16697805,0.14362712,0.17636953,0.14874642,0.14353023,0.12994385,0.13454962,0.16300723,0.14657089,0.11220709,0.13579647,0.15808281,0.1676106,0.14848417,0.13524841,0.15866892,0.13751751,0.17257467,0.1369144,0.14813507,0.10000696,0.12851532,0.122729406,0.13659668,0.12667494,0.1417767,0.14823228,0.10296053,0.09660119,0.17274411,0.12666048,0.1363119,0.14309125,0.16849442,0.16120331,0.12611793,0.11461642,0.1299937,0.12323371,0.10296021,0.1673796,0.16281433,0.15759476,0.11960042,0.1033462,0.12718354,0.102752894,0.10723164,0.100598946,0.1571297,0.116443016,0.123766616,0.1471733,0.13991041,0.18265766,0.15053813,0.14392228,0.11987979,0.12422106,0.15810892,0.14480343,0.1292848,0.11735626,0.14800721,0.17127174,0.16396448,0.14075916,0.15483706,0.13746348,0.1706622,0.14563455,0.1457159,0.11101238,0.12591378,0.12926097,0.12878081,0.13070269,0.12311353,0.15215336,0.097666435,0.09614973,0.14324787,0.1369298,0.15136182,0.13219222,0.17162429,0.16424526,0.13902962,0.105726846,0.13202475,0.12644258,0.11137209,0.19184476,0.16562453,0.15973596,0.117087565,0.099190585,0.12213348,0.1054785,0.109551854,0.102355644,0.14782491,0.11629259,0.13467132,0,normal,normal_breathing_02
0.27451715,0.17806098,0.6486333,0.028819451,0.37099198,1.1374606,0.19349477,0.35318202,0.5478613,0.20018807,0.5833333,0.38085938,22.851562,0.59865904,0.40134096,0.5130631,0.9117965,0.14067733,0.13514815,0.13216472,0.13782853,0.13639778,0.13912033,0.13154447,0.13761765,0.1732777,0.14054069,0.15927394,0.13298061,0.1162038,0.111969076,0.15135272,0.14685948,0.12673381,0.12342107,0.1407366,0.13896424,0.16649164,0.14804317,0.11412813,0.16002451,0.13983433,0.16348429,0.1391232,0.14383416,0.0855832,0.12359633,0.14630984,0.14322849,0.092666656,0.15706971,0.14053318,0.102606416,0.08326191,0.1755969,0.12478229,0.14340277,0.14409734,0.1712944,0.1299487,0.13139763,0.12088328,0.12384588,0.12649062,0.105791666,0.19072674,0.17401043,0.18397833,0.13430372,0.09670784,0.14469422,0.12472687,0.11505855,0.108614445,0.17393261,0.11904958,0.120175794,0.14784119,0.13178636,0.16472007,0.1297448,0.112038285,0.11671508,0.1411999,0.15529127,0.12247683,0.1424924,0.10542135,0.12187652,0.18156703,0.1598037,0.13577925,0.15668285,0.14179628,0.16652325,0.14241767,0.15152982,0.09770921,0.116527125,0.15698197,0.14509374,0.10485983,0.13285962,0.14822647,0.09107454,0.07218259,0.13627316,0.14433905,0.15750715,0.12982176,0.17832446,0.14618452,0.14518432,0.11080661,0.12602073,0.12413278,0.11887479,0.21477328,0.1762134,0.18192391,0.120419085,0.10482882,0.13638711,0.12932701,0.104996346,0.1023008,0.15736143,0.109723315,0.13190015,0,normal,normal_breathing_02
0.24651009,0.24272768,0.9846561,0.025164926,0.29355505,1.0384569,0.1439592,0.27634802,0.5209344,0.1960193,0.6388889,0.38085938,22.851562,0.45563444,0.5443655,0.78606445,0.9346906,0.13997066,0.13703977,0.13394058,0.13716576,0.12967148,0.14137377,0.13387373,0.14084652,0.16560845,0.1565376,0.15296878,0.13263218,0.10126526,0.1317025,0.15245,0.1435066,0.1268822,0.1268062,0.15452932,0.11234334,0.1623862,0.16447179,0.11251106,0.15409234,0.15270233,0.13942468,0.14839281,0.14505412,0.09176416,0.13543189,0.1525692,0.13569662,0.08980247,0.15960354,0.14204715,0.10934949,0.1253757,0.16413209,0.119830124,0.12923528,0.14347437,0.16281262,0.12365956,0.13810341,0.120407306,0.13528304,0.12751727,0.116574354,0.18473658,0.17277925,0.16538127,0.13552958,0.11951726,0.1307338,0.12681656,0.13152425,0.087457016,0.1576527,0.13160092,0.12285136,0.129765,0.13981102,0.14991404,0.13800745,0.09060709,0.12760678,0.12115792,0.15243354,0.12794654,0.13325447,0.11177789,0.10122712,0.16222031,0.17446165,0.12919696,0.15511085,0.15586513,0.14197157,0.15303735,0.15398268,0.10840502,0.12622347,0.16302067,0.13824713,0.09587001,0.14246652,0.15610325,0.09887246,0.097609825,0.13020968,0.14059609,0.1512988,0.12571587,0.18315922,0.1377946,0.15156852,0.12166565,0.13324928,0.112515345,0.13845,0.21841152,0.17214508,0.16347879,0.12099723,0.13722806,0.12419607,0.13726754,0.12320494,0.073594496,0.14498526,0.13165578,0.14539006,0,normal,normal_breathing_02
0.24760163,0.17555986,0.70904166,0.027537953,0.32063046,1.0758247,0.14985056,0.27847975,0.53810215,0.1867662,0.625,0.40039062,24.023438,0.3225636,0.6774364,1.131455,0.931854,0.1384038,0.13899513,0.13323867,0.13559458,0.13312398,0.1396012,0.13164984,0.13947234,0.14970252,0.14304829,0.12599505,0.17102754,0.08946777,0.15878303,0.15722102,0.15326722,0.11080503,0.13470118,0.16318406,0.10926963,0.13277707,0.16495717,0.09723739,0.15372626,0.1791891,0.12432111,0.16085501,0.14709419,0.11628814,0.12510161,0.14774892,0.14077593,0.08564669,0.16399503,0.14352073,0.106518105,0.14614154,0.15709169,0.13636026,0.12774728,0.13770376,0.17074524,0.13289429,0.12023648,0.11530764,0.12603953,0.111796245,0.109858945,0.19031717,0.16032197,0.15316045,0.1510281,0.12883654,0.1222344,0.12917177,0.12980592,0.075241655,0.13379319,0.16089232,0.1180671,0.13753496,0.13272512,0.14689292,0.17777762,0.08152476,0.16464354,0.13629559,0.14759873,0.1204088,0.12867214,0.121391326,0.098946,0.13620032,0.16808671,0.114238545,0.16381407,0.17945804,0.11087739,0.15990295,0.14632663,0.111373834,0.12334352,0.15893023,0.1401003,0.0880889,0.1502745,0.13547738,0.10166533,0.113148786,0.1482362,0.14861032,0.13933292,0.11370615,0.18810461,0.13393286,0.1397553,0.112043306,0.13413683,0.103297874,0.13605925,0.22865705,0.14467064,0.1601881,0.113875344,0.1418518,0.1052113,0.14102468,0.12959726,0.07499916,0.14032827,0.15360945,0.14306812,0,normal,normal_breathing_02
0.25399488,0.1961375,0.7722104,0.029028151,0.33820918,1.1092125,0.13123836,0.3098376,0.42357144,0.23224963,0.6666667,0.24414062,14.6484375,0.47624314,0.52375686,0.7418268,0.93740076,0.14858274,0.14283068,0.12315792,0.12992202,0.14321798,0.14238034,0.12018346,0.13481721,0.15570173,0.13836142,0.17357188,0.1788174,0.11017873,0.17752066,0.15860838,0.15269123,0.12965494,0.14129499,0.16835535,0.1174925,0.12932652,0.1641513,0.10401302,0.14535521,0.18561646,0.1028214,0.17451243,0.16901302,0.14290546,0.1379863,0.15194051,0.14074662,0.079156026,0.15858114,0.10994945,0.105518095,0.14104724,0.13530563,0.12754402,0.12279913,0.13079329,0.16289936,0.11519892,0.10919103,0.09217113,0.13473892,0.11389669,0.11812568,0.19284844,0.11041571,0.15205227,0.13955851,0.14935598,0.09799197,0.11786102,0.13541083,0.0844383,0.13032638,0.14842285,0.11217826,0.15660474,0.12321315,0.20027865,0.18586002,0.10979522,0.16872384,0.13599175,0.15132672,0.14504465,0.12870422,0.1227489,0.11847355,0.115068264,0.1658818,0.11771868,0.16274947,0.18672349,0.101228505,0.16638002,0.15610015,0.12907524,0.13252649,0.16394246,0.14031789,0.08032553,0.14797471,0.09831312,0.09540226,0.10961326,0.13363156,0.13844521,0.13068788,0.10619433,0.18080659,0.11455457,0.12388375,0.09437036,0.1347817,0.1017004,0.14325677,0.22555548,0.08556619,0.17238845,0.107555375,0.15647663,0.083140984,0.13698867,0.13532713,0.0875673,0.13030702,0.1522701,0.1362237,0,normal,normal_breathing_02
0.25461692,0.15864901,0.623089,0.027228603,0.2977574,1.1255991,0.13713615,0.29788795,0.4603615,0.22100136,0.5833333,0.3125,18.75,0.5262858,0.47371417,0.6419108,0.90235984,0.14743468,0.14442942,0.12053913,0.13086575,0.14414904,0.14077789,0.1162064,0.1383764,0.15506658,0.11252265,0.17484449,0.17281735,0.11144028,0.17854786,0.16085562,0.14404847,0.14029919,0.15080048,0.16223101,0.12574515,0.1274318,0.16759953,0.1120144,0.1374887,0.17669246,0.1049449,0.17179094,0.17437491,0.1503363,0.14336462,0.15249655,0.1465814,0.10629796,0.13359985,0.12264026,0.08260135,0.13934973,0.15871987,0.1148856,0.12847191,0.12255224,0.17415473,0.10121258,0.09350911,0.085723706,0.12201197,0.12117565,0.12308745,0.19470172,0.09409217,0.15881427,0.16440022,0.16494904,0.09828438,0.11774681,0.12522836,0.089723684,0.12907302,0.13797654,0.1031772,0.16735181,0.10840831,0.1959358,0.18294597,0.12104842,0.17496781,0.14432509,0.13818653,0.15212616,0.1396556,0.121930964,0.11771743,0.109337606,0.17234853,0.12019539,0.15761754,0.1740725,0.10550407,0.16825183,0.14754143,0.13173711,0.13262849,0.16213724,0.13436021,0.092530414,0.13118784,0.09692425,0.07697478,0.11657832,0.14375871,0.12980127,0.13823389,0.098391645,0.175795,0.090287715,0.10663354,0.098401435,0.13130115,0.10760149,0.15163009,0.22161475,0.074991226,0.19703393,0.1168559,0.16106842,0.08264884,0.13636777,0.13370258,0.09448,0.14632656,0.1578004,0.124372646,0,normal,normal_breathing_02
0.27074802,0.18293288,0.6756573,0.027486583,0.36674374,1.1130922,0.1299306,0.3450622,0.37654254,0.23542294,0.6111111,0.29296875,17.578125,0.6305485,0.36945152,0.46116525,0.88874495,0.1502426,0.14101171,0.12374874,0.12875389,0.15633187,0.13540077,0.118012995,0.1330857,0.16370769,0.099404305,0.18295884,0.16390122,0.11785073,0.1855165,0.17074196,0.14141914,0.15573353,0.1482063,0.16093,0.13749334,0.1252903,0.15040933,0.12530915,0.10336819,0.1819763,0.11076959,0.12479128,0.18462233,0.15876858,0.14439248,0.14411074,0.14636709,0.13308829,0.12517886,0.13678788,0.08073273,0.13247444,0.16551772,0.12813614,0.115113616,0.11713888,0.18377963,0.09851041,0.09436122,0.081623495,0.13927414,0.1352833,0.10964259,0.15419835,0.12261242,0.15860021,0.1607138,0.14973736,0.0966767,0.11608203,0.15130621,0.09584112,0.12021318,0.13980424,0.09837223,0.18917353,0.101055965,0.1875931,0.17609304,0.14521256,0.1889552,0.17209317,0.13409579,0.1833991,0.13572142,0.14424358,0.1555523,0.119125605,0.15677762,0.1258843,0.12198839,0.17776363,0.12611467,0.120092124,0.14589114,0.13372125,0.12219998,0.13031833,0.14249277,0.13587342,0.121092476,0.11847599,0.07183478,0.117234126,0.14755377,0.12602702,0.10858671,0.104881875,0.1740308,0.09031281,0.10688918,0.09501879,0.13964179,0.13368127,0.13988173,0.14815757,0.086006686,0.1860961,0.12501155,0.15209368,0.08471563,0.137483,0.14854746,0.10256583,0.14806893,0.1582861,0.11319991,0,normal,normal_breathing_02
0.31376785,0.19987155,0.63700455,0.033785835,0.48455295,1.2734458,0.21973333,0.41472825,0.52982485,0.17442618,0.5833333,0.25390625,15.234375,0.7397904,0.2602096,0.30138838,0.8831504,0.14974724,0.14095664,0.12557189,0.12985703,0.15614337,0.13691641,0.121460654,0.13124233,0.14961167,0.0972863,0.18214051,0.15430534,0.11758407,0.17706583,0.16133466,0.16068189,0.14464842,0.15749231,0.15720402,0.14886725,0.1384919,0.13101536,0.119329125,0.112992756,0.18835486,0.107192844,0.12511665,0.16633128,0.16397813,0.1896733,0.12869212,0.14099474,0.13898677,0.11977842,0.13249187,0.09845439,0.10915708,0.17687672,0.13172808,0.11815993,0.12861392,0.15636517,0.09629556,0.104875185,0.09374544,0.14843778,0.1372334,0.12342902,0.13840376,0.12368944,0.15046833,0.15469761,0.13771628,0.10361984,0.13182247,0.13485469,0.116963595,0.13954465,0.13128988,0.101641856,0.1681033,0.107270055,0.18754455,0.15458773,0.14031677,0.17388248,0.16623677,0.15227869,0.170695,0.16135792,0.14519922,0.16923565,0.13315561,0.12638722,0.11337967,0.12900175,0.18616769,0.11903916,0.1316448,0.13903701,0.14752355,0.18389477,0.11809139,0.13021433,0.1398607,0.11567126,0.113822035,0.09856696,0.103177324,0.17682748,0.13641752,0.12480099,0.117472954,0.13975537,0.09468466,0.11354184,0.10018007,0.13336697,0.12637438,0.13465616,0.13499625,0.09610848,0.17030567,0.12776288,0.1343365,0.10292935,0.14843738,0.12810113,0.1245273,0.16123663,0.13983835,0.102914296,0,normal,normal_breathing_02
0.31790018,0.24485323,0.77022046,0.03515473,0.48647884,1.2942055,0.24007596,0.4263491,0.5630971,0.19502202,0.5416667,0.234375,14.0625,0.74618447,0.25381556,0.29278246,0.86343443,0.14873268,0.14247712,0.12610275,0.12904975,0.15514006,0.13767537,0.12360669,0.12931307,0.15527941,0.09891872,0.18759705,0.1514614,0.12823547,0.17021225,0.15711923,0.15631723,0.15071614,0.15852064,0.13662484,0.14909792,0.13342449,0.11321731,0.12117555,0.12755875,0.18340829,0.11770741,0.1256519,0.1660984,0.16659838,0.19869204,0.12497515,0.13750617,0.14437361,0.12523977,0.12989798,0.09927424,0.08884428,0.18234357,0.13178663,0.12388931,0.12933503,0.15518606,0.09974859,0.119382985,0.091914766,0.14416954,0.14356267,0.11875694,0.13873817,0.122236736,0.15143354,0.14370093,0.13203444,0.11165263,0.13079774,0.1291075,0.123786345,0.13985692,0.13077278,0.10477197,0.17134596,0.11170765,0.18783765,0.14848016,0.14731298,0.16863766,0.1665047,0.15192418,0.17152129,0.15609893,0.13563724,0.16771014,0.13210222,0.11809253,0.120175034,0.1403828,0.17668751,0.12192369,0.13010007,0.13155384,0.14770623,0.19165856,0.11575309,0.12740625,0.14926271,0.119077615,0.10901889,0.100065306,0.09195735,0.18598749,0.13327968,0.1275139,0.123167545,0.14197099,0.09784639,0.13054521,0.100412376,0.12908198,0.13603982,0.12818621,0.13675979,0.093185365,0.16939607,0.12037227,0.122941904,0.11121688,0.14645745,0.12374988,0.12954482,0.15924099,0.13895072,0.10106757,0,normal,normal_breathing_02
0.32338127,0.25671062,0.7938326,0.03639505,0.47912765,1.326278,0.23439018,0.4227726,0.55441195,0.18259442,0.5694444,0.26367188,15.8203125,0.639592,0.360408,0.44692484,0.9209834,0.14326262,0.1414862,0.13131052,0.13042413,0.14967409,0.14095393,0.12763277,0.12807295,0.1453965,0.094360866,0.19887593,0.11207563,0.15635559,0.15226984,0.13876317,0.15836999,0.14501745,0.16139689,0.111921236,0.14919302,0.13841802,0.09884826,0.13100526,0.12703335,0.16896683,0.12858394,0.119782865,0.15768857,0.16508442,0.20249107,0.1276177,0.13651489,0.1491138,0.12658955,0.12148807,0.114454545,0.076642856,0.1780029,0.12707339,0.12376215,0.13423736,0.16424353,0.10938961,0.15361714,0.10278309,0.14695844,0.15438376,0.119455315,0.137933,0.12301672,0.15226315,0.13127917,0.1315396,0.1292912,0.12805817,0.1429239,0.12674434,0.141994,0.11691043,0.114104696,0.16044725,0.102510445,0.19227906,0.12155352,0.15519989,0.1465099,0.1522038,0.15308654,0.15974084,0.15557429,0.12977469,0.17355725,0.14332573,0.11112477,0.1384291,0.13696614,0.17911692,0.1268082,0.13961872,0.12541668,0.15712343,0.1920502,0.12273771,0.13123097,0.14969693,0.122081265,0.107975654,0.112657204,0.083871275,0.1793276,0.13580425,0.12459595,0.14046253,0.15587647,0.10882172,0.1404325,0.09486439,0.12900726,0.14552906,0.12751049,0.13825887,0.094585285,0.16011392,0.12570867,0.11460671,0.11307394,0.13442472,0.12881602,0.13813448,0.16296563,0.12292472,0.103824854,0,normal,normal_breathing_02
0.33190024,0.2944118,0.887049,0.03681562,0.52355283,1.3119711,0.24951246,0.41280586,0.6044305,0.17109321,0.5694444,0.38085938,22.851562,0.53853804,0.46146196,0.61889714,0.9143859,0.14201918,0.13703395,0.13460359,0.13515845,0.14566585,0.13861278,0.13203749,0.1322728,0.1429061,0.12696736,0.17283705,0.11535689,0.15944453,0.14152478,0.14284831,0.1578409,0.1470313,0.15609299,0.11634677,0.1367853,0.13026714,0.09971743,0.13712755,0.12048644,0.16756344,0.12147616,0.115816176,0.14515376,0.1526549,0.18907307,0.12543182,0.1382832,0.14742021,0.12123721,0.119027995,0.113861956,0.09655473,0.18644528,0.124867864,0.13451543,0.13693023,0.16171011,0.10381531,0.16308315,0.11556976,0.13802844,0.1554365,0.12172502,0.124202125,0.12393093,0.16178156,0.1502338,0.12273637,0.13710444,0.13656776,0.14512984,0.13475679,0.1500064,0.131026,0.11785879,0.15941386,0.12709895,0.15662348,0.119623356,0.14563537,0.13815959,0.1583533,0.1452437,0.15052827,0.15020598,0.13700049,0.16226114,0.14350861,0.11320849,0.14028573,0.12994127,0.17938626,0.12292822,0.14292991,0.123824604,0.13924025,0.1776344,0.124707885,0.1393567,0.14951801,0.11900428,0.11424774,0.108368844,0.09518914,0.1915248,0.1381216,0.1397857,0.15067899,0.15711983,0.10791355,0.14226589,0.1030949,0.12502985,0.1431466,0.12262972,0.13554984,0.09586785,0.15326215,0.15232845,0.11527108,0.11890735,0.14201197,0.121668085,0.14517993,0.16835964,0.13339363,0.11511672,0,normal,normal_breathing_02
0.3448648,0.2837212,0.8227027,0.039466627,0.558358,1.2911421,0.2472502,0.41947824,0.5894232,0.17183322,0.6111111,0.2734375,16.40625,0.5620506,0.4379494,0.5761634,0.9278908,0.14119215,0.1401684,0.13762781,0.13190757,0.14403012,0.14088956,0.13515091,0.1296842,0.13994867,0.14786088,0.1602777,0.11481554,0.15247944,0.13840386,0.13339062,0.15171362,0.14220892,0.16222063,0.12949131,0.13985708,0.12282976,0.13012086,0.13264482,0.12620132,0.17102042,0.1367749,0.1320986,0.12500371,0.1525285,0.18300448,0.12752867,0.13727373,0.14953469,0.11845458,0.12867936,0.11515507,0.104432955,0.17464234,0.13765156,0.13843763,0.14999937,0.15086855,0.11572637,0.15358202,0.116090484,0.14692345,0.15697244,0.1332111,0.12547193,0.12871243,0.15308724,0.13804108,0.10959676,0.13236135,0.1350239,0.13313004,0.13055967,0.13971472,0.13659629,0.11929192,0.15330936,0.1528766,0.14797093,0.123065844,0.14279617,0.13506223,0.14540711,0.13860662,0.15022692,0.15423964,0.12903637,0.15994716,0.13984671,0.13309184,0.13848527,0.12837082,0.18748908,0.1278824,0.14479104,0.11435609,0.13800214,0.17168573,0.12792331,0.14657694,0.15370536,0.11920423,0.12497716,0.11111489,0.09884767,0.18123667,0.14483266,0.14494595,0.15974818,0.15569438,0.11683611,0.13249747,0.10828608,0.1270652,0.15087944,0.12046474,0.13261953,0.11844757,0.14045483,0.1457636,0.10631712,0.11693788,0.1390182,0.114429444,0.14654098,0.15849501,0.13316076,0.11324486,0,normal,normal_breathing_02
0.3432331,0.27519572,0.8017749,0.039057445,0.50563693,1.3545663,0.25845623,0.40305576,0.64124185,0.18097317,0.5416667,0.25390625,15.234375,0.5322558,0.46774417,0.630631,0.9265325,0.14153297,0.14274786,0.13736923,0.12914619,0.14163826,0.1430644,0.1361117,0.12939927,0.13833319,0.16008349,0.15089554,0.117019616,0.15154529,0.13397785,0.13340144,0.15091915,0.13142012,0.1652309,0.13710813,0.14687638,0.12311749,0.14598379,0.1319265,0.13113743,0.18165033,0.14799495,0.13683474,0.11735235,0.1486508,0.18363613,0.1270456,0.13692479,0.1466575,0.119927354,0.13315842,0.11200878,0.119238876,0.1680094,0.1441053,0.13284288,0.15680128,0.12390477,0.12066413,0.15517767,0.12295108,0.13683261,0.16010475,0.14504494,0.11925462,0.12227439,0.14416385,0.13017319,0.11225289,0.12940605,0.13300681,0.11481274,0.12782528,0.14036818,0.1317551,0.12856233,0.14397043,0.16598299,0.14570336,0.12358932,0.13966314,0.12969695,0.13145465,0.1431019,0.13670768,0.16086581,0.13295302,0.1478283,0.13977996,0.13899717,0.14539951,0.13172981,0.19356662,0.12298489,0.14902994,0.119204834,0.14259683,0.17119633,0.12956023,0.14112784,0.14771186,0.12673134,0.12099465,0.11521531,0.11507784,0.1777644,0.1521221,0.14581798,0.16599947,0.13433458,0.116682835,0.13273238,0.11824037,0.122172974,0.15229736,0.13723792,0.13017769,0.12156096,0.1320613,0.14231376,0.107550465,0.116833895,0.13777341,0.10528188,0.14827637,0.15430339,0.13006465,0.11875476,0,normal,normal_breathing_02
0.33770257,0.30152056,0.8928583,0.03779224,0.4888721,1.4081973,0.26645038,0.39041352,0.68248236,0.13938744,0.5833333,0.25390625,15.234375,0.51447225,0.48552775,0.6646137,0.909424,0.1429777,0.14520751,0.13587685,0.12723732,0.14137286,0.143925,0.13606718,0.12903747,0.15942125,0.16880366,0.13239942,0.12548907,0.17154206,0.13883361,0.13376936,0.14177015,0.14543612,0.1505549,0.15277596,0.12492356,0.112990856,0.14791985,0.15985578,0.15105452,0.1630014,0.14451094,0.14520007,0.13106978,0.16314898,0.14490312,0.1292077,0.13367663,0.13637139,0.13777754,0.13292995,0.12848383,0.14208646,0.14684291,0.13294765,0.1279492,0.15013859,0.12142317,0.12005249,0.15478571,0.11165064,0.12877758,0.16833095,0.15158218,0.11614955,0.121201985,0.14403114,0.12444184,0.123890646,0.12242355,0.11669069,0.13033417,0.119015075,0.12596981,0.13656873,0.12178575,0.16086495,0.17521009,0.12488084,0.13811047,0.16462168,0.13046253,0.124052584,0.13102143,0.14384769,0.13744721,0.14967717,0.12521246,0.13243812,0.13780503,0.18224399,0.14062338,0.17983878,0.11659835,0.15267238,0.14228112,0.15282324,0.12014559,0.12395983,0.13770726,0.13979866,0.14452735,0.12404153,0.1351732,0.14405188,0.14710647,0.14417867,0.13716975,0.16565222,0.13442424,0.11663297,0.13120517,0.107701354,0.116385736,0.16515012,0.15137881,0.12506224,0.11864379,0.13932537,0.13904385,0.11095116,0.11052925,0.11785799,0.12892634,0.14284357,0.13564308,0.13688274,0.12039896,0,normal,normal_breathing_02
0.38442937,0.23095016,0.600761,0.040056363,0.5932126,1.4716278,0.25934678,0.5130699,0.50548035,0.23273621,0.5972222,0.1953125,11.71875,0.44659168,0.5534083,0.80611056,0.8816483,0.14933167,0.14662232,0.12824748,0.12573737,0.1461317,0.14431006,0.13120455,0.12780885,0.16545661,0.17284514,0.11419777,0.15616609,0.15995793,0.1562237,0.14688666,0.13767898,0.1628384,0.13963623,0.15733258,0.13373522,0.13835643,0.15174675,0.17384727,0.1438582,0.16609733,0.12699929,0.15229696,0.14223842,0.17001279,0.14752236,0.13157068,0.13711281,0.13064304,0.13214423,0.13392091,0.119841985,0.14920864,0.12184663,0.13112167,0.13105388,0.12802847,0.116893716,0.11184591,0.13736625,0.102261744,0.12498534,0.15884224,0.1633468,0.10987811,0.13391356,0.14076388,0.11881123,0.11406955,0.12119741,0.119563766,0.12259507,0.10810722,0.12675735,0.13134724,0.12423462,0.16352355,0.17932747,0.11164882,0.16134156,0.15689455,0.1427799,0.12586497,0.1311803,0.15989159,0.13514455,0.15031216,0.131658,0.15014464,0.14359377,0.18474929,0.13496365,0.18129054,0.10912814,0.15502103,0.15099536,0.15998334,0.12158207,0.12908098,0.13664882,0.1332858,0.135708,0.13344161,0.13045353,0.15080838,0.1285199,0.14345427,0.13880745,0.14966324,0.13293844,0.11195108,0.116031885,0.10091186,0.114099704,0.15457766,0.1593027,0.11989937,0.13307048,0.13838618,0.13166901,0.10154935,0.11039265,0.12616898,0.12284886,0.13358243,0.13359903,0.12919804,0.121847965,0,normal,normal_breathing_02
0.383774,0.23014563,0.5996905,0.03989756,0.5550556,1.4914706,0.2437425,0.533494,0.45687956,0.23633671,0.625,0.3125,18.75,0.52319866,0.47680137,0.64779407,0.8799697,0.15165836,0.14755863,0.12361532,0.12529667,0.14891432,0.14273402,0.12855896,0.12855239,0.1670298,0.18530701,0.099923216,0.1624604,0.14827919,0.16391973,0.15707316,0.13946295,0.1736874,0.1367817,0.16468185,0.13213626,0.14081588,0.15631811,0.17235531,0.14716297,0.16122931,0.12774792,0.15492773,0.14557603,0.17077117,0.14346047,0.13849531,0.1402418,0.12945455,0.13052158,0.13948703,0.11287044,0.15003309,0.11816366,0.12964061,0.1340065,0.12747523,0.10556059,0.10657145,0.114800364,0.09926146,0.1185014,0.15062726,0.16844265,0.10380012,0.1349685,0.14022063,0.12352159,0.11401351,0.11196403,0.12816483,0.110218175,0.11241621,0.127146,0.1308217,0.123158805,0.17263518,0.1971797,0.09869183,0.16854198,0.15509951,0.14834496,0.13416643,0.13150157,0.1706436,0.13300323,0.153783,0.123144805,0.1491503,0.15367553,0.17703173,0.14246471,0.16437186,0.10655594,0.1512653,0.15307096,0.15138972,0.12393581,0.13077109,0.13516344,0.13712648,0.1287197,0.13667946,0.122532725,0.15231697,0.1254698,0.13173947,0.14402747,0.1419459,0.12244535,0.10961792,0.11715524,0.113186814,0.110715054,0.14343438,0.16002293,0.10648577,0.14234442,0.14358781,0.13185926,0.111293346,0.11181625,0.13615637,0.113439865,0.12681074,0.13665757,0.12939203,0.121314645,0,normal,normal_breathing_02
0.39011803,0.27616134,0.70789176,0.04114053,0.6044289,1.4241474,0.23645332,0.5258947,0.44962105,0.23921777,0.6805556,0.28320312,16.992188,0.7156239,0.2843761,0.33460054,0.8683804,0.15406626,0.14888284,0.12240271,0.12243424,0.15258731,0.14470631,0.125391,0.12589704,0.17474908,0.1792075,0.10652934,0.16607468,0.14881444,0.16872166,0.15156831,0.14030825,0.17496334,0.14019032,0.17159873,0.1405941,0.13954167,0.16205774,0.16622049,0.15036963,0.1654417,0.13441111,0.15954153,0.14019388,0.17130433,0.14522192,0.14035562,0.13489267,0.13355185,0.13191439,0.14152786,0.110757,0.14315094,0.103467934,0.1328698,0.1344238,0.12085947,0.10792234,0.12346842,0.10709567,0.10211615,0.117071316,0.14650458,0.1621203,0.115547195,0.12889478,0.12679459,0.12341462,0.118864775,0.101252355,0.13268116,0.10022891,0.10967432,0.12651704,0.12247186,0.12318328,0.17009807,0.19137508,0.11764938,0.17573515,0.16317552,0.15832572,0.12179322,0.14022963,0.17288575,0.14294432,0.15673897,0.13160796,0.14107622,0.15151028,0.17143077,0.14173372,0.16614877,0.11571624,0.15562247,0.14961936,0.16455474,0.1297555,0.13357489,0.13077614,0.14027545,0.1304636,0.13561162,0.123906,0.14495274,0.10304559,0.12902528,0.14311774,0.1249466,0.12231447,0.1303161,0.10947187,0.118150055,0.103879206,0.14134571,0.1524814,0.10475976,0.13471018,0.14145388,0.1272892,0.11857278,0.105910026,0.14554723,0.10789475,0.12347745,0.13967007,0.11386238,0.12103227,0,normal,normal_breathing_02
0.40842387,0.436203,1.0680155,0.042020585,0.5849351,1.5800201,0.25626203,0.5258947,0.4872877,0.19487788,0.6527778,0.28320312,16.992188,0.71705467,0.28294533,0.3326032,0.8771105,0.15988162,0.14469634,0.11798061,0.12402363,0.15629849,0.1408068,0.12153917,0.12882149,0.18066059,0.17206801,0.12808774,0.16838476,0.15266535,0.17810735,0.15414779,0.15139887,0.1787115,0.14016682,0.18753499,0.13615215,0.15037514,0.1425477,0.16577156,0.16450867,0.15731974,0.11782093,0.16049327,0.15149026,0.1690294,0.14066212,0.13839316,0.12561452,0.123445936,0.12395505,0.13332766,0.11450395,0.1517702,0.09276157,0.12428265,0.13364638,0.10528616,0.10551905,0.1223577,0.11062337,0.10223581,0.103178814,0.13425456,0.15928279,0.10615827,0.11920937,0.13794824,0.12437968,0.13037083,0.10560573,0.13900955,0.11559528,0.109031335,0.13318956,0.11118216,0.12134446,0.1791583,0.17466061,0.1347121,0.17182723,0.1632933,0.1660373,0.122339696,0.14636654,0.17284423,0.14020942,0.18045418,0.13178757,0.14818978,0.13369559,0.16940953,0.14873348,0.15282951,0.10383377,0.15909359,0.15796866,0.1651415,0.12963718,0.13092983,0.123944655,0.13066679,0.1246042,0.12809223,0.124122836,0.15261671,0.101573355,0.11892289,0.14893974,0.10675194,0.121430546,0.1267539,0.11308808,0.112921886,0.09344263,0.13135242,0.15474193,0.1068731,0.12319633,0.1521904,0.13128085,0.13426986,0.1086383,0.15567476,0.117344975,0.11678047,0.14701815,0.10348741,0.12318295,0,normal,normal_breathing_02
0.4264151,0.2876261,0.6745214,0.04288707,0.6540382,1.6191782,0.28329992,0.5224789,0.5422227,0.17372514,0.625,0.3125,18.75,0.43489346,0.5651065,0.8326542,0.9435448,0.16133365,0.14413708,0.11897276,0.12220204,0.15690625,0.14095797,0.121970184,0.12852319,0.17697673,0.16898976,0.13136561,0.17239046,0.15433584,0.1825346,0.15649566,0.16085036,0.18591112,0.1360929,0.19085476,0.13053198,0.15000764,0.14487202,0.16378221,0.1692726,0.15541327,0.11287918,0.16364452,0.14965354,0.16636045,0.13572381,0.13472721,0.13051765,0.11606512,0.13087046,0.13241862,0.1163872,0.14856055,0.10271785,0.11844721,0.13609715,0.10282374,0.11053293,0.12253728,0.11705911,0.10425138,0.106669694,0.1281432,0.14717187,0.116391264,0.11576633,0.12861973,0.1306198,0.12701988,0.11745703,0.13705942,0.11466416,0.10845011,0.12472047,0.10941354,0.11127292,0.17920557,0.1687346,0.14092927,0.17308985,0.15929379,0.16951391,0.12706897,0.1483971,0.17461464,0.13619134,0.1825403,0.13388784,0.14631411,0.13522755,0.1655423,0.15007602,0.15463008,0.10818735,0.15729621,0.15383196,0.1619425,0.13264415,0.13202779,0.124543935,0.13007088,0.12643279,0.13212594,0.12366312,0.14500794,0.11081268,0.115027376,0.14897649,0.10344381,0.12811872,0.13284734,0.11437742,0.10821103,0.096989155,0.12601137,0.14116602,0.11738701,0.12733406,0.14474724,0.13361868,0.13464098,0.11733563,0.15332353,0.11472925,0.11687459,0.14661485,0.105291,0.117738605,0,normal,normal_breathing_02
0.43381628,0.28822312,0.6643897,0.040895473,0.6431885,1.617122,0.2878572,0.45330176,0.6350233,0.15071285,0.6527778,0.3125,18.75,0.37670428,0.6232957,0.9762948,0.903839,0.16075045,0.14167002,0.11988535,0.12568021,0.15503845,0.13935374,0.12284798,0.13152994,0.16673185,0.17070805,0.14344236,0.1679613,0.13879655,0.1831829,0.1555937,0.16204265,0.17738667,0.14127277,0.18378754,0.14801113,0.15083838,0.15130042,0.14971179,0.16549054,0.17823821,0.122608714,0.15170327,0.14363219,0.1448682,0.1314474,0.13381757,0.12424167,0.120358974,0.12429135,0.13645679,0.10386957,0.14115722,0.10820169,0.13326286,0.13088942,0.10005432,0.123115644,0.13620551,0.11500762,0.121708766,0.09685372,0.111726455,0.14656217,0.13140124,0.12835293,0.11724735,0.12793596,0.12999454,0.121607475,0.14042987,0.10069521,0.11545919,0.12630944,0.12261746,0.12522987,0.1705743,0.16958046,0.14650165,0.16728944,0.13931519,0.16595425,0.12690282,0.1460261,0.1817551,0.13636048,0.1770141,0.14282425,0.14540175,0.15085532,0.14695121,0.1431477,0.17148483,0.112863876,0.15107773,0.13785286,0.1477987,0.1385068,0.13568828,0.13102978,0.131702,0.11263959,0.13911682,0.09879862,0.1291379,0.11031959,0.120797284,0.15496548,0.10994083,0.14485596,0.13922438,0.10864848,0.11841492,0.098954275,0.1238492,0.13844113,0.12291642,0.14181891,0.1325276,0.13942273,0.14268637,0.11805294,0.15686698,0.09410447,0.117791556,0.15087347,0.116277516,0.13810913,0,normal,normal_breathing_02
0.4347036,0.25899428,0.59579515,0.039513692,0.59060156,1.7030717,0.28606454,0.46000332,0.6218749,0.16516662,0.6666667,0.1953125,11.71875,0.69762397,0.30237603,0.36007503,0.8729052,0.16110432,0.14168221,0.1222109,0.12310461,0.15412028,0.13867822,0.123962075,0.13242058,0.15583368,0.17067169,0.16872229,0.16158946,0.1312127,0.18511155,0.14818317,0.16455463,0.16126272,0.16396283,0.19106434,0.15607008,0.13611712,0.16325516,0.13437322,0.16472198,0.17255928,0.13069241,0.15310158,0.13521567,0.12853119,0.1300924,0.1375598,0.12469479,0.14194076,0.1251304,0.14427303,0.11006741,0.13502935,0.11639879,0.13168515,0.13506556,0.110429004,0.12048525,0.13762924,0.11101206,0.12899388,0.11181113,0.09586181,0.12718089,0.14169319,0.11337689,0.12050584,0.1282326,0.13529749,0.11122383,0.13236149,0.10175625,0.113548085,0.12818675,0.12604748,0.12094909,0.15929207,0.17341574,0.16583097,0.15911393,0.13114765,0.16449313,0.13050327,0.14504665,0.16988696,0.1440995,0.18696067,0.14733265,0.12644042,0.16099067,0.13838705,0.14195672,0.16962321,0.11393521,0.15390763,0.1267171,0.13664438,0.13426901,0.13359608,0.13629775,0.14078152,0.1157106,0.1490313,0.099685274,0.120183796,0.11498675,0.12027409,0.15311378,0.11636386,0.13871363,0.1401838,0.111684255,0.11709164,0.11202637,0.118168436,0.13238569,0.13216856,0.14000736,0.1367868,0.14098212,0.15547407,0.11279237,0.1452685,0.095239945,0.11590884,0.14674008,0.12453359,0.1431796,0,normal,normal_breathing_02
0.44746074,0.19103368,0.42692834,0.04192464,0.65245026,1.740743,0.29025152,0.45947814,0.6316982,0.14650296,0.625,0.1953125,11.71875,0.7257828,0.2742172,0.32050446,0.8324459,0.1597181,0.14079048,0.12274066,0.12515457,0.15554206,0.13966855,0.12132607,0.13082443,0.1562413,0.16609211,0.17236038,0.162199,0.12522893,0.18314992,0.14250095,0.16299197,0.15376244,0.16615704,0.1911024,0.15788469,0.13666405,0.1687411,0.1365419,0.16352783,0.170986,0.13152026,0.14994687,0.13212152,0.121266626,0.13019899,0.13429599,0.12759124,0.14007992,0.12345789,0.14664069,0.11264185,0.13977185,0.11575934,0.13007209,0.13621907,0.11005275,0.117142096,0.13483286,0.112477764,0.12726313,0.11476061,0.09799453,0.12482882,0.14592728,0.1158604,0.12741707,0.1272466,0.14127836,0.110039316,0.12995604,0.11242269,0.11134132,0.1322028,0.12838109,0.12010765,0.15387419,0.1624465,0.17322224,0.16435355,0.118021406,0.17258878,0.13417189,0.14233209,0.16570948,0.15741673,0.19890869,0.15520085,0.12380045,0.16568857,0.13289773,0.1481043,0.17348504,0.116463654,0.15421674,0.12503107,0.13042895,0.12659837,0.14449342,0.13617377,0.13939139,0.122718304,0.16714552,0.10007227,0.11821976,0.11087766,0.12002578,0.15247522,0.10590651,0.12661709,0.1308804,0.10101478,0.10499259,0.1171603,0.121851,0.13263565,0.13246292,0.13369603,0.1411443,0.13192059,0.16611402,0.10717839,0.13822614,0.091186866,0.112598196,0.14291656,0.13197398,0.13866399,0,normal,normal_breathing_02
0.4824326,0.30516407,0.63255274,0.04378626,0.6367974,1.97978,0.29297158,0.48287302,0.60672593,0.15735039,0.7361111,0.1953125,11.71875,0.4725036,0.5274964,0.7497099,0.86018604,0.15415668,0.1392272,0.12519194,0.13023269,0.15125093,0.13799807,0.12494656,0.13208078,0.12920316,0.1577205,0.19276436,0.16810367,0.11806511,0.1693833,0.14111161,0.15115808,0.13827506,0.15162642,0.19926219,0.15122353,0.13613993,0.17117469,0.13778253,0.1544009,0.15813288,0.13825881,0.13456364,0.1351693,0.11723696,0.12864292,0.12519108,0.14406021,0.15182155,0.11351802,0.13885038,0.12980549,0.1537738,0.111064926,0.1415802,0.145585,0.10831351,0.13231006,0.11821818,0.1103837,0.12406425,0.10660612,0.10693965,0.13155858,0.15127571,0.1286808,0.11232277,0.13589251,0.1398657,0.10435078,0.1290097,0.12553321,0.12679584,0.13661471,0.13578297,0.13534167,0.12629953,0.15360874,0.19999266,0.15996744,0.10274692,0.15868603,0.1505716,0.1269232,0.14707255,0.1495485,0.21899974,0.14691992,0.124925144,0.16457257,0.13562347,0.15311135,0.16709971,0.12848698,0.13089985,0.13413697,0.11195484,0.11594633,0.13243777,0.16074745,0.14142972,0.11752798,0.16855086,0.1301683,0.12642676,0.11330707,0.123959914,0.15614247,0.105214015,0.13247967,0.11570607,0.10166748,0.09664319,0.11480974,0.13922969,0.1474942,0.12778012,0.15239885,0.11810586,0.1304652,0.16732524,0.096016526,0.13832277,0.10321741,0.12204164,0.1396015,0.13026625,0.14401446,0,normal,normal_breathing_02
0.46998653,0.2867589,0.6101428,0.04467532,0.61044854,1.9826465,0.29297158,0.48287302,0.60672593,0.15899053,0.7361111,0.1953125,11.71875,0.4259719,0.5740281,0.8533819,0.8953858,0.15221317,0.13798182,0.12744142,0.13156062,0.14740178,0.13732977,0.13033845,0.12952939,0.14902371,0.15330096,0.18138918,0.16704145,0.11641669,0.17018306,0.1556948,0.13901396,0.13115078,0.15391628,0.18788254,0.14400408,0.12975375,0.1720433,0.13274501,0.13987854,0.16509461,0.13509819,0.11864097,0.13093956,0.1118967,0.12395264,0.11830498,0.15347187,0.15296677,0.13873044,0.1377204,0.13390593,0.14806478,0.122353934,0.14481467,0.15412064,0.105958395,0.13715392,0.12346017,0.10462599,0.1240185,0.10534422,0.115197,0.13497639,0.16031635,0.13747278,0.10872391,0.13367058,0.128613,0.10207114,0.13449611,0.12798497,0.12843886,0.12945443,0.14483897,0.13923065,0.16548066,0.14566119,0.17147946,0.15449652,0.08759778,0.16161595,0.18930459,0.11137753,0.12780665,0.16831774,0.18521427,0.13161923,0.11625163,0.15226097,0.1268263,0.14222436,0.18817014,0.118963726,0.118491985,0.13939759,0.09904304,0.101020545,0.1226603,0.18185522,0.12659457,0.16777821,0.17190081,0.14461061,0.10709585,0.14017779,0.11854067,0.16910557,0.113656834,0.12442152,0.1437374,0.09842912,0.09676475,0.10966721,0.15629157,0.16121386,0.11473046,0.15035999,0.12011398,0.12649369,0.14509171,0.091849655,0.15561333,0.12046465,0.11865608,0.11488988,0.12957892,0.13482578,0,normal,normal_breathing_02
0.47487628,0.31538716,0.66414595,0.049293455,0.66994756,2.0265934,0.27623254,0.4801867,0.5752607,0.14418459,0.5833333,0.1953125,11.71875,0.42033342,0.57966655,0.866707,0.9060733,0.15032296,0.13414219,0.13031131,0.13457477,0.14704156,0.13332486,0.13464268,0.13052404,0.1505626,0.15929751,0.170902,0.16006503,0.1259946,0.15762858,0.15466438,0.13024466,0.14529794,0.14815418,0.18016343,0.1410035,0.13022013,0.1579735,0.12331861,0.13161032,0.15826356,0.1316016,0.11052384,0.13188688,0.10554555,0.12651399,0.11567021,0.14986649,0.15186492,0.14920896,0.13644715,0.13657339,0.14620724,0.12609383,0.15680681,0.16956426,0.10950061,0.14223327,0.12875232,0.09525113,0.11695978,0.09968158,0.1299756,0.15537286,0.15229246,0.15561257,0.11327466,0.13806444,0.12515803,0.09311358,0.13591076,0.13550146,0.13233589,0.12648912,0.14462566,0.14172052,0.16457891,0.16125584,0.15490063,0.14527604,0.11704921,0.14621064,0.18888037,0.11784835,0.13875493,0.15336595,0.16928363,0.13343088,0.1207049,0.13975336,0.11704564,0.13973038,0.18214576,0.11308543,0.11578224,0.13684411,0.09221809,0.104376964,0.115175866,0.1730944,0.12735082,0.17662019,0.16562636,0.15031748,0.11695464,0.1496732,0.14020607,0.17496385,0.1185183,0.13120617,0.14440109,0.09330994,0.09404428,0.10536798,0.1657654,0.1735766,0.107583754,0.16113392,0.12128525,0.13048936,0.1341025,0.08832814,0.1518428,0.13078408,0.12865154,0.105270155,0.12554172,0.13822268,0,normal,normal_breathing_02
0.46659312,0.3390857,0.7267268,0.048970137,0.57767665,2.0743744,0.34816608,0.48295572,0.7209068,0.083882734,0.6944444,0.20507812,12.3046875,0.48258832,0.5174117,0.7285914,0.9289183,0.15107317,0.13392504,0.13159122,0.13300556,0.14922789,0.13360995,0.13394357,0.12939182,0.1613219,0.15398616,0.17422086,0.1570021,0.123987205,0.14809127,0.15281583,0.15570019,0.1405215,0.14825504,0.16984037,0.13026544,0.14794329,0.1501164,0.137624,0.12533598,0.14563364,0.12711574,0.10632915,0.124741636,0.12103347,0.122274876,0.12172224,0.15301485,0.15374616,0.15233725,0.13781442,0.14269929,0.14314628,0.13936882,0.15082929,0.18252765,0.10719485,0.140093,0.117080994,0.09383262,0.1074509,0.1107549,0.13789272,0.14669947,0.14657024,0.14763588,0.1173173,0.13597779,0.1306085,0.09566299,0.12881352,0.14097208,0.12667626,0.11664432,0.14570367,0.14979023,0.17147635,0.163141,0.15633276,0.14527832,0.11708135,0.14657904,0.18428752,0.14018019,0.13056454,0.15533796,0.16032113,0.12850457,0.14087777,0.129625,0.12598881,0.1386398,0.18314017,0.11537473,0.11463905,0.13250992,0.10391963,0.0987696,0.11842385,0.16883424,0.12709458,0.1799699,0.16341218,0.15190043,0.11882603,0.15737002,0.13538356,0.17889614,0.110909075,0.12796697,0.13930556,0.09280884,0.093399845,0.1063281,0.16475977,0.16568224,0.109102614,0.15283665,0.121743925,0.1302878,0.1366507,0.09401874,0.14943974,0.13180411,0.12466396,0.10323543,0.12707795,0.13554971,0,normal,normal_breathing_02
0.610076,0.39144525,0.64163357,0.067005105,0.677798,2.738896,0.39249858,0.89444095,0.43881997,0.30960447,0.7222222,0.1953125,11.71875,0.3582454,0.64175457,1.0265371,0.9310807,0.15245646,0.13742019,0.13163978,0.12915353,0.1501845,0.13933921,0.13293563,0.12718293,0.17058578,0.1440629,0.15582569,0.16107167,0.12896489,0.14987135,0.15425566,0.16694075,0.15526567,0.14628343,0.16156572,0.12735845,0.15988195,0.12783533,0.14349511,0.13115446,0.15905114,0.14225388,0.12454586,0.1235637,0.15330717,0.1254373,0.12579271,0.14694135,0.14310706,0.13997747,0.13303272,0.14617386,0.13606231,0.14394663,0.14129359,0.16759713,0.10335375,0.13869652,0.11313165,0.113707855,0.1159695,0.11659611,0.14175552,0.13369326,0.14074664,0.1442145,0.10553861,0.13048573,0.13820289,0.11418253,0.121155396,0.11973134,0.12261709,0.11006505,0.15054283,0.14782012,0.18447787,0.13532723,0.1563565,0.13817485,0.12311269,0.14858489,0.17121832,0.15584326,0.13200028,0.15511487,0.14944147,0.13534008,0.16740617,0.12054658,0.13316473,0.14046688,0.16704176,0.14399238,0.13020518,0.13153002,0.1500701,0.11213815,0.13353267,0.15914801,0.13347718,0.15609615,0.14688961,0.1544091,0.11849873,0.16249633,0.12739885,0.17242996,0.10370538,0.13113035,0.12193661,0.11416993,0.110130705,0.114342324,0.15062526,0.13741347,0.11850548,0.13874829,0.11012845,0.122628346,0.14409813,0.116661236,0.13028681,0.118157774,0.12758163,0.10652259,0.14041711,0.14222881,0,normal,normal_breathing_02
0.8162034,0.3690402,0.45214242,0.085260056,0.8604924,3.8095112,0.3725469,1.3677375,0.2723819,0.5227966,0.6111111,0.20507812,12.3046875,0.31361392,0.6863861,1.1595926,0.90212226,0.1549412,0.13898705,0.13187161,0.12546828,0.15273604,0.13890454,0.13369082,0.1261221,0.1671131,0.16481777,0.14639316,0.15710618,0.1385403,0.16167821,0.16373906,0.15629546,0.16181937,0.1422523,0.15832128,0.14026009,0.15589944,0.13009346,0.14440697,0.13427585,0.16380003,0.1420909,0.13691904,0.13272941,0.15152912,0.12910603,0.12588868,0.143592,0.13376893,0.13863118,0.13482177,0.14331433,0.13613999,0.13405836,0.14713416,0.15114798,0.11076658,0.13661306,0.121129744,0.12237564,0.11776139,0.12213089,0.136937,0.12326918,0.13805246,0.13969,0.10273209,0.13105072,0.12841184,0.11912421,0.12586586,0.115336396,0.11672442,0.109218575,0.14060111,0.14101075,0.17318739,0.16195256,0.14623147,0.14478178,0.13724439,0.15316951,0.16983156,0.15504858,0.14707598,0.14910266,0.14868093,0.13934264,0.15991907,0.12842178,0.14163372,0.13611674,0.16276807,0.14174935,0.13506821,0.13272311,0.14706133,0.121484295,0.12788707,0.1501871,0.12893897,0.15171924,0.14200659,0.14799966,0.12734409,0.14608586,0.14241746,0.1578353,0.11314492,0.13190556,0.12585501,0.12129794,0.11567442,0.12156174,0.14485203,0.12752777,0.13040796,0.13943076,0.107341446,0.12609091,0.12907256,0.12483924,0.13114919,0.11992705,0.1196111,0.1074238,0.1366001,0.14016542,0,normal,normal_breathing_02
1.1103791,0.42827183,0.38569877,0.11438639,1.1755146,4.980393,0.41968408,1.6706389,0.2512117,0.5245074,0.7222222,0.3125,18.75,0.6183463,0.38165373,0.48070666,0.85028785,0.1556697,0.14088097,0.13065521,0.12481142,0.15412304,0.14099637,0.13178352,0.12521595,0.16447768,0.16623317,0.15598345,0.15127979,0.16019072,0.15600772,0.1565543,0.15190428,0.15531997,0.15301041,0.14899457,0.14289604,0.16085407,0.14105448,0.14939383,0.14378417,0.15761039,0.13860673,0.13980424,0.13434565,0.14786996,0.13529517,0.13426514,0.14349675,0.13023305,0.13569318,0.13175581,0.1445997,0.13279381,0.13220035,0.13705684,0.13864501,0.12000855,0.13135996,0.1294751,0.12402933,0.11255369,0.12684906,0.13719057,0.1184436,0.13273843,0.13222502,0.11739683,0.11654158,0.12862374,0.12838815,0.123959355,0.12157768,0.12209377,0.11648412,0.13128519,0.132791,0.16851296,0.16324872,0.15604116,0.14332204,0.15944438,0.15190506,0.157297,0.14949481,0.14811738,0.1572387,0.1416845,0.1417064,0.1655864,0.14132285,0.14921671,0.14454405,0.15371116,0.13673499,0.14005308,0.13461114,0.14960198,0.13185383,0.13263057,0.14722934,0.13047178,0.14097132,0.1336407,0.14870231,0.13088605,0.13777092,0.13447072,0.14274606,0.12229349,0.13098079,0.13024662,0.122322954,0.111644045,0.12631857,0.14116256,0.12226875,0.12717167,0.13236582,0.122588456,0.11413776,0.12805805,0.12944126,0.12505545,0.12262621,0.12547685,0.11687265,0.12975411,0.13199033,0,normal,normal_breathing_02
1.181166,0.77144974,0.6531255,0.13313559,1.4654524,5.1110563,0.41438088,1.7076998,0.2426544,0.43535432,0.6666667,0.3125,18.75,0.72940964,0.2705904,0.3155198,0.81425506,0.155507,0.14191571,0.1301349,0.1245084,0.15361133,0.14358743,0.1296894,0.1253793,0.1589984,0.16619392,0.1575382,0.15340053,0.16188635,0.15604597,0.15415289,0.15310687,0.15374894,0.1521068,0.14763884,0.14494446,0.16182883,0.14365338,0.15249251,0.14618559,0.15651487,0.1402267,0.14252025,0.13865244,0.14769788,0.13466167,0.13584125,0.14224514,0.13126142,0.13295105,0.13163677,0.14252229,0.13514765,0.12970287,0.1355437,0.13629404,0.1205911,0.12907903,0.12932199,0.124369055,0.1164582,0.12679681,0.13429017,0.11949603,0.1307204,0.13154559,0.11694045,0.11651934,0.13017097,0.12834401,0.12198189,0.1206198,0.1237469,0.11728532,0.12812944,0.13310912,0.1586703,0.15997837,0.15472955,0.15083066,0.16238259,0.15202595,0.14722435,0.15301137,0.15151244,0.15595599,0.14253968,0.14405742,0.16402863,0.14727122,0.1542534,0.14834738,0.15502104,0.13822074,0.1443238,0.13989022,0.14662705,0.13539419,0.13955438,0.14405647,0.1363588,0.1373179,0.13252519,0.14226043,0.13929665,0.13071136,0.13331576,0.13399914,0.11971771,0.12654908,0.12999639,0.12021528,0.11872217,0.1253785,0.13327454,0.12445229,0.12847078,0.13004331,0.12012601,0.11101167,0.13432457,0.13292015,0.12200603,0.12027047,0.12750229,0.11930193,0.1273725,0.13212888,0,normal,normal_breathing_02
1.2189009,0.94746447,0.77731043,0.13702969,1.7405252,5.061416,0.62626237,1.6996592,0.3684635,0.28803718,0.7083333,0.3125,18.75,0.57674384,0.42325616,0.55035704,0.88558555,0.15651703,0.14239457,0.12892929,0.12397928,0.1541249,0.14439015,0.12841478,0.12515958,0.15699038,0.16666384,0.15935726,0.1571124,0.1629691,0.15695338,0.15412165,0.15545857,0.15256053,0.15242805,0.14821078,0.1488014,0.16309407,0.14492628,0.15350534,0.14526121,0.1570482,0.14009775,0.14681876,0.14289315,0.14805385,0.13323943,0.1339645,0.14094664,0.13304627,0.13132808,0.1298399,0.13998473,0.13290283,0.12736918,0.13313688,0.13496977,0.12084171,0.12727201,0.12666982,0.12548049,0.11798129,0.12867048,0.1309617,0.11512329,0.12991877,0.12789547,0.11829468,0.114113994,0.13104959,0.12756225,0.1210917,0.11977434,0.12327004,0.12039476,0.13158435,0.13165732,0.1565777,0.15871753,0.15521455,0.15409,0.16106062,0.15317802,0.14529844,0.15485558,0.15291968,0.15664732,0.1427526,0.14608094,0.16623078,0.1481965,0.15590884,0.14903963,0.15440984,0.13943253,0.14811361,0.14307483,0.14595672,0.13452375,0.13933627,0.14412856,0.13768828,0.13726251,0.13349451,0.13994043,0.13771914,0.12810059,0.1312869,0.1319488,0.118752606,0.1233586,0.1285183,0.12118135,0.119719274,0.12619868,0.12917294,0.12117187,0.13024725,0.12747276,0.119604096,0.10942079,0.13587014,0.13212354,0.12278017,0.1212985,0.12590167,0.12039109,0.12946627,0.13132638,0,normal,normal_breathing_02
1.3036014,0.9326762,0.7154612,0.14124711,2.0302896,5.067528,0.43317983,1.6942887,0.2556706,0.3633929,0.75,0.21484375,12.890625,0.33782098,0.662179,1.0852392,0.939897,0.15663616,0.14284383,0.12848292,0.123867996,0.15471089,0.14437217,0.12786189,0.12510248,0.15644103,0.16707979,0.16210659,0.15819271,0.16371165,0.15784502,0.15480287,0.15103221,0.15323895,0.15281916,0.15178783,0.14772792,0.15948431,0.14655589,0.15208207,0.1492523,0.15220234,0.14545026,0.14750868,0.14261225,0.14469567,0.1349218,0.13597156,0.14288321,0.13230856,0.13052519,0.1307111,0.1421588,0.13202225,0.12733805,0.1325046,0.13082173,0.12130718,0.12690113,0.12756035,0.12572716,0.11983576,0.12447719,0.12891263,0.11553698,0.12946716,0.12972394,0.11837684,0.11662802,0.13038293,0.12725289,0.12070943,0.121615626,0.1239098,0.12001376,0.12669228,0.12997429,0.15709941,0.15891784,0.15683551,0.15650618,0.16066882,0.15481177,0.14655912,0.15423298,0.15365218,0.15644442,0.14525527,0.14683603,0.16342199,0.14906374,0.15476866,0.15030003,0.15088749,0.14216618,0.15064941,0.1429386,0.14374405,0.13517025,0.14005107,0.1439443,0.13790344,0.13525099,0.13293937,0.1392435,0.1365836,0.12733519,0.13063958,0.12975466,0.118456185,0.12442767,0.12845127,0.121995844,0.1202085,0.124378756,0.1277905,0.12081305,0.1300244,0.12794398,0.11964903,0.10867674,0.13534266,0.13193333,0.12243615,0.122136764,0.12653083,0.12097278,0.12834038,0.13153207,0,normal,normal_breathing_02
1.3549997,1.0090157,0.7446612,0.15267451,2.3471544,5.0306635,0.44421074,1.6861432,0.2634478,0.36503887,0.8055556,0.1953125,11.71875,0.1610608,0.8389392,1.8259734,0.8913155,0.15726194,0.14239076,0.12697491,0.12509261,0.15676098,0.14355418,0.12628074,0.12512414,0.15591069,0.16905196,0.16672285,0.16039513,0.16564621,0.15814614,0.15422106,0.15051581,0.14974138,0.15512899,0.15370454,0.15123005,0.15399042,0.14927343,0.15167037,0.14929707,0.14743695,0.14800228,0.14803678,0.14425646,0.13573293,0.1335748,0.1369774,0.14319652,0.13349654,0.13012834,0.12783846,0.14304927,0.13039201,0.12696965,0.13081686,0.12823565,0.12128418,0.1257918,0.12511152,0.12512146,0.12189133,0.11936192,0.12480967,0.11331366,0.12633386,0.13108602,0.123936936,0.119076,0.1307675,0.12909439,0.12067432,0.12626944,0.12725477,0.124593325,0.12223906,0.1315646,0.15489057,0.16375047,0.16051051,0.16378514,0.16456892,0.15917425,0.1491558,0.15405293,0.15375577,0.15847625,0.15188923,0.14865613,0.1552267,0.15215313,0.15407816,0.15171021,0.15016766,0.14402138,0.1502265,0.1430423,0.13516529,0.1331973,0.1392119,0.14183319,0.1366126,0.13478468,0.13048315,0.13913032,0.13599078,0.123550735,0.1297462,0.12509775,0.119384274,0.123199634,0.12815925,0.12143382,0.12178296,0.11911993,0.12457086,0.119703606,0.12758951,0.13114296,0.124306664,0.11346927,0.13217725,0.12962434,0.123399325,0.12365654,0.12682025,0.12142568,0.12331412,0.12998426,0,normal,normal_breathing_02
1.4767075,1.1030718,0.7469806,0.16604197,2.4866478,5.5965123,0.44849232,1.6774292,0.26736885,0.3408973,0.9027778,0.1953125,11.71875,0.30709687,0.69290316,1.1805921,0.88939947,0.15716052,0.14277713,0.12680309,0.124887384,0.15671733,0.14390369,0.12569122,0.12533969,0.15285346,0.16724503,0.16867536,0.16499609,0.16866331,0.15996517,0.15237123,0.15196677,0.14623357,0.1533193,0.15699287,0.14715613,0.15264851,0.14995879,0.15004137,0.15715946,0.14706323,0.14635289,0.14684997,0.14290342,0.13848639,0.13373022,0.13831136,0.14089821,0.1328804,0.13146704,0.12670264,0.14216273,0.13036355,0.12481963,0.1247196,0.1262737,0.12349545,0.12947349,0.12785423,0.12522292,0.12489115,0.11769357,0.124767505,0.11565404,0.12606679,0.13132495,0.12804581,0.11904854,0.13021727,0.12625776,0.120398335,0.12531227,0.12634125,0.12736064,0.119214945,0.12829338,0.15367371,0.16070224,0.16210689,0.16571195,0.16519102,0.16262093,0.14904198,0.15461251,0.14954793,0.15735047,0.15500215,0.14836115,0.15340246,0.15116052,0.15143782,0.1585007,0.15190254,0.14446712,0.14985837,0.14251894,0.13579889,0.1335712,0.14043225,0.14017953,0.13658677,0.13433327,0.1268483,0.13909547,0.13457845,0.12366861,0.12414353,0.12378138,0.12086081,0.12591764,0.12832747,0.123444,0.12347798,0.116487466,0.123354785,0.118637174,0.12667914,0.13195203,0.12849867,0.11590245,0.13245472,0.12664497,0.122947335,0.12404105,0.12719446,0.123326175,0.12142392,0.12971383,0,normal,normal_breathing_02
1.2978158,1.0609537,0.81749177,0.14642738,1.9311154,4.8486147,0.43280834,1.6673788,0.2595741,0.4009809,0.8333333,0.1953125,11.71875,0.20484655,0.79515344,1.5854942,0.90385836,0.15829007,0.14336982,0.1255888,0.12379376,0.15685461,0.14418598,0.12465559,0.12575622,0.15089498,0.16873336,0.16758898,0.17288497,0.16531186,0.16472144,0.15599598,0.15437385,0.14937419,0.14808403,0.16288215,0.14782137,0.14910375,0.14911978,0.14955279,0.15998262,0.1481745,0.15026799,0.14853768,0.14782031,0.13838066,0.1296614,0.1366734,0.13954008,0.13349466,0.13260189,0.1282886,0.14001916,0.1320581,0.12287407,0.12292928,0.12472561,0.12222266,0.12807907,0.124628805,0.12418507,0.1321835,0.112585634,0.11787477,0.11738657,0.12253748,0.13360122,0.12790659,0.12442643,0.12918025,0.121249065,0.11960508,0.12064935,0.12230801,0.12795626,0.11602378,0.12648878,0.15185122,0.16026267,0.15806024,0.17143533,0.16008149,0.16632316,0.15038459,0.15877852,0.15109307,0.15442029,0.15813136,0.14956723,0.14872079,0.15011573,0.1506381,0.16022599,0.1543139,0.14787918,0.15201767,0.14405307,0.13152719,0.13088189,0.14119789,0.13686319,0.13826431,0.13643962,0.12745304,0.1348216,0.1345523,0.122927666,0.12384438,0.123099744,0.118289664,0.12580687,0.12576714,0.124389194,0.12783402,0.112995535,0.11874155,0.118759945,0.1281947,0.13442326,0.12694736,0.1192739,0.1327514,0.12520461,0.12303211,0.124832,0.12489522,0.12287313,0.1218439,0.13179934,0,normal,normal_breathing_02
1.229264,0.8939958,0.727261,0.128697,1.0882304,4.8486147,0.24163873,1.6673788,0.14492132,0.57614887,0.5833333,0.1953125,11.71875,0.20974192,0.7902581,1.5618775,0.9166296,0.15883231,0.14299871,0.12529129,0.12377097,0.15892667,0.14264213,0.12395662,0.12538138,0.15287434,0.16883157,0.16893117,0.17404588,0.16502921,0.16589071,0.15705012,0.15430486,0.15067142,0.14885977,0.1651543,0.14674951,0.14642715,0.14767049,0.14750315,0.16154201,0.14734846,0.15074924,0.1475903,0.14469402,0.1381344,0.1310219,0.13821861,0.13917427,0.13224567,0.13309072,0.12765564,0.1420074,0.12996018,0.12336303,0.12145842,0.1235451,0.12132454,0.1289181,0.12422235,0.12506953,0.13185124,0.11185552,0.11755573,0.1147898,0.12388964,0.13331948,0.12896585,0.12562671,0.12857205,0.121452056,0.11966886,0.121577136,0.12147393,0.12867531,0.11571961,0.12529214,0.15407635,0.16392882,0.16322185,0.17389916,0.16015892,0.17043191,0.15621534,0.1595885,0.14979084,0.15384215,0.16447654,0.1507917,0.14562455,0.14817937,0.14706954,0.16295001,0.1507798,0.15158561,0.15203694,0.14048308,0.13077244,0.12868568,0.13873455,0.13372456,0.13564861,0.13369735,0.12518792,0.13695352,0.12729836,0.12401243,0.12194304,0.12244601,0.118933424,0.12939118,0.12192389,0.12830548,0.12628236,0.11068339,0.1180751,0.11157422,0.12883712,0.13699883,0.12952301,0.12391125,0.1288199,0.12096954,0.121916376,0.1259842,0.12361235,0.12317098,0.12221144,0.1324287,0,normal,normal_breathing_02
1.212719,0.9198072,0.75846684,0.124210194,1.681633,4.8486147,0.24163873,1.6673788,0.14492132,0.593022,0.6805556,0.1953125,11.71875,0.37057045,0.6294295,0.99271166,0.9492165,0.15886255,0.14299779,0.12597232,0.12300058,0.15977004,0.1421044,0.12391417,0.124808006,0.1535633,0.16830835,0.16702619,0.17310202,0.16491176,0.16659488,0.15687262,0.152595,0.1516196,0.15011,0.16966179,0.14465198,0.14619567,0.14565167,0.14981762,0.16162443,0.1421952,0.15092987,0.14353135,0.14070849,0.14022538,0.13527288,0.14137596,0.14295888,0.13030861,0.13437077,0.12670536,0.14589553,0.13124683,0.12584381,0.11937033,0.12330809,0.12060031,0.13031368,0.12619624,0.12651935,0.13095903,0.1120099,0.11867167,0.11535894,0.12509017,0.13279894,0.12765256,0.1253779,0.12796775,0.12136634,0.119977586,0.12123229,0.12113324,0.12668821,0.11036358,0.12399999,0.15600619,0.16469082,0.16332446,0.17526557,0.16201676,0.17446709,0.1599293,0.1581101,0.14678368,0.1555359,0.16860344,0.1495934,0.14268382,0.1471149,0.14779802,0.16309609,0.14866777,0.15197207,0.14926605,0.13642572,0.13241217,0.13064569,0.14081903,0.13478199,0.13305311,0.13130464,0.120639496,0.13819082,0.12707557,0.12486183,0.1197684,0.123708926,0.11946713,0.13284141,0.121739864,0.12849486,0.1262757,0.10918976,0.11863044,0.11086035,0.12702142,0.13705641,0.1315708,0.12451027,0.12759034,0.12122001,0.11999146,0.12302468,0.12459799,0.12334724,0.11936294,0.1323502,0,normal,normal_breathing_02
1.1262015,1.1191273,0.9937185,0.11879033,1.4288284,4.5690336,0.24163873,1.6673788,0.14492132,0.63997144,0.75,0.1953125,11.71875,0.52842045,0.47157952,0.637863,0.92470926,0.15981935,0.14270471,0.12625736,0.12194114,0.15983173,0.14222187,0.12461883,0.12393956,0.1546413,0.1699566,0.16273288,0.17334662,0.16689608,0.16808213,0.15770888,0.15438402,0.15256862,0.14910911,0.17203842,0.14817849,0.14800842,0.14481463,0.1496061,0.15912943,0.14754157,0.14389032,0.1428492,0.14278117,0.14349529,0.13604002,0.13880761,0.14036357,0.12997575,0.13586664,0.12345923,0.1438919,0.13345516,0.122712895,0.11853084,0.12553744,0.120345145,0.13132283,0.1265589,0.12902234,0.12945656,0.1161355,0.12091696,0.11514336,0.12312782,0.13051014,0.1272967,0.123476356,0.124827914,0.11824409,0.12148836,0.11832037,0.119144104,0.12875322,0.11233364,0.12256882,0.15546507,0.16450915,0.16197817,0.17349473,0.16435485,0.17347449,0.15920734,0.1570436,0.14608315,0.15724202,0.17002726,0.15100251,0.14393015,0.14630944,0.14777303,0.16380118,0.15170164,0.1485508,0.14522485,0.1381522,0.13631062,0.13173752,0.14051606,0.13420697,0.13179882,0.13280125,0.119303055,0.14120296,0.12877989,0.12467538,0.119567215,0.12467818,0.12083464,0.13152356,0.121809706,0.13048154,0.1254675,0.110997796,0.12072329,0.11005511,0.12605807,0.13675849,0.13217656,0.12592028,0.12598218,0.118506245,0.12046002,0.12216859,0.123012036,0.122557364,0.117694214,0.12986507,0,normal,normal_breathing_02
1.0460157,0.5609871,0.53630847,0.09678154,1.4462521,4.618392,0.24453291,1.6682436,0.14658105,0.5988743,0.7222222,0.1953125,11.71875,0.6124541,0.38754585,0.49028122,0.90221465,0.16142026,0.14393564,0.12679288,0.11752637,0.15831935,0.14413232,0.12593462,0.122411475,0.15548813,0.17037289,0.16193993,0.17347544,0.17686029,0.16915902,0.16138053,0.15438434,0.15644191,0.1454126,0.1732912,0.14691012,0.15334688,0.14565538,0.15291856,0.16443993,0.15040615,0.13763437,0.14026792,0.14195502,0.15094092,0.14110342,0.1375696,0.13970774,0.12844989,0.14011437,0.12559274,0.1418551,0.1356133,0.11766998,0.11706322,0.12657002,0.122008555,0.13286604,0.13210733,0.1276979,0.12690604,0.118654706,0.123702444,0.12066322,0.12249265,0.12478822,0.12243256,0.120989315,0.117317036,0.108154304,0.122674845,0.11116231,0.11280969,0.1238676,0.10820666,0.11228439,0.15481302,0.164106,0.15288772,0.16827853,0.16786352,0.17159528,0.15708199,0.15598081,0.1484313,0.14971597,0.167677,0.15077381,0.14894658,0.14321727,0.15646452,0.16949691,0.15518297,0.13955988,0.14543848,0.13811123,0.1415766,0.13744996,0.14001095,0.13535467,0.13215566,0.13970104,0.11724306,0.13813241,0.12925072,0.12131607,0.11756486,0.12695888,0.12257746,0.13702458,0.12836255,0.13238555,0.12303036,0.11608659,0.12721695,0.11296978,0.12713829,0.13108152,0.12955618,0.123575255,0.122371204,0.11404128,0.12179372,0.12193199,0.12079903,0.12483477,0.11625755,0.12499862,0,normal,normal_breathing_02
0.79498875,0.22964138,0.28886116,0.061976373,1.0754424,2.938571,0.2257969,1.0242211,0.22045718,0.41630346,0.4861111,0.24414062,14.6484375,0.8178991,0.18210088,0.20101628,0.8271567,0.17057121,0.14649504,0.12151549,0.10629098,0.16946459,0.14897756,0.120059736,0.10605694,0.17197639,0.16190305,0.18029164,0.16894588,0.19354887,0.1592547,0.16760807,0.15832993,0.1785695,0.1668678,0.1780976,0.16888995,0.16314225,0.15377572,0.15809055,0.15782161,0.14126642,0.14354526,0.13421795,0.15190266,0.15105206,0.15179074,0.1378228,0.14685819,0.13663217,0.13965948,0.116597615,0.14405848,0.1313096,0.12598939,0.11078306,0.13018711,0.11150189,0.11701423,0.11999853,0.12076686,0.12248873,0.116432376,0.112573504,0.11882959,0.10421426,0.1019969,0.117046274,0.10805648,0.10712433,0.10058101,0.11198535,0.09985224,0.10661722,0.11884249,0.094107,0.09252963,0.17224638,0.15362848,0.17313796,0.15518509,0.18489827,0.16718787,0.17126955,0.1515265,0.1828825,0.17295451,0.18093841,0.16306323,0.17412095,0.16058826,0.16605583,0.16088484,0.14356722,0.14215466,0.14591306,0.15750228,0.15263043,0.14853735,0.14005427,0.14489473,0.1362176,0.13770781,0.1007594,0.13278586,0.12280509,0.13519433,0.10936718,0.13171388,0.113311455,0.12611075,0.11501385,0.12268476,0.11598609,0.114850566,0.120193325,0.11425438,0.10665814,0.10122689,0.10961353,0.10142902,0.107500166,0.10619929,0.10180691,0.10840745,0.109360546,0.12432847,0.094946034,0.09300948,0,normal,normal_breathing_02
0.7651271,0.2470394,0.32287365,0.06899552,1.2087581,2.9804647,0.33322242,1.0327951,0.3226414,0.29130706,0.5833333,0.2734375,16.40625,0.9084889,0.09151108,0.09597258,0.762917,0.17386703,0.14446664,0.12065801,0.1043226,0.17494148,0.14383556,0.1198491,0.104258806,0.18258454,0.15619034,0.18191166,0.16093358,0.19640607,0.16493975,0.17687415,0.16634187,0.17927776,0.17305356,0.1866785,0.17347321,0.16160643,0.16153045,0.1510691,0.15545702,0.1299752,0.14298913,0.13586701,0.14656514,0.1476374,0.15318134,0.14070414,0.14197509,0.13352281,0.13759243,0.10856185,0.14332767,0.12326816,0.12918782,0.10481218,0.1305928,0.108669184,0.11528221,0.12735373,0.13149428,0.11809516,0.11579971,0.112109356,0.11331804,0.10734059,0.092019945,0.11404833,0.10065236,0.10756124,0.104870744,0.10819832,0.104641706,0.10882789,0.11136334,0.09516895,0.08818227,0.18753017,0.15799834,0.17339693,0.15894935,0.19387299,0.17602485,0.18551886,0.16818191,0.17678982,0.1705316,0.1906376,0.16606672,0.16874017,0.16715929,0.15233792,0.15372829,0.13576372,0.13821776,0.1426905,0.14918165,0.14692876,0.14296518,0.14005558,0.1382172,0.12709898,0.13551745,0.10521692,0.1360313,0.12440071,0.1316586,0.10449085,0.12952682,0.11034951,0.114590116,0.1303795,0.13204375,0.11535267,0.111046575,0.11295101,0.11329767,0.10484969,0.09328041,0.107394315,0.10013729,0.11386304,0.107527256,0.106514566,0.09765516,0.108245015,0.11085207,0.106534615,0.08521342,0,normal,normal_breathing_02
0.82470983,0.35404453,0.42929584,0.08236825,1.3520455,2.9917147,0.5489058,1.0275463,0.5341908,0.16324829,0.6666667,0.2734375,16.40625,0.8889876,0.11101239,0.11767198,0.77451414,0.1742699,0.14225821,0.12081444,0.106425144,0.17311247,0.14006878,0.12141145,0.10975322,0.1866035,0.1617706,0.17624384,0.1631997,0.19804385,0.1693799,0.18354334,0.16838458,0.17075585,0.16921507,0.18588421,0.17154098,0.16094337,0.17097259,0.14813884,0.15026337,0.13071291,0.13953117,0.13865046,0.14133263,0.1412418,0.14742139,0.13823412,0.13579363,0.13366769,0.1333961,0.118808225,0.14127342,0.13046542,0.12638326,0.09909005,0.12971789,0.110633954,0.11479947,0.12657037,0.13588059,0.11620673,0.10779394,0.112964444,0.11609572,0.105331026,0.09949824,0.114158735,0.1031131,0.10901168,0.1041761,0.11636602,0.094943605,0.107236736,0.10746563,0.10869691,0.097433366,0.19348498,0.1627174,0.17060253,0.16392918,0.19600463,0.17269725,0.1849787,0.17011575,0.16419138,0.16334216,0.187589,0.16026245,0.16054669,0.1783229,0.14278103,0.14981627,0.13151352,0.13482703,0.14401148,0.13734826,0.13498946,0.1410228,0.13679637,0.12776704,0.12739892,0.13429914,0.122646816,0.1398226,0.1298785,0.12668741,0.09875636,0.12908576,0.10853413,0.114227265,0.13430908,0.14276455,0.1119123,0.10444436,0.11527975,0.11785165,0.111043476,0.10907214,0.1118085,0.1053763,0.111547664,0.10776631,0.11844873,0.09307627,0.10897133,0.10492268,0.12577356,0.10113322,0,normal,normal_breathing_02
0.8044111,0.5704478,0.7091496,0.08373601,1.2750646,2.959937,0.54045063,1.0208381,0.5294185,0.16052455,0.5833333,0.3125,18.75,0.7010216,0.2989784,0.35521656,0.83024615,0.17403154,0.1419507,0.11991188,0.107616864,0.1713034,0.13999453,0.12210601,0.11133336,0.1957591,0.1564101,0.18486299,0.1608149,0.20044062,0.165065,0.1847469,0.17020737,0.16813807,0.17003074,0.18095502,0.16781345,0.15716584,0.1800931,0.14202088,0.15643983,0.13452941,0.14443274,0.14119077,0.13847147,0.13469157,0.1410652,0.1370745,0.12965256,0.13504395,0.13065313,0.12562753,0.13772722,0.12755086,0.12452574,0.103010215,0.12348653,0.108804196,0.11720169,0.124549136,0.13970491,0.11520823,0.10076979,0.11068838,0.11617189,0.10932398,0.102655806,0.11512618,0.105727576,0.10378125,0.10505858,0.11900848,0.09566256,0.10615506,0.10826781,0.11243995,0.09964015,0.19973052,0.15890166,0.17702554,0.15912156,0.19472113,0.16449396,0.17960283,0.17038143,0.16333584,0.16179216,0.18405381,0.15672097,0.15706286,0.18522368,0.13771713,0.15406786,0.13251552,0.13940454,0.14467806,0.13599025,0.13113816,0.13649794,0.1360506,0.1240193,0.12881759,0.13380828,0.1297556,0.13912098,0.12846234,0.12635927,0.10121966,0.12357949,0.107008085,0.11912354,0.13325241,0.14877735,0.112047695,0.10289853,0.11577315,0.11635845,0.1192856,0.113774896,0.11042862,0.107506655,0.10625165,0.10955903,0.12342749,0.095236264,0.10671572,0.10644994,0.12843148,0.103907965,0,normal,normal_breathing_02
0.82102394,0.57901853,0.70523953,0.08770366,1.2910165,2.959937,0.54045063,1.0208381,0.5294185,0.18281807,0.75,0.3125,18.75,0.35677332,0.6432267,1.0306547,0.8853368,0.17201015,0.14153555,0.12048485,0.110894725,0.16895214,0.13942403,0.12331664,0.11455951,0.1907165,0.15592287,0.18579611,0.16323026,0.19551156,0.15993677,0.1845081,0.16543005,0.1676976,0.17096774,0.17231019,0.16687971,0.15722443,0.18198198,0.1368569,0.15774922,0.13521527,0.14549868,0.14281078,0.13443665,0.13297236,0.1376776,0.1346562,0.1304093,0.13705866,0.13263845,0.13018781,0.13040061,0.12504174,0.12671557,0.108597055,0.12314519,0.11243538,0.120035626,0.12325646,0.13858117,0.11988595,0.099721365,0.10829916,0.11701049,0.11792885,0.108092785,0.11495287,0.11029728,0.10372866,0.11284174,0.11990418,0.09711997,0.11188469,0.11037501,0.11594958,0.10154537,0.19436337,0.15737343,0.17547812,0.16252942,0.18979765,0.15983655,0.18032306,0.16558848,0.16137435,0.16457747,0.1767216,0.150932,0.15748234,0.18599859,0.13456467,0.15134591,0.13220027,0.13913183,0.15094621,0.12846571,0.12695308,0.13134316,0.13080612,0.12988794,0.13278922,0.13807969,0.13249114,0.12720272,0.12577407,0.12782292,0.11137184,0.123882316,0.111085944,0.12577823,0.13314708,0.15020365,0.11513744,0.1042362,0.1149828,0.11685721,0.12824169,0.119716436,0.10763813,0.113290645,0.10389939,0.11384162,0.12438132,0.10162302,0.11328063,0.110015705,0.13009366,0.106394164,0,normal,normal_breathing_02
0.74587476,0.6081531,0.8153555,0.08275034,1.1433797,2.874061,0.40481517,0.8989839,0.45030302,0.21036877,0.7777778,0.22460938,13.4765625,0.1500959,0.8499041,1.8964809,0.8673623,0.16991226,0.13904074,0.12337684,0.113790795,0.16923791,0.13696982,0.12395467,0.11590193,0.18642329,0.15700012,0.18512562,0.15857959,0.18638563,0.15988643,0.1836498,0.16055386,0.17050473,0.16775712,0.1740382,0.16030537,0.15864965,0.18510689,0.12406751,0.15351352,0.1342678,0.14614785,0.1418656,0.1333562,0.13239855,0.12737925,0.13520408,0.13187312,0.13042703,0.13192222,0.13571611,0.12637216,0.1273953,0.13360399,0.11275185,0.12036273,0.116425395,0.12290244,0.12423345,0.14759277,0.122670464,0.105584465,0.10828778,0.114265814,0.12731163,0.1155346,0.11132219,0.11047341,0.105273515,0.12135316,0.12456728,0.098473385,0.11422006,0.11211569,0.12083957,0.103529975,0.19387734,0.15829796,0.17953491,0.16386683,0.18837269,0.16080149,0.18145326,0.16475976,0.15861925,0.16972876,0.17681871,0.14578424,0.1581776,0.18908101,0.11789212,0.14869542,0.12950374,0.14175515,0.14913256,0.12861624,0.12643768,0.12757146,0.13153091,0.12826781,0.12828772,0.13383596,0.13413797,0.128803,0.12660155,0.13180704,0.11344355,0.12079687,0.11366031,0.12549502,0.13157392,0.15422688,0.11451854,0.103429765,0.112916306,0.11695826,0.13239811,0.12246435,0.107399255,0.11109898,0.10538485,0.11641458,0.12517029,0.10305097,0.11282993,0.11009114,0.13328144,0.11018293,0,normal,normal_breathing_02
0.61067796,0.6092263,0.9976228,0.07237704,0.74010086,2.663195,0.26231107,0.84976804,0.3086855,0.3501298,0.5972222,0.20507812,12.3046875,0.30452004,0.69548,1.1890184,0.8999653,0.16722532,0.13392906,0.12677723,0.118309855,0.1658734,0.13346708,0.12647355,0.12052559,0.18836735,0.16306534,0.16530757,0.16364363,0.18416782,0.16880694,0.1929784,0.16189197,0.15504268,0.1540006,0.17717193,0.14486557,0.1546194,0.18905763,0.12242744,0.14375284,0.13011174,0.13644482,0.1481691,0.114096865,0.12204177,0.119878836,0.13332838,0.12393093,0.123713076,0.13412437,0.14694257,0.122009404,0.13259329,0.1294972,0.11214365,0.11901446,0.11991674,0.1296656,0.1301785,0.16611314,0.116200835,0.104508236,0.11932036,0.120416686,0.13782033,0.13216375,0.09801286,0.11533798,0.10392051,0.12363669,0.13575348,0.09999843,0.11678673,0.10346688,0.13505587,0.11565793,0.19758952,0.15982199,0.1655008,0.17353769,0.18999939,0.15894017,0.18045062,0.17096443,0.1400695,0.16055548,0.17218821,0.14100516,0.14573124,0.18552832,0.12527183,0.14523362,0.1259856,0.13727829,0.14911295,0.11072729,0.11459522,0.12067724,0.13169132,0.123057075,0.12826745,0.13764583,0.14232798,0.13131028,0.12816766,0.12632488,0.11338372,0.121664576,0.11114388,0.13173898,0.14002323,0.16566116,0.11084912,0.10195942,0.11960124,0.12019815,0.13994767,0.13099468,0.10722334,0.11534711,0.10880321,0.114030324,0.13644561,0.10448982,0.12061716,0.10165242,0.1473784,0.11970483,0,normal,normal_breathing_02
0.5703456,0.69747335,1.222896,0.06566969,0.7835675,2.6213017,0.21312359,0.767813,0.27757224,0.40517265,0.3472222,0.21484375,12.890625,0.54425496,0.455745,0.60833746,0.9292039,0.1641332,0.13579836,0.12794773,0.119823635,0.16188002,0.13611823,0.12740694,0.12245173,0.17696445,0.16951875,0.16629417,0.17923942,0.18157762,0.16240135,0.17760439,0.15518126,0.1472413,0.15317832,0.1673496,0.14372344,0.15345758,0.17931005,0.13169244,0.1526133,0.13108642,0.1383474,0.14802518,0.107208475,0.12015469,0.12534419,0.13533355,0.12735707,0.12896968,0.13993625,0.14888564,0.11965732,0.12925425,0.13275744,0.12347178,0.12620473,0.12257931,0.13721488,0.11708329,0.1572749,0.116707385,0.110086866,0.122142695,0.119590335,0.13927722,0.13851027,0.098597236,0.12059013,0.096432135,0.116344824,0.14049627,0.10136515,0.11867006,0.11083775,0.13539103,0.121604815,0.19298048,0.15622553,0.1666674,0.17312026,0.18350083,0.1499156,0.17096053,0.15786636,0.14010689,0.16344444,0.16449355,0.1370145,0.1481439,0.18327014,0.13105664,0.14720324,0.12763776,0.14038058,0.15200461,0.11098549,0.11741474,0.12677975,0.13142636,0.12700982,0.13198145,0.14238639,0.14561163,0.12772803,0.12313232,0.12960598,0.11852335,0.12462563,0.11565235,0.1380113,0.13053273,0.1628026,0.11203922,0.10425661,0.12376847,0.119088605,0.14382467,0.1369163,0.10633388,0.119890474,0.10088532,0.1127422,0.13823867,0.10881369,0.12418185,0.1078998,0.14474225,0.12831487,0,normal,normal_breathing_02
0.449711,0.28290442,0.6290805,0.04452143,0.67859983,1.8780525,0.20482612,0.6401278,0.31997693,0.41934493,0.6111111,0.1953125,11.71875,0.65610504,0.34389496,0.42143434,0.88425803,0.15836751,0.13669713,0.13165997,0.12181087,0.1529234,0.1392363,0.13274686,0.124705695,0.1623889,0.16832516,0.17003788,0.18410042,0.16796894,0.15342069,0.15901498,0.14566694,0.15706876,0.14763673,0.15916917,0.1310969,0.1528822,0.16623528,0.12535258,0.16268325,0.13934548,0.14238289,0.1512109,0.10887076,0.12035035,0.11965813,0.12961984,0.13739294,0.12667467,0.14728563,0.15100908,0.113763556,0.120280415,0.14201659,0.14456578,0.13013344,0.13457784,0.15100753,0.1018814,0.15140463,0.12621401,0.12176608,0.12295931,0.11967291,0.14483215,0.149336,0.08733944,0.12195218,0.08611364,0.11924886,0.13811828,0.11328596,0.1243911,0.12786035,0.13102594,0.120364495,0.17694545,0.14820737,0.1581713,0.17021199,0.16180925,0.14063087,0.1524397,0.1445784,0.14335218,0.1721858,0.14443041,0.122714095,0.15232752,0.16652355,0.13399644,0.15093629,0.13372362,0.14730962,0.16157082,0.11281304,0.1263713,0.120215364,0.12648119,0.1463961,0.13725711,0.1464774,0.14509383,0.11559226,0.11274895,0.1408278,0.14187153,0.13013782,0.1398298,0.15957649,0.11428919,0.1575976,0.12355175,0.11625918,0.12833293,0.115310825,0.15510388,0.13869932,0.08989818,0.119424224,0.09530936,0.111772165,0.13712528,0.12860507,0.13409056,0.1281552,0.1364619,0.13121809,0,normal,normal_breathing_02
0.50800633,0.28177366,0.5546656,0.049437795,0.6982764,2.3350291,0.21654168,0.60442424,0.35826105,0.33012867,0.5,0.1953125,11.71875,0.6445818,0.3554182,0.43915355,0.82674956,0.16176097,0.13716583,0.13196595,0.11624311,0.15620048,0.13925019,0.13420036,0.11976735,0.15243657,0.18240495,0.17525865,0.19309784,0.17507184,0.1605748,0.15732422,0.14986764,0.15407208,0.14347102,0.16397537,0.13960555,0.1557322,0.15664971,0.12083598,0.17341968,0.13434325,0.14547224,0.14453097,0.11098958,0.11816716,0.12040788,0.1447976,0.13403271,0.13838919,0.14111987,0.15343578,0.11172482,0.12492279,0.15137388,0.14001784,0.13039194,0.13842374,0.14508238,0.09657056,0.14620602,0.12340229,0.12978342,0.12422185,0.11498219,0.12243815,0.1481392,0.08665523,0.11415437,0.088475,0.108033285,0.1410214,0.107320644,0.123564504,0.12047849,0.1214012,0.11449681,0.16709681,0.16805305,0.16392617,0.16995342,0.1673896,0.14885244,0.15185435,0.15201375,0.1433165,0.16826119,0.14826731,0.12441432,0.1572074,0.15816997,0.12584086,0.15882838,0.12987027,0.15014999,0.15424688,0.11715092,0.12340991,0.12444684,0.1388138,0.13942981,0.15072261,0.13917224,0.1448918,0.12471795,0.11589257,0.15357347,0.13761646,0.13098407,0.14463325,0.15624812,0.10895667,0.15182643,0.11880869,0.12514566,0.13130955,0.11536851,0.13205428,0.13290732,0.091023706,0.11253417,0.09765626,0.10050648,0.131726,0.12913075,0.13810723,0.121018074,0.12980136,0.12514143,0,normal,normal_breathing_02
0.39926863,0.43141606,1.0805157,0.052940626,0.4337975,2.0651724,0.17103818,0.6579231,0.25996682,0.49279365,0.7638889,0.25390625,15.234375,0.17861508,0.8213849,1.7225221,0.92189497,0.161819,0.13774025,0.1202277,0.12820034,0.16329642,0.13767098,0.118975714,0.12822919,0.19533686,0.16132055,0.15428287,0.15287083,0.16572328,0.14434657,0.16943978,0.13299346,0.15901032,0.17692402,0.17349021,0.15546155,0.16244657,0.15870723,0.14473619,0.16756336,0.12667342,0.117779404,0.11121089,0.116343446,0.12118233,0.13537344,0.1554236,0.13076133,0.16206688,0.1428018,0.1227086,0.116489425,0.116987586,0.13751048,0.113742866,0.12034717,0.105844095,0.14334571,0.11290057,0.14100884,0.122104794,0.10254036,0.10742968,0.11471525,0.12243031,0.14069876,0.112096846,0.12571228,0.1123701,0.109552875,0.13766554,0.14614163,0.1466909,0.13675825,0.12758519,0.13418652,0.18925434,0.15089425,0.16012655,0.14652394,0.1696846,0.15852538,0.17223126,0.14446175,0.16311832,0.1765577,0.17437248,0.1516688,0.16543414,0.15077536,0.14937712,0.17450887,0.13926734,0.117109366,0.11686316,0.1249137,0.124632984,0.13958807,0.1598418,0.12109356,0.14008498,0.1316664,0.12536345,0.12605417,0.12687217,0.13541004,0.11097438,0.12351531,0.10922931,0.11539813,0.12248541,0.12447286,0.11963626,0.103532605,0.10374016,0.116509266,0.119762056,0.138725,0.11123152,0.13108277,0.12151301,0.105921485,0.12606563,0.1399649,0.15411118,0.13700865,0.12158171,0.1435022,0,normal,normal_breathing_03
0.33122423,0.34042254,1.0277705,0.04846461,0.33749285,1.912413,0.14152084,0.55532086,0.25484517,0.46218324,0.7083333,0.21484375,12.890625,0.5389395,0.46106055,0.618152,0.8930501,0.16071333,0.13681282,0.12078784,0.12958093,0.16250615,0.13706495,0.12120087,0.12784943,0.2006713,0.14982203,0.15414868,0.14810699,0.15929288,0.14984672,0.16938311,0.12884535,0.16373338,0.17200112,0.17883147,0.14675355,0.16783674,0.1441524,0.14156756,0.16578873,0.12858392,0.12234341,0.11694747,0.120799474,0.12794037,0.13598137,0.15632923,0.123076156,0.15895689,0.13609974,0.11178158,0.12853837,0.12036419,0.13682961,0.10970059,0.122314,0.11862012,0.13024262,0.11765951,0.14344996,0.1304694,0.092052184,0.10821976,0.098224774,0.12350309,0.14322783,0.11488125,0.12836945,0.10341054,0.11904956,0.14847568,0.14864516,0.15905721,0.1338826,0.1375412,0.12628374,0.19294327,0.15013735,0.15403102,0.15077235,0.16740714,0.15382151,0.17260689,0.13998567,0.16399382,0.17919458,0.17364305,0.15123133,0.16281193,0.15227193,0.14626858,0.16729197,0.13390334,0.121981174,0.113240205,0.12232153,0.12893964,0.134525,0.15711033,0.12524417,0.14564432,0.13310207,0.11554749,0.12799172,0.12954593,0.13771617,0.11509128,0.12811118,0.121860236,0.11694549,0.12627745,0.12759121,0.119612075,0.101293206,0.10802782,0.102620654,0.12583761,0.1274396,0.11582229,0.13228866,0.11614382,0.11231933,0.12900281,0.14574862,0.15501484,0.13690233,0.12935808,0.133544,0,normal,normal_breathing_03
0.24268404,0.15870383,0.6539525,0.025662845,0.30839348,1.0413829,0.14128388,0.2847999,0.4960812,0.26909158,0.5972222,0.234375,14.0625,0.76396096,0.23603901,0.26923856,0.85429394,0.15239275,0.13303368,0.12725578,0.13230675,0.15005381,0.13222384,0.13330714,0.13202493,0.1984172,0.11556556,0.14695147,0.15063523,0.16261818,0.13035013,0.15401505,0.09766185,0.16555056,0.15333,0.16942696,0.14406963,0.19251399,0.106061526,0.11353181,0.15923369,0.118340835,0.12038964,0.12522872,0.107745945,0.15398672,0.13733527,0.15817882,0.1278705,0.16760272,0.13393158,0.11664903,0.12963535,0.116644144,0.13054384,0.12902443,0.12129476,0.16449529,0.13918029,0.087402605,0.16850214,0.13008857,0.095070854,0.12579398,0.096291974,0.1106151,0.17592253,0.11269793,0.119963385,0.09364555,0.12015143,0.16913429,0.15086183,0.15958786,0.15072349,0.14921407,0.11117847,0.18639462,0.111047715,0.14529301,0.13487297,0.16357459,0.13599536,0.15325138,0.116634406,0.15946178,0.17164193,0.16096257,0.13128811,0.18028107,0.11598134,0.11093578,0.16098912,0.13162817,0.12574655,0.11452732,0.109158665,0.15703978,0.12789467,0.16978669,0.12736289,0.15105994,0.116799034,0.13338986,0.13825914,0.14342943,0.13152997,0.13230436,0.13551515,0.1876513,0.12319944,0.1133455,0.15270357,0.10912781,0.10221052,0.13032691,0.10998391,0.12048201,0.15081754,0.11959843,0.10529579,0.10967202,0.12110557,0.12196094,0.15247999,0.16793238,0.15232089,0.15527724,0.12939738,0,normal,normal_breathing_03
0.22963846,0.18553375,0.80793846,0.022080837,0.30050847,0.9415393,0.12168841,0.27643925,0.44019946,0.2575965,0.6527778,0.29296875,17.578125,0.64338505,0.35661492,0.44101185,0.91940063,0.15026118,0.13218045,0.12845598,0.13342808,0.14406936,0.13076071,0.13634759,0.1347523,0.1998269,0.11676961,0.15442392,0.15484616,0.17849569,0.13212569,0.12725715,0.099048994,0.16013117,0.15720476,0.14378996,0.14597169,0.18350369,0.096178986,0.11605073,0.16294539,0.10564618,0.12679441,0.13193217,0.10362917,0.1620511,0.13816328,0.1585199,0.13281582,0.14918754,0.13443117,0.13926648,0.13515799,0.11947776,0.13370937,0.13859148,0.11987767,0.16444254,0.114809506,0.0630816,0.1774538,0.13680759,0.09851158,0.1287404,0.10672439,0.11252306,0.18399851,0.118105404,0.12665816,0.09846907,0.12136003,0.1698534,0.12690307,0.1594298,0.14621116,0.1554771,0.10885188,0.16714112,0.1275322,0.13168909,0.13718376,0.17928204,0.13257176,0.11765952,0.11835951,0.14743973,0.18058549,0.14385357,0.1193122,0.17029162,0.09579366,0.12254951,0.16382617,0.120022036,0.12062705,0.12608989,0.10405482,0.16462255,0.12280013,0.16537356,0.15032609,0.12759387,0.116209924,0.14464161,0.1329381,0.16055624,0.121967174,0.1499769,0.1384995,0.20708595,0.12703378,0.0844703,0.14804876,0.118951626,0.095527865,0.14282095,0.112733684,0.122002766,0.16269629,0.12972987,0.11096721,0.110767916,0.11533999,0.14026953,0.12705123,0.18845952,0.14468247,0.15438046,0.13269898,0,normal,normal_breathing_03
0.41094783,0.18366803,0.44693756,0.035550755,0.31137547,2.2328358,0.14034627,0.7091028,0.1979209,0.7310781,0.6388889,0.3125,18.75,0.4341722,0.5658278,0.83431405,0.9551853,0.15428391,0.14138159,0.124868095,0.13107128,0.14989997,0.13948996,0.12871349,0.13395238,0.14404292,0.1537409,0.15913577,0.16110726,0.15936033,0.13534847,0.15541542,0.16005103,0.15639617,0.13998067,0.16246477,0.16296478,0.15568225,0.1422872,0.1330006,0.13539794,0.14148834,0.12758672,0.145613,0.12912904,0.1408491,0.15531291,0.1430151,0.15033984,0.14427496,0.14966601,0.13523419,0.11334546,0.13931642,0.1349557,0.13585006,0.12076128,0.12387823,0.09575276,0.10762555,0.1361551,0.1385504,0.114585325,0.12727477,0.11678786,0.12965584,0.13996457,0.13101974,0.13416116,0.13071649,0.13277277,0.145383,0.12708348,0.13660745,0.12568128,0.12315832,0.13093467,0.13339193,0.16591744,0.14115554,0.14080827,0.15991911,0.1345324,0.15145782,0.15796088,0.14713465,0.15722212,0.16098316,0.13561063,0.16260576,0.13481688,0.12929863,0.1398957,0.14442432,0.12634012,0.13607052,0.12711924,0.1428443,0.14762667,0.14762971,0.15486355,0.14555901,0.13688087,0.116032206,0.11686218,0.14677693,0.14376074,0.1384474,0.13086742,0.14591043,0.115401894,0.11323847,0.13164398,0.13327904,0.102896474,0.13815826,0.12058117,0.13036525,0.1284483,0.14210212,0.1374191,0.1280441,0.13306366,0.14702402,0.12797931,0.15653813,0.12090017,0.12814192,0.14077373,0,normal,normal_breathing_03
0.5480079,0.26722962,0.4876382,0.05468003,0.37109625,2.8786235,0.1338321,1.0189273,0.13134606,0.9047709,0.44444445,0.3125,18.75,0.38443482,0.6155652,0.9559811,0.9221392,0.15730485,0.14031509,0.1238116,0.13000853,0.15522419,0.14005381,0.1250139,0.13152045,0.14765316,0.16745605,0.16098136,0.16414182,0.1593543,0.14739671,0.15437742,0.16046575,0.16815303,0.14104995,0.16248818,0.1577524,0.15369289,0.14860216,0.1422791,0.13072093,0.15123823,0.124118365,0.14546539,0.12524197,0.1315848,0.14848182,0.14555402,0.14566387,0.1400917,0.1450538,0.13111062,0.12152931,0.13751727,0.1299759,0.13248156,0.11960905,0.117816426,0.10703663,0.10921594,0.12092728,0.13105628,0.1281271,0.12314749,0.13330488,0.117903315,0.12877427,0.13536234,0.13929272,0.12513714,0.12873395,0.13491696,0.13401598,0.13525069,0.13230634,0.11672883,0.12838352,0.1414196,0.17480469,0.14940973,0.16028135,0.16208795,0.14036895,0.15163548,0.16433828,0.1545708,0.14135365,0.1657146,0.15739807,0.15453136,0.14079706,0.13692108,0.12736729,0.1549607,0.12142911,0.14189595,0.13182917,0.14018738,0.1540306,0.14274876,0.13946335,0.14097339,0.14809576,0.12086414,0.11927994,0.13762301,0.13136417,0.13698593,0.12247998,0.12822008,0.11807864,0.11067849,0.119305745,0.12870625,0.12081555,0.13077888,0.12302111,0.12696683,0.13062829,0.13258386,0.14165418,0.1244288,0.13569641,0.14023025,0.13558051,0.13914284,0.12444217,0.12079824,0.1345923,0,normal,normal_breathing_03
0.54966426,0.3220704,0.5859402,0.055948064,0.3741518,2.8501716,0.1578541,1.0070502,0.156749,0.6807305,0.6666667,0.3125,18.75,0.52662057,0.47337943,0.641275,0.89973986,0.15657881,0.14037612,0.124320224,0.13041778,0.15562396,0.14092141,0.12480793,0.13040659,0.14608161,0.16726904,0.16058165,0.16229858,0.15947174,0.14858939,0.15491167,0.15867981,0.1658667,0.14021789,0.15895015,0.1578828,0.15472344,0.14856744,0.14106782,0.1305639,0.15067954,0.12299235,0.1452913,0.1270762,0.13407409,0.14683734,0.14729595,0.14823239,0.13664518,0.14556608,0.13061681,0.12048588,0.13535358,0.13225521,0.13117528,0.12183541,0.11629838,0.10751936,0.109758615,0.12721486,0.13015832,0.13020724,0.123283945,0.13504772,0.12020649,0.1258887,0.13762698,0.13799499,0.12598994,0.12855963,0.13351737,0.13411096,0.13360484,0.13206246,0.12009479,0.13072626,0.14062352,0.17664133,0.15224868,0.16099946,0.16107269,0.14333875,0.15358779,0.16342041,0.1561194,0.14067873,0.16255397,0.1555706,0.15625614,0.14210998,0.13664551,0.12715073,0.15504372,0.12102977,0.14664245,0.13394703,0.14322074,0.15298519,0.14357628,0.1431893,0.13863395,0.14780377,0.11989084,0.11864885,0.13392662,0.13098131,0.13637899,0.123597644,0.12676981,0.11835024,0.1099973,0.122255266,0.1308488,0.121991806,0.12886564,0.12987123,0.12682334,0.12773533,0.13151936,0.14059052,0.12401695,0.1333435,0.1361609,0.13521582,0.13335821,0.12338733,0.1189442,0.13431893,0,normal,normal_breathing_03
0.6257248,0.32702407,0.5226324,0.063988194,0.4573808,2.8489335,0.12890472,1.0054069,0.1282115,0.57183975,0.5972222,0.30273438,18.164062,0.615839,0.38416097,0.48476967,0.8937047,0.15735236,0.14248215,0.12598771,0.12563618,0.15718026,0.14332816,0.12663138,0.1242159,0.14837867,0.16380557,0.16252826,0.16500948,0.15739274,0.15382792,0.15903136,0.15543339,0.16163296,0.1443559,0.15883748,0.15992069,0.1554263,0.14941417,0.15254208,0.13617374,0.15133178,0.12947361,0.15000272,0.12678188,0.13658115,0.14474145,0.14261693,0.1538866,0.13861375,0.14010805,0.12873313,0.12578686,0.14404938,0.13148107,0.13099329,0.1298613,0.12364227,0.10746178,0.11759387,0.12183348,0.12851372,0.12948614,0.118404,0.13575919,0.12191925,0.11924061,0.12560779,0.13308594,0.12608358,0.122195035,0.12410924,0.12986004,0.12588185,0.12860961,0.11406232,0.12685576,0.14610353,0.17035742,0.15836951,0.16551556,0.1598784,0.15090767,0.15932819,0.15933804,0.15274687,0.13996676,0.16219266,0.15911666,0.15952215,0.14548041,0.1478175,0.13704321,0.15534744,0.127022,0.15229459,0.13324709,0.14563763,0.14858004,0.13865466,0.15062107,0.139705,0.14181545,0.118421994,0.12868851,0.14267488,0.13202167,0.1354251,0.12809145,0.12447759,0.1186588,0.11475656,0.11936262,0.13135038,0.1278955,0.124382906,0.13145496,0.12367405,0.12086457,0.120422095,0.13358302,0.1229326,0.12445276,0.12768483,0.12951049,0.12375559,0.12113442,0.10940177,0.12593554,0,normal,normal_breathing_03
0.65076643,0.36145142,0.55542415,0.06710386,0.5221554,2.8696852,0.15047419,1.0143408,0.14834678,0.38856998,0.5694444,0.3125,18.75,0.61944056,0.38055944,0.47893852,0.87571555,0.15737392,0.14313424,0.12591241,0.12492297,0.15811566,0.14351402,0.12616304,0.12313001,0.1490759,0.16431168,0.1628194,0.16338792,0.15640113,0.15367319,0.16005723,0.15642321,0.16009666,0.14461742,0.16076335,0.16176392,0.15246998,0.15158533,0.15463692,0.13777164,0.1551482,0.13396512,0.14722334,0.12504768,0.13781391,0.14259498,0.14402975,0.1534932,0.13729131,0.14014372,0.12720668,0.12863639,0.14512943,0.13320881,0.13091604,0.12905039,0.11919269,0.10905422,0.12100732,0.11928685,0.12686853,0.13064642,0.11665764,0.13559526,0.12488106,0.11752468,0.12224127,0.12990002,0.12634613,0.12554173,0.11902356,0.1283281,0.1282138,0.12442883,0.1163337,0.12564039,0.15198027,0.17159288,0.1582465,0.17008625,0.15759178,0.15617785,0.15970235,0.15735428,0.15342939,0.13778852,0.16181427,0.16107954,0.15865973,0.14801809,0.1529173,0.1371398,0.1554366,0.12845369,0.15268508,0.13495886,0.14524841,0.14483197,0.1371183,0.14971492,0.13819498,0.14096433,0.1191883,0.12926309,0.14736807,0.13042358,0.13308303,0.13014594,0.119302906,0.117211424,0.1187814,0.1153769,0.1302048,0.12823452,0.12153556,0.13485374,0.123436585,0.11635076,0.11751314,0.13296819,0.124685235,0.12371926,0.12477721,0.13079186,0.1235689,0.11582874,0.10757758,0.12461893,0,normal,normal_breathing_03
0.6599281,0.3837724,0.58153665,0.0691813,0.7042715,2.8403096,0.27044177,0.9977337,0.27105606,0.36593267,0.5833333,0.3125,18.75,0.52649486,0.4735051,0.64151365,0.86199284,0.15751565,0.1428414,0.1258534,0.12509632,0.1578721,0.14306138,0.12687151,0.12310735,0.15078597,0.16500676,0.16266364,0.16546302,0.15546016,0.15395236,0.1623365,0.15574045,0.15837486,0.14548942,0.16040683,0.16112489,0.1508985,0.15070796,0.15436171,0.13820864,0.1559403,0.13490488,0.14677915,0.12591682,0.13686532,0.14106706,0.1437137,0.15251468,0.13636807,0.13958995,0.12420154,0.12949593,0.14633381,0.13282374,0.13383114,0.13018496,0.11810258,0.109704904,0.12266522,0.116078086,0.1263259,0.1305414,0.115805075,0.13449274,0.12555146,0.11820792,0.12086945,0.13157144,0.12752388,0.12752746,0.12085905,0.12762347,0.1296732,0.123269044,0.11487382,0.12420921,0.15521519,0.17229708,0.15552849,0.17296222,0.15464826,0.15535904,0.16361879,0.15597527,0.15093376,0.13770145,0.1621926,0.16015293,0.15575217,0.14649819,0.14919783,0.13698621,0.15764989,0.1320097,0.15141639,0.13672215,0.14473177,0.14191473,0.13929951,0.14671865,0.1366351,0.14001791,0.12048543,0.1334196,0.14926708,0.1303277,0.13912724,0.13198093,0.11589697,0.11734729,0.12285871,0.1131616,0.12766995,0.12925094,0.11853615,0.13314794,0.12417911,0.1175365,0.11410026,0.13492316,0.12786074,0.12752554,0.12564218,0.12832505,0.12475571,0.113594376,0.1067472,0.122057796,0,normal,normal_breathing_03
0.58549774,0.33292395,0.568617,0.06383396,0.7353942,2.760601,0.27991936,0.74757165,0.37443814,0.28969342,0.5972222,0.3125,18.75,0.4842991,0.51570094,0.7250526,0.8913118,0.15819187,0.14117223,0.1271046,0.12444889,0.1585487,0.1422273,0.12768143,0.12204232,0.15861137,0.17047964,0.15574275,0.16541582,0.15075399,0.1680819,0.16125514,0.15109429,0.16001597,0.14663877,0.15844631,0.15435046,0.15560792,0.14525378,0.15890579,0.13973105,0.161327,0.13649692,0.14530633,0.12345115,0.13720296,0.12892483,0.1458655,0.1473718,0.13553661,0.12986526,0.12080391,0.13733888,0.14986652,0.13350396,0.1334514,0.13212946,0.12030257,0.11916818,0.12560436,0.11233523,0.12003288,0.13663043,0.111191906,0.14048113,0.120114245,0.122186325,0.115123294,0.13403024,0.12711349,0.12161637,0.11414041,0.13039564,0.12742439,0.12349343,0.116934545,0.124781996,0.15817712,0.17074084,0.15295179,0.17726521,0.15218846,0.1650687,0.16211443,0.15601084,0.15107252,0.13705043,0.1601021,0.16037892,0.15801178,0.14310442,0.15264513,0.13905297,0.15983842,0.13255875,0.15355587,0.13756488,0.14648736,0.13545354,0.13776988,0.14134376,0.13425954,0.13532057,0.124648415,0.13714394,0.15470944,0.12761907,0.13942645,0.13022223,0.1195449,0.11904869,0.12359409,0.11085247,0.12318129,0.13559252,0.114275105,0.13630469,0.12260783,0.12154819,0.106250755,0.13179505,0.12873507,0.12389981,0.1160494,0.13307625,0.12143616,0.11549415,0.10875868,0.120594114,0,normal,normal_breathing_03
0.47806868,0.39864573,0.8338671,0.054933958,0.62028885,2.1735485,0.26058835,0.73990417,0.35219204,0.31147683,0.8333333,0.3125,18.75,0.51812,0.48188,0.6575484,0.86927927,0.15546918,0.14381632,0.13002762,0.12098703,0.15746273,0.1442262,0.13053209,0.11655418,0.14877303,0.16477573,0.15509745,0.16340718,0.15044406,0.17105354,0.16307287,0.1463704,0.14258307,0.14714788,0.15489568,0.15664168,0.15683684,0.14184974,0.16737697,0.14873081,0.16144417,0.14576916,0.14766233,0.12564936,0.14670998,0.12449296,0.14680558,0.15191956,0.13920496,0.12199659,0.11776145,0.14371347,0.15607078,0.13578443,0.13283712,0.13946322,0.1310381,0.12687668,0.13924108,0.109778695,0.117090195,0.13418822,0.106515564,0.13295624,0.1303862,0.12325825,0.10031521,0.12621714,0.13199003,0.12118829,0.10328538,0.12440207,0.116653964,0.108619966,0.12445932,0.12909931,0.15316986,0.16263002,0.14976192,0.17988141,0.146655,0.18275721,0.16904043,0.14701948,0.14497478,0.13984187,0.15569167,0.15809327,0.15749854,0.14321585,0.16324097,0.15169056,0.16127537,0.13905944,0.16374147,0.13306893,0.1477539,0.11799606,0.14019589,0.15159574,0.14108418,0.12102213,0.12656818,0.14009175,0.16528982,0.12734437,0.13563792,0.13629134,0.12699796,0.12074203,0.14289285,0.11121945,0.12270396,0.13274246,0.108395025,0.14367184,0.11714376,0.11503772,0.09592631,0.124826595,0.1308782,0.116600916,0.10442364,0.12617521,0.10802983,0.10439821,0.110276505,0.11781561,0,normal,normal_breathing_03
0.5261219,0.414284,0.78742963,0.05975018,0.7410286,2.2542539,0.26058835,0.73990417,0.35219204,0.28576428,0.5833333,0.3125,18.75,0.5362853,0.46371472,0.623089,0.91690844,0.15556212,0.14451379,0.12982798,0.12038284,0.15556996,0.14380765,0.12983482,0.12067906,0.14509133,0.16043307,0.15537715,0.16419466,0.15611024,0.1692795,0.16216776,0.15117349,0.14457156,0.15331662,0.15500227,0.15301983,0.15257011,0.14532275,0.1685474,0.15234457,0.161793,0.1432435,0.15410346,0.12101137,0.14504007,0.12625529,0.14213511,0.15283164,0.148167,0.117884055,0.124692835,0.13977039,0.14990793,0.13176513,0.1361892,0.13779637,0.13619818,0.13360472,0.13624454,0.09763476,0.12087063,0.12893058,0.11415836,0.13072686,0.12289046,0.12439912,0.112623915,0.12639363,0.12868318,0.12115428,0.096450545,0.12571612,0.11694603,0.113094784,0.120759435,0.12513858,0.14907196,0.15694927,0.14366296,0.17477928,0.14705242,0.1879813,0.16544405,0.14883173,0.14381099,0.13943352,0.1590246,0.15518436,0.15118296,0.142305,0.16158459,0.15847756,0.15851289,0.1360692,0.16368975,0.124244794,0.1383592,0.11979625,0.14430909,0.15126973,0.14609052,0.12479089,0.1311723,0.1332571,0.15857424,0.126986,0.1346578,0.13340965,0.124935694,0.12755783,0.14387012,0.10984186,0.12708741,0.12645797,0.11004463,0.13656935,0.11288054,0.12096805,0.10594457,0.1335715,0.13010336,0.126293,0.10683829,0.12992243,0.10819593,0.11726141,0.11801006,0.122269265,0,normal,normal_breathing_03
0.52747864,0.9578808,1.8159614,0.05903177,0.70624,2.26132,0.2564693,0.6146532,0.41725853,0.23318964,0.5555556,0.24414062,14.6484375,0.5445363,0.4554637,0.6078207,0.9215283,0.15531772,0.14139037,0.12927356,0.1252057,0.15492338,0.14149614,0.1277121,0.12614432,0.1453374,0.17062072,0.1526335,0.16355284,0.16090603,0.16745363,0.16325715,0.15346257,0.14636166,0.13916074,0.16103438,0.14831083,0.14703888,0.14251013,0.15784255,0.14769787,0.15612839,0.1350981,0.14899583,0.121595554,0.13988526,0.12752655,0.14551096,0.14303212,0.1428997,0.12935165,0.1434437,0.1250975,0.12671767,0.13057214,0.13930978,0.12799755,0.13236272,0.14660497,0.13604462,0.10729686,0.12872729,0.119434856,0.11694656,0.122186854,0.12074535,0.14544874,0.116989374,0.13153447,0.13016322,0.124747045,0.10163854,0.125046,0.120411105,0.115977235,0.14058526,0.13220076,0.14618833,0.16581132,0.1417557,0.16765651,0.15234119,0.19182715,0.16326547,0.15039234,0.14731601,0.12710725,0.16354288,0.14955938,0.1472404,0.13740605,0.15190625,0.15587883,0.15282884,0.13151841,0.15912914,0.12410972,0.12867202,0.122338586,0.14951189,0.14108704,0.14294626,0.14211679,0.1420868,0.11563555,0.14154914,0.12696628,0.13505097,0.12862433,0.120254405,0.14159818,0.14380898,0.11858506,0.12987654,0.10946492,0.106756106,0.12901126,0.1090031,0.13533245,0.10611931,0.14616287,0.13119233,0.13078108,0.1092935,0.13433947,0.10987956,0.12573612,0.14008209,0.13294299,0,normal,normal_breathing_03
0.53315556,0.3881667,0.7280552,0.062116567,0.8144608,2.2555604,0.2563385,0.71929693,0.3563737,0.26523903,0.5555556,0.21484375,12.890625,0.40617472,0.5938253,0.9009719,0.8893133,0.15423094,0.14034314,0.12871267,0.12778549,0.15203905,0.14054474,0.12835929,0.12966177,0.14177428,0.16993487,0.1486436,0.16885298,0.14989877,0.17102467,0.16893968,0.1538046,0.14059672,0.13657719,0.16248897,0.1444494,0.1480164,0.14227475,0.15144765,0.14201713,0.14408277,0.13238344,0.15718505,0.12911113,0.13863015,0.13271604,0.14279403,0.139415,0.14012703,0.13227664,0.15449487,0.118451886,0.11676204,0.12706684,0.14382213,0.12682351,0.13188887,0.14767508,0.13258784,0.10716935,0.13868769,0.11096761,0.11686709,0.12197553,0.11928712,0.15649505,0.1205785,0.13612548,0.1284408,0.12098321,0.10864547,0.12562428,0.12228437,0.12037907,0.14462718,0.13576531,0.1352717,0.16214971,0.13786136,0.16811045,0.14146148,0.18563725,0.1686062,0.15688455,0.13832442,0.12556028,0.1659863,0.14727637,0.14337751,0.13858327,0.1431488,0.1495094,0.14339402,0.13452518,0.16132022,0.12491023,0.13066421,0.13228858,0.14884353,0.13798998,0.13865681,0.14324737,0.15756975,0.111366294,0.12652352,0.12743315,0.14276177,0.12171937,0.12344448,0.14401144,0.14147486,0.11908667,0.13950413,0.10583956,0.107935846,0.124031834,0.116419494,0.15484934,0.108032726,0.14695796,0.12764852,0.1352049,0.11528036,0.12971522,0.117700234,0.12678908,0.14775379,0.13521962,0,normal,normal_breathing_03
0.5360845,0.3899642,0.72743046,0.06214404,0.81921506,2.2297776,0.26098344,0.71457624,0.36522827,0.26209122,0.6944444,0.22460938,13.4765625,0.43621758,0.5637824,0.8296141,0.93444824,0.1535915,0.14161791,0.12830089,0.12759544,0.15271294,0.14104521,0.12700045,0.12953764,0.13698721,0.1649331,0.14965044,0.16433631,0.1470167,0.17063497,0.16922487,0.16186003,0.14273474,0.13345957,0.15971953,0.14723063,0.1489013,0.14375961,0.15250272,0.14717948,0.14165577,0.13551396,0.15913562,0.12945332,0.14065054,0.13460532,0.14180474,0.13920887,0.14180362,0.13375926,0.15609781,0.117064126,0.11309675,0.12837394,0.13997486,0.12327564,0.13498795,0.14732817,0.12939498,0.110394515,0.13885371,0.11153292,0.117536135,0.12115506,0.1168995,0.15506938,0.12160825,0.1336576,0.12673391,0.12266415,0.10768999,0.12842266,0.12119789,0.12248124,0.14572665,0.13543434,0.13256219,0.1586382,0.14433564,0.16476576,0.13956161,0.18928823,0.16903192,0.16348836,0.14146815,0.12189719,0.16443649,0.152306,0.14348851,0.14026538,0.14749475,0.15411125,0.13799202,0.13529523,0.16319777,0.122138955,0.13172716,0.1361655,0.1456083,0.13737957,0.13944726,0.1427646,0.16009888,0.10538181,0.1199625,0.12744097,0.13267656,0.11544006,0.13053071,0.14424376,0.13636994,0.12218685,0.14017045,0.10700462,0.10949876,0.12309779,0.11387458,0.15329239,0.11218545,0.14155768,0.12610488,0.13893965,0.11395045,0.13122565,0.11711305,0.1279968,0.14860444,0.13604656,0,normal,normal_breathing_03
0.508601,0.47485316,0.9336457,0.06126616,0.70215243,2.2455554,0.2796049,0.6981967,0.40046725,0.26093996,0.8055556,0.2734375,16.40625,0.4918451,0.50815487,0.70959145,0.91027886,0.15496154,0.14231364,0.12756051,0.12601402,0.15551947,0.14077695,0.12555872,0.12838487,0.14445385,0.15489346,0.15883183,0.166853,0.15459508,0.16039719,0.16955997,0.1589889,0.13785554,0.14158478,0.16088878,0.15338641,0.15221117,0.14536348,0.14990672,0.15223989,0.13277042,0.14074022,0.1575307,0.13115959,0.14290777,0.13717218,0.13893121,0.14260976,0.14288355,0.13586196,0.15819317,0.11654376,0.10182317,0.1266922,0.13921084,0.121723995,0.13756739,0.14890836,0.12741177,0.11643559,0.14193681,0.10518593,0.11665356,0.118447654,0.118376285,0.14963067,0.12452238,0.13021398,0.124973886,0.12669604,0.10558888,0.12237423,0.12693942,0.12141291,0.14302252,0.12598337,0.14741702,0.15056427,0.15091294,0.16878152,0.14690173,0.17976207,0.16853556,0.16027205,0.1361029,0.13213426,0.1675425,0.16149406,0.15133215,0.1398559,0.14276913,0.15594433,0.12880762,0.14293008,0.16043846,0.1257819,0.13443497,0.13557635,0.14383139,0.13736548,0.13716424,0.14520045,0.15836133,0.10529739,0.10977907,0.12256093,0.13491103,0.11427601,0.13096163,0.1462567,0.13159296,0.1252015,0.14274567,0.10383818,0.10648103,0.11740425,0.1144354,0.14871086,0.11693754,0.14116305,0.13190378,0.14320718,0.11470009,0.123153046,0.12296547,0.12354583,0.14375147,0.12712531,0,normal,normal_breathing_03
0.4991289,0.4940695,0.9898635,0.057780508,0.6277699,2.2455554,0.25437045,0.6981967,0.3643249,0.35147992,0.7777778,0.3125,18.75,0.42613068,0.5738693,0.8530092,0.8951603,0.15717252,0.14084302,0.12622234,0.12627003,0.15660402,0.13924333,0.124334335,0.12984546,0.15165599,0.15296814,0.15996173,0.16574247,0.15680115,0.16077006,0.17086099,0.15982783,0.14049561,0.1503583,0.16133547,0.15878628,0.15367864,0.14575657,0.14684469,0.15646619,0.1318197,0.14242998,0.15477698,0.13088779,0.14186533,0.13442963,0.13211052,0.14001718,0.13591388,0.13764083,0.15912549,0.10985215,0.10016812,0.12639663,0.1408438,0.12369667,0.13398921,0.1412554,0.12253038,0.120166965,0.14603789,0.10193413,0.11489365,0.11594244,0.11782597,0.14810595,0.12684476,0.12918249,0.13339937,0.12700163,0.1083539,0.11855137,0.13056275,0.121530704,0.14104174,0.12316717,0.15332405,0.15043734,0.15279934,0.16691713,0.14925183,0.17614922,0.17012213,0.16126657,0.13553989,0.13605818,0.16618094,0.16126493,0.15654077,0.14078075,0.13944992,0.15805992,0.124601565,0.14588602,0.15453063,0.12971379,0.13629307,0.13653949,0.13675389,0.13170552,0.12813736,0.14771141,0.15822168,0.10239957,0.10319654,0.12471714,0.13746151,0.11325305,0.12821062,0.14615928,0.12378832,0.12577923,0.1449908,0.10492779,0.10324077,0.11279881,0.118139684,0.14951223,0.11919312,0.14303373,0.13705662,0.14481539,0.11827626,0.12155845,0.12594889,0.12442919,0.14514881,0.1280798,0,normal,normal_breathing_03
0.45965594,0.28457433,0.61910295,0.054329474,0.5619749,2.0683243,0.23242415,0.7174832,0.32394367,0.45411092,0.7222222,0.2734375,16.40625,0.2443764,0.7556236,1.4090456,0.9213694,0.15786399,0.139632,0.12486043,0.12759896,0.15845908,0.13816057,0.123181365,0.12939988,0.1565663,0.15591532,0.15734169,0.16358708,0.16006508,0.16256881,0.17230782,0.15736133,0.14097568,0.14390306,0.16322604,0.1627577,0.155656,0.14823242,0.14748806,0.15188165,0.12929659,0.14338136,0.14523023,0.13729471,0.14379068,0.14324343,0.12806386,0.13120651,0.12228647,0.14382,0.16444457,0.10773582,0.09245302,0.12647434,0.14211585,0.12512597,0.13016407,0.13738275,0.12566991,0.123936,0.14262138,0.10097088,0.10409101,0.11243652,0.1218617,0.15357418,0.11791005,0.13517967,0.13626033,0.124480374,0.11899275,0.11647207,0.13434717,0.12075862,0.14278312,0.12372982,0.16071011,0.14994337,0.15406775,0.16576964,0.16456005,0.17001376,0.16694191,0.15927769,0.14099558,0.13845083,0.1639158,0.1678246,0.15749697,0.14533755,0.14650609,0.1486354,0.12792535,0.14510974,0.14419612,0.14138617,0.14266795,0.14918911,0.12476507,0.12337877,0.112370804,0.14461924,0.1669877,0.09881331,0.09109244,0.12098365,0.1432807,0.12462925,0.12935427,0.1439056,0.12526892,0.12038625,0.13692477,0.103596985,0.09613388,0.11007811,0.11690396,0.15284501,0.123150654,0.14506003,0.1367564,0.13549612,0.12648526,0.11579456,0.13090782,0.121728204,0.14130856,0.12568378,0,normal,normal_breathing_03
0.40009895,0.3552081,0.88780063,0.048882063,0.570334,1.639373,0.2545584,0.4876802,0.52197814,0.22833666,0.6944444,0.25390625,15.234375,0.3616598,0.6383402,1.0170512,0.9614737,0.15585253,0.14398569,0.122707136,0.12637623,0.15418033,0.13878204,0.12520571,0.13113825,0.14798003,0.13905855,0.15055902,0.15491684,0.1819748,0.16106206,0.16537003,0.15399037,0.13329804,0.15422457,0.15177648,0.17470838,0.15716371,0.16648431,0.15573888,0.14679779,0.13807505,0.14710289,0.15158015,0.15119633,0.16266714,0.15514268,0.11565973,0.12497409,0.12421097,0.13218398,0.16287503,0.11033289,0.097697064,0.13245068,0.15146205,0.12311902,0.123972036,0.12803578,0.12233512,0.114673644,0.12882702,0.11543847,0.083973944,0.11707925,0.12616597,0.13187838,0.13602176,0.14612558,0.12629679,0.120088615,0.12065857,0.12419799,0.14328964,0.1192275,0.12241907,0.10944192,0.1558458,0.13391408,0.13779065,0.15963864,0.17487256,0.16681556,0.15712374,0.16046669,0.13252714,0.15306363,0.14755744,0.17267442,0.15205397,0.14947495,0.15190242,0.13851263,0.13774706,0.14039916,0.1417649,0.14728135,0.15907393,0.16423978,0.10923819,0.1282011,0.11157754,0.124753445,0.16944471,0.104810044,0.09299912,0.13034078,0.14856942,0.12496688,0.13824348,0.13876124,0.13431005,0.11014246,0.12882888,0.120399736,0.08585735,0.11791459,0.122414954,0.1438271,0.14459643,0.1465987,0.13135675,0.13578644,0.13191624,0.1180668,0.14446092,0.12246283,0.12523465,0.12016076,0,normal,normal_breathing_03
0.36218953,0.3767034,1.0400726,0.04409071,0.49194217,1.4983978,0.2831977,0.46279627,0.61192733,0.15342265,0.6388889,0.1953125,11.71875,0.27692315,0.7230769,1.2840153,0.9381036,0.15769558,0.14358397,0.12301007,0.12301689,0.1564806,0.13885826,0.123533756,0.12879871,0.15770447,0.131427,0.156672,0.14692542,0.20575991,0.15369149,0.15582712,0.14992659,0.13961677,0.16130248,0.14321922,0.18229675,0.16567327,0.17295396,0.16052599,0.14965379,0.14467853,0.14959046,0.14144701,0.14666802,0.16167328,0.15248533,0.10731023,0.12361653,0.13392577,0.122062705,0.15618382,0.11079472,0.09920145,0.137381,0.15057041,0.1251171,0.12443781,0.1256814,0.121907145,0.117996775,0.11650043,0.122647434,0.09071142,0.11354,0.11944029,0.113805056,0.1474576,0.1521353,0.13100168,0.11752973,0.11518946,0.12957337,0.13964026,0.113856874,0.10721689,0.09883299,0.16806099,0.12447186,0.14337942,0.15024745,0.19819607,0.16485868,0.1435664,0.1515353,0.13844432,0.16295977,0.14063236,0.17966564,0.16822943,0.15658915,0.15745448,0.14196506,0.14561455,0.14062668,0.13310188,0.14727321,0.15735099,0.16175026,0.10113813,0.1298154,0.1145095,0.117968164,0.15202048,0.10347248,0.09266584,0.13451117,0.14489485,0.13158548,0.13902329,0.13839544,0.13229205,0.11049204,0.11382232,0.12408352,0.088679835,0.11379099,0.10721517,0.12188095,0.15873145,0.15579262,0.1402964,0.13021748,0.12584783,0.12547193,0.14276156,0.12760322,0.110479474,0.11429408,0,normal,normal_breathing_03
0.35775,0.33886313,0.94720656,0.04335042,0.51155376,1.4983978,0.19878714,0.46279627,0.42953485,0.23998453,0.6805556,0.1953125,11.71875,0.29782584,0.7021742,1.2112464,0.9560875,0.15690163,0.14269103,0.12426043,0.1227659,0.15326418,0.13978918,0.12496271,0.12919205,0.1631653,0.14310792,0.15750915,0.1528177,0.21240146,0.14761466,0.14765467,0.1234776,0.13324383,0.16629186,0.14267527,0.17758957,0.17217223,0.18337636,0.16394415,0.13774452,0.14296968,0.14161293,0.14237688,0.14373389,0.16500218,0.15334994,0.10412994,0.12865107,0.12979203,0.118299805,0.14736386,0.10798479,0.10103704,0.12866402,0.15013316,0.12926151,0.12436671,0.12080372,0.11940691,0.12279788,0.12820764,0.12279623,0.11256215,0.114028096,0.12592515,0.12366542,0.1526019,0.15533212,0.14091596,0.09702799,0.104094446,0.12850925,0.14099996,0.117994785,0.09903681,0.09582483,0.17141153,0.123821564,0.13612248,0.14850028,0.2057459,0.15813608,0.12765089,0.13548383,0.13480988,0.17028975,0.13243589,0.17298742,0.1750388,0.16432607,0.1619657,0.1337106,0.14785062,0.13960405,0.13310057,0.14809881,0.16231255,0.1609023,0.10004293,0.13755845,0.11331496,0.11447177,0.14447902,0.10247176,0.09221586,0.13421766,0.15067458,0.13621014,0.13906492,0.13599595,0.13196541,0.1133828,0.1239286,0.1183664,0.10154208,0.11661803,0.10944467,0.13400303,0.15907598,0.16421263,0.1406463,0.108858794,0.12243347,0.13100888,0.14265324,0.13272578,0.10707646,0.11073956,0,normal,normal_breathing_03
0.3356796,0.31635198,0.9424224,0.038853385,0.41693628,1.4865022,0.17210445,0.4762596,0.3613669,0.33870414,0.7222222,0.1953125,11.71875,0.4332247,0.56677526,0.8364987,0.94762766,0.15286468,0.1446911,0.12587859,0.1230236,0.14527883,0.14264752,0.12846996,0.13071947,0.14548177,0.14772233,0.15423149,0.14531578,0.2139635,0.1537166,0.14878555,0.112409905,0.14037412,0.15582885,0.13856979,0.17077395,0.16006722,0.1922798,0.17422731,0.13538218,0.14599544,0.13119188,0.14433663,0.140539,0.16745211,0.15895675,0.10698138,0.1320048,0.1239215,0.12771547,0.15140456,0.11031138,0.10443929,0.12860686,0.15567346,0.13607995,0.12535717,0.11752068,0.12416886,0.11151839,0.12582487,0.12532923,0.120186985,0.12529562,0.12702608,0.12973885,0.1509099,0.15356402,0.14175968,0.07828274,0.10693965,0.13085438,0.13059935,0.13047445,0.09469575,0.09916636,0.15003304,0.1328875,0.12646812,0.1333956,0.20577891,0.16723199,0.12191232,0.124917075,0.14422977,0.15459168,0.115493126,0.15589485,0.15579073,0.17454275,0.17529103,0.12641452,0.15947464,0.122930825,0.13287215,0.1424681,0.1641966,0.16909309,0.10139331,0.14486659,0.11199177,0.12888242,0.15128927,0.10603514,0.09768055,0.1374847,0.15113571,0.14606835,0.1412739,0.1333346,0.14395668,0.1041978,0.12145829,0.12027808,0.11591632,0.13481033,0.1052387,0.14161865,0.15869722,0.1676851,0.1342063,0.0876716,0.12432011,0.13696371,0.13169055,0.15213528,0.10453563,0.119779974,0,normal,normal_breathing_03
0.32374743,0.31805292,0.9824106,0.038403165,0.34081447,1.5717504,0.13313478,0.5011614,0.26565248,0.4947711,0.6666667,0.3125,18.75,0.4080614,0.5919386,0.8963377,0.9018681,0.14855613,0.14785407,0.1270947,0.12414812,0.14266784,0.14468655,0.12931865,0.13134974,0.14391299,0.1481258,0.14450225,0.14737518,0.1996795,0.15482365,0.15368678,0.11040752,0.13027845,0.12948112,0.14129847,0.16748643,0.16017143,0.186001,0.16760686,0.13420646,0.14891458,0.14055577,0.14784394,0.14764671,0.17279403,0.16575083,0.108367525,0.13614622,0.12838194,0.13788721,0.15116309,0.10992685,0.11081133,0.13983192,0.15211649,0.12282246,0.12649319,0.12195507,0.1310606,0.108560614,0.1269798,0.12354053,0.12696922,0.13676961,0.13147308,0.13196668,0.14542957,0.15876284,0.13129517,0.08210405,0.107649006,0.13313565,0.1252155,0.13396215,0.09368303,0.1024793,0.14984278,0.1359588,0.12014091,0.13337494,0.19755718,0.16353413,0.117093965,0.12350118,0.13877966,0.14381847,0.11983871,0.15533416,0.1559071,0.1676446,0.16799289,0.1326458,0.16151866,0.12597123,0.13097094,0.14189759,0.16563602,0.1723831,0.10186086,0.14570811,0.11645294,0.15024248,0.14967634,0.10900408,0.10565981,0.14273307,0.1465629,0.1406134,0.14187458,0.13351849,0.15026408,0.10577504,0.120428056,0.11510871,0.119923875,0.14727557,0.106034055,0.13875264,0.1551433,0.16711868,0.13020094,0.08930594,0.12242353,0.13968356,0.13041861,0.15446359,0.103578895,0.123147406,0,normal,normal_breathing_03
0.30059794,0.22114661,0.73568904,0.03400976,0.36239082,1.3961124,0.1720217,0.40347007,0.42635554,0.31062397,0.4722222,0.3125,18.75,0.3292821,0.6707179,1.1108404,0.91604227,0.14485054,0.14845301,0.1293708,0.12561756,0.13781187,0.14618097,0.1327322,0.13280125,0.14495027,0.14930798,0.13694721,0.15224656,0.18901771,0.14430587,0.15094104,0.10805657,0.11234875,0.1241769,0.14293896,0.16656868,0.16125044,0.18126477,0.15690085,0.15364307,0.14010479,0.14787339,0.15028302,0.14701372,0.17216378,0.14956544,0.10884573,0.14183125,0.13153486,0.14886451,0.13859142,0.11768832,0.12380927,0.14442612,0.14943363,0.11433647,0.12801401,0.12179011,0.12683399,0.114308335,0.12885551,0.122878104,0.15085496,0.15949649,0.13202314,0.13276134,0.14113785,0.15449053,0.1418264,0.088159405,0.09400693,0.12862347,0.1256139,0.1390065,0.0972077,0.098674744,0.140607,0.1402075,0.12304755,0.14352892,0.17757113,0.14570506,0.120482855,0.122359775,0.1127576,0.13571425,0.11960109,0.14647493,0.16349673,0.16105871,0.15771773,0.13578847,0.157189,0.13729039,0.13783054,0.13616854,0.16422866,0.15274554,0.106024556,0.15098393,0.1259713,0.17735535,0.12977713,0.12472118,0.122858055,0.15100363,0.13826051,0.12198678,0.14820918,0.13093491,0.14804685,0.11426948,0.12466843,0.12234302,0.14843932,0.17755811,0.11735076,0.13532026,0.1418659,0.15528893,0.14623892,0.09502289,0.103245415,0.13724463,0.13378401,0.15676357,0.1067781,0.11995474,0,normal,normal_breathing_03
0.25988594,0.23472,0.90316546,0.029661989,0.39395735,1.0513266,0.20487304,0.30003282,0.6828354,0.13845181,0.6944444,0.29296875,17.578125,0.5603204,0.43967962,0.5792466,0.9307705,0.14525366,0.14139105,0.13188307,0.1283764,0.14163636,0.14262901,0.12915178,0.13210848,0.17123716,0.14787713,0.14609866,0.16337427,0.13256747,0.13515997,0.14757751,0.09794526,0.119437434,0.12337377,0.1427879,0.17273593,0.18812509,0.15766004,0.12792794,0.18366298,0.11992004,0.16627628,0.13384983,0.12912971,0.15675426,0.1171677,0.11660203,0.14274107,0.1269144,0.1594774,0.11251375,0.13337302,0.1275827,0.14817634,0.1273262,0.13609698,0.12866369,0.09653053,0.12660857,0.13455467,0.13720736,0.12436789,0.18147826,0.17231351,0.14271231,0.14867964,0.12977126,0.13135761,0.16753744,0.105171315,0.10169085,0.119572096,0.11603846,0.13758776,0.07953639,0.11692453,0.16111675,0.15385872,0.13598908,0.17478788,0.12853388,0.13082579,0.118676394,0.101358265,0.12675054,0.119294435,0.14413014,0.16343246,0.18251821,0.15913197,0.15363607,0.14234117,0.15455583,0.15899216,0.14312646,0.11532705,0.13411465,0.11614808,0.11546416,0.1432255,0.11877013,0.19934402,0.11518236,0.120540485,0.12550962,0.12789616,0.12962608,0.14724746,0.14004277,0.08426603,0.14495362,0.122744896,0.13021815,0.117532,0.1732134,0.19542176,0.14003676,0.15069184,0.11531561,0.14271392,0.17134462,0.10949894,0.09775204,0.12515706,0.10685922,0.14784405,0.07662429,0.13815013,0,normal,normal_breathing_03
0.25698313,0.23530668,0.91565025,0.02867929,0.38200098,1.0401227,0.17572258,0.30003282,0.5856778,0.15375133,0.7638889,0.1953125,11.71875,0.47302353,0.52697647,0.74861014,0.95239156,0.14596984,0.14242014,0.13243245,0.12699103,0.1433316,0.14248931,0.13097878,0.12982844,0.17659248,0.14785619,0.14471245,0.15582661,0.13797846,0.14011507,0.15118982,0.100541875,0.12095292,0.12702599,0.1466541,0.1700469,0.17811513,0.14899518,0.124305986,0.1861507,0.13000117,0.16039334,0.1371634,0.12840527,0.15771954,0.122466214,0.11539759,0.14514233,0.13242882,0.16289236,0.10274425,0.14892502,0.13214788,0.14960979,0.11175759,0.1380584,0.12636092,0.10448808,0.1310389,0.13930173,0.13337469,0.13161169,0.17220281,0.1717828,0.14540349,0.12723646,0.12499097,0.12082994,0.16835406,0.11104013,0.10630351,0.11922329,0.11794261,0.13244784,0.08717449,0.11815377,0.15574162,0.16097851,0.136208,0.17050956,0.13592507,0.14528544,0.13301933,0.09997187,0.13225506,0.1231745,0.14044757,0.16926266,0.16053158,0.13590965,0.14982677,0.14170404,0.16097948,0.14418218,0.15169661,0.11650256,0.13425612,0.12868524,0.10946109,0.15016216,0.12393709,0.20505802,0.11027169,0.13915518,0.12644444,0.1322112,0.12508512,0.15904643,0.13566735,0.09120181,0.14649051,0.12586084,0.12513724,0.12260677,0.1635455,0.19432025,0.15272887,0.12543479,0.107301146,0.13509597,0.16239336,0.10390747,0.10364965,0.12224322,0.10512936,0.14577912,0.08513958,0.14464684,0,normal,normal_breathing_03
0.24809366,0.25907335,1.0442561,0.029540827,0.3928771,1.0015048,0.17171875,0.3075295,0.5583813,0.19443469,0.5972222,0.1953125,11.71875,0.27362257,0.7263774,1.2960056,0.9614809,0.15024197,0.1415026,0.13067986,0.12532939,0.14614455,0.14185008,0.12996379,0.12809138,0.17120247,0.13957205,0.13962512,0.13973105,0.14564772,0.14281513,0.15770689,0.12489129,0.15001611,0.12649865,0.15443891,0.18837202,0.17262822,0.12974726,0.11288286,0.19167385,0.15382908,0.1569331,0.12962025,0.12900028,0.14929493,0.12262204,0.11452289,0.13937534,0.14078084,0.16925108,0.103375,0.16731896,0.12783822,0.15475188,0.11405782,0.13920395,0.11325067,0.109479755,0.13597475,0.12953961,0.11736223,0.13787141,0.14881389,0.17821594,0.13594013,0.103977956,0.12455445,0.11023453,0.15448694,0.13097137,0.11145958,0.12066623,0.11156902,0.12668508,0.10061697,0.11990382,0.14178668,0.1687569,0.13440697,0.15953247,0.13406272,0.14537907,0.13436861,0.12940715,0.15485363,0.11414699,0.15104643,0.17615364,0.15597787,0.127785,0.14190497,0.1378942,0.17170736,0.13127267,0.14669779,0.12036265,0.1267962,0.13484214,0.10979115,0.14641252,0.13437194,0.21421258,0.11578339,0.13924639,0.12823467,0.13190834,0.13051778,0.16387889,0.11959948,0.09051347,0.15590003,0.122151665,0.108746566,0.13197054,0.15107809,0.2035005,0.14739542,0.10427991,0.10707428,0.12650824,0.1537653,0.112646565,0.102980494,0.12050782,0.10264244,0.14626811,0.0915198,0.14609902,0,normal,normal_breathing_03
0.27446055,0.2219822,0.80879444,0.03025731,0.44402996,1.0751033,0.17122754,0.29315686,0.58408165,0.19538799,0.7222222,0.1953125,11.71875,0.40601894,0.5939811,0.90135545,0.9560292,0.152216,0.14052682,0.1308172,0.12596707,0.14704977,0.14448191,0.13183707,0.12543136,0.16206849,0.16132097,0.13377938,0.14362425,0.15092702,0.15287136,0.16541168,0.14424655,0.14260745,0.11360918,0.17081076,0.17291841,0.16461265,0.14980106,0.13037138,0.18006003,0.15645988,0.15160058,0.1436684,0.12730078,0.1464565,0.1224933,0.11290081,0.13027868,0.12911724,0.14634003,0.120914295,0.14177266,0.1336741,0.13639434,0.13241102,0.13836935,0.116278514,0.10570919,0.14667492,0.13360213,0.1025416,0.14430235,0.14797921,0.16127992,0.12617147,0.10266832,0.13991353,0.11560069,0.14211628,0.12148159,0.12242149,0.13868006,0.11769409,0.13227198,0.09595433,0.12131828,0.12927774,0.17141445,0.13284253,0.15631424,0.14033736,0.1531153,0.14484352,0.15927099,0.14368087,0.10668703,0.16305365,0.16274425,0.14806502,0.14855146,0.15232286,0.13916102,0.18224195,0.1403211,0.14826535,0.13038093,0.13328265,0.13034856,0.11963086,0.1387311,0.13365287,0.18137416,0.12675568,0.1233286,0.1390101,0.12818326,0.14408277,0.15766217,0.12100264,0.103069976,0.15609738,0.1331181,0.09845811,0.14509504,0.13801804,0.18058217,0.13253114,0.10731349,0.118953004,0.12313654,0.12646376,0.116434895,0.11472005,0.13202214,0.112392105,0.13493676,0.090713054,0.14040855,0,normal,normal_breathing_03
0.29105842,0.47937155,1.6469942,0.035545286,0.46342614,1.1917502,0.14950523,0.39595655,0.37757987,0.3049534,0.6666667,0.26367188,15.8203125,0.47893026,0.5210697,0.7362003,0.9500876,0.15061349,0.14435692,0.13017543,0.12505905,0.14820518,0.14563355,0.13079277,0.12551205,0.16128641,0.15315993,0.12631816,0.153155,0.16212817,0.14888762,0.16477287,0.15262938,0.13719995,0.12366651,0.16731669,0.15565258,0.15180211,0.15088883,0.14905016,0.16243412,0.1703297,0.16317502,0.16181009,0.116076365,0.13767774,0.119099125,0.123676784,0.1363199,0.13721749,0.14888455,0.12591855,0.15038498,0.14228563,0.12944573,0.12418965,0.13489968,0.11999891,0.12263571,0.13865505,0.13174826,0.09117289,0.1354532,0.14549242,0.143892,0.13415435,0.10410038,0.13196206,0.10019636,0.127882,0.13271481,0.12565404,0.13867262,0.12363849,0.11583802,0.12136189,0.12570079,0.14633672,0.16182084,0.12290754,0.15905468,0.15141109,0.1550866,0.15707976,0.16008224,0.13653886,0.1160171,0.16161047,0.15467218,0.14404927,0.15355314,0.16092387,0.13087581,0.18418781,0.15388744,0.16085973,0.12501259,0.13237257,0.12621544,0.12288132,0.13915905,0.13758893,0.16571848,0.1291982,0.12483875,0.14050199,0.125806,0.13457052,0.14915046,0.12521717,0.11599511,0.14416362,0.13136956,0.09831716,0.1378604,0.14331695,0.15734337,0.14013915,0.10601571,0.12163417,0.11175767,0.122861296,0.12600861,0.11803401,0.13699298,0.12076272,0.12109975,0.11094438,0.13806273,0,normal,normal_breathing_03
0.3233087,0.34143445,1.0560633,0.040193014,0.505763,1.2915969,0.16530487,0.40311036,0.4100735,0.29522893,0.6527778,0.3125,18.75,0.26413792,0.7358621,1.3312838,0.9154235,0.1504699,0.14676906,0.13069747,0.12235936,0.14934671,0.14835128,0.13030651,0.12272248,0.17198348,0.15103881,0.12372335,0.14906737,0.154368,0.14495733,0.15959452,0.14994207,0.14189847,0.12384457,0.16732466,0.16515611,0.15320994,0.15090881,0.15438533,0.15614828,0.16811909,0.1722866,0.1583388,0.11731488,0.148794,0.12123625,0.13543476,0.1368148,0.13588925,0.15232697,0.14105025,0.14152148,0.13169877,0.1266159,0.12163535,0.13043483,0.124065034,0.14042257,0.1367936,0.13279545,0.113597214,0.12589303,0.13254362,0.11347249,0.13349792,0.10447217,0.11821136,0.11114297,0.119035795,0.1369313,0.12991956,0.13848327,0.12080161,0.09629736,0.13847812,0.12992774,0.1595109,0.15563467,0.12321996,0.15073323,0.14673498,0.1533522,0.15843226,0.15725423,0.14180152,0.116983674,0.16164126,0.16676784,0.14944048,0.15696172,0.15902783,0.15044385,0.17716615,0.1660981,0.15504475,0.12584434,0.14536524,0.12530272,0.13359311,0.13524666,0.13995947,0.1585127,0.1431811,0.12353336,0.12998182,0.1251441,0.12797199,0.140527,0.122954644,0.13021815,0.13450529,0.13479663,0.11522908,0.13033019,0.13561133,0.12250516,0.13932626,0.110139534,0.11735303,0.11622007,0.11943938,0.13072042,0.12211631,0.133678,0.11931625,0.10630518,0.12195745,0.13631509,0,normal,normal_breathing_03
0.3531425,0.28558823,0.8087054,0.042948592,0.5181719,1.3826574,0.18582255,0.41320643,0.44970873,0.27135837,0.6666667,0.3125,18.75,0.2540355,0.74596447,1.3702812,0.86330134,0.15070136,0.14618647,0.12803245,0.1252394,0.1490193,0.14775798,0.1290821,0.12510021,0.17423935,0.14773247,0.1404054,0.13589995,0.14570926,0.14976643,0.1639188,0.15244824,0.14180946,0.12926635,0.17085022,0.15574495,0.15132675,0.14852843,0.16368695,0.15533006,0.16229227,0.18040223,0.14953579,0.12569939,0.14981039,0.11398781,0.13575348,0.12927866,0.13597688,0.15014179,0.14421152,0.14765918,0.12906983,0.110794656,0.116042584,0.11288818,0.12244029,0.14763033,0.12692754,0.12683134,0.11724252,0.11848263,0.1442011,0.11023342,0.11583544,0.109764375,0.1356593,0.11514536,0.13183975,0.13288242,0.13413243,0.13554962,0.13086277,0.10504177,0.14411712,0.12704852,0.16290505,0.14967105,0.13604969,0.139794,0.14016625,0.1555882,0.15904212,0.1557018,0.13792686,0.122289814,0.16855368,0.15990895,0.14965346,0.15508817,0.1644763,0.1509144,0.16585092,0.17325689,0.14480625,0.13777949,0.15273549,0.115414955,0.13931386,0.12706503,0.14030838,0.15384361,0.14721633,0.13071424,0.13028243,0.117627606,0.12228078,0.11986321,0.11986166,0.14353572,0.12531151,0.13072343,0.12137064,0.12043265,0.1488471,0.119919956,0.11673348,0.113562115,0.13141075,0.119999886,0.12321453,0.1267551,0.1353942,0.13477762,0.13300563,0.11006014,0.1319775,0.12949193,0,normal,normal_breathing_03
0.35874578,0.37485304,1.0448989,0.04395173,0.5575044,1.3716723,0.21798135,0.4192217,0.5199667,0.1685259,0.7222222,0.3125,18.75,0.23284747,0.76715255,1.4573717,0.81237394,0.15038545,0.14575242,0.12827548,0.12605119,0.14858843,0.14813304,0.12818317,0.12559056,0.17243405,0.15429813,0.14716871,0.13460575,0.14076254,0.15081178,0.15394042,0.15296003,0.14324066,0.13727286,0.16831197,0.15084192,0.14836216,0.14286341,0.1656284,0.1567246,0.16305028,0.18536124,0.1448002,0.12559019,0.15150207,0.11359079,0.13614419,0.13030113,0.13071229,0.14851254,0.14284588,0.14731868,0.13235076,0.116389744,0.11571425,0.113021046,0.12478837,0.14459237,0.12587313,0.125079,0.11798181,0.11916249,0.14246382,0.11104863,0.11517237,0.11193869,0.14066535,0.12024313,0.13331269,0.12843826,0.13189475,0.1359287,0.13130714,0.10707982,0.14420931,0.12742664,0.16305804,0.1532,0.13560355,0.13641858,0.13537021,0.15548223,0.15663129,0.15638155,0.13863923,0.12185214,0.17085505,0.15779662,0.1503612,0.15512204,0.17223623,0.15084729,0.17022038,0.17431913,0.13873029,0.13998646,0.15678528,0.11367557,0.13835885,0.12144549,0.13910359,0.15489894,0.14658321,0.1228341,0.13183887,0.11222336,0.122181274,0.115525514,0.119394824,0.14482799,0.1300559,0.13005678,0.12012043,0.120665185,0.15007375,0.12155368,0.11133285,0.12177182,0.13560335,0.12284335,0.123435386,0.1256051,0.13549426,0.1324095,0.1315905,0.11008836,0.13052793,0.13042115,0,normal,normal_breathing_03
0.37258404,0.33596352,0.901712,0.04410529,0.618286,1.3831186,0.2704579,0.42738453,0.63282096,0.14377074,0.7777778,0.3125,18.75,0.22886911,0.7711309,1.4746051,0.8449059,0.14906788,0.14739172,0.12619728,0.12770216,0.1480552,0.14851914,0.12689687,0.1271164,0.17044368,0.14685372,0.14822324,0.13091111,0.15572532,0.15001164,0.14805554,0.13885543,0.13309294,0.14805438,0.1677423,0.1459595,0.15395358,0.14455868,0.17232507,0.16158074,0.16053002,0.18047509,0.14634241,0.13249472,0.16141385,0.11529659,0.14240173,0.12902182,0.12859488,0.14105675,0.14244318,0.13854763,0.13495007,0.10871284,0.11341362,0.11051576,0.123931035,0.14522864,0.124005176,0.1258023,0.10905379,0.12073148,0.1432292,0.11286545,0.1212624,0.118191004,0.14608194,0.116453335,0.13175693,0.120952114,0.129542,0.1326395,0.13397075,0.113247424,0.1466877,0.13647765,0.16398703,0.146921,0.13877632,0.13557515,0.14574987,0.15515912,0.15581983,0.14389953,0.13073047,0.12959547,0.17070772,0.1563547,0.15144129,0.15422721,0.17567948,0.15262337,0.16678198,0.17253326,0.13968697,0.14241675,0.16122217,0.11953808,0.14003547,0.12010633,0.13625309,0.14964463,0.14650473,0.1230107,0.13156267,0.107104465,0.119333,0.11358519,0.119300865,0.14634585,0.1265634,0.13110825,0.11586681,0.11822274,0.1511506,0.12018254,0.11701531,0.12398173,0.14089867,0.12098231,0.12212076,0.12206134,0.13506025,0.13111489,0.13356763,0.11385329,0.13495529,0.13671914,0,normal,normal_breathing_03
0.42639664,0.31867585,0.74736947,0.04648227,0.66322565,1.7062901,0.2656038,0.54617065,0.48630184,0.21092439,0.5833333,0.3125,18.75,0.43509188,0.5649081,0.832198,0.92389697,0.14843029,0.15009317,0.12255753,0.12900591,0.1479655,0.14902583,0.122857034,0.1303441,0.16409123,0.15404102,0.1445764,0.15348317,0.14872715,0.15847282,0.13347806,0.13243346,0.13380584,0.14400767,0.14873712,0.15794404,0.15579583,0.1453692,0.18857749,0.1519029,0.16868393,0.17398082,0.16020443,0.14145604,0.15956408,0.111323595,0.14787106,0.13349403,0.13387512,0.13490859,0.13941428,0.13814919,0.13186523,0.10666015,0.11304244,0.11685746,0.1260494,0.13089117,0.1143246,0.11263718,0.116026916,0.109293,0.13803692,0.12481111,0.12893009,0.13682911,0.13387749,0.12414853,0.13521859,0.12175356,0.13182592,0.115757145,0.12273498,0.11353584,0.14893176,0.13872272,0.16607639,0.15162644,0.13697264,0.15104605,0.14209801,0.15944228,0.14853856,0.12894133,0.13314503,0.13036129,0.15655285,0.16381033,0.15494029,0.1520341,0.18819006,0.14999145,0.16344489,0.16936259,0.15316454,0.14373994,0.16101429,0.11550042,0.13754103,0.123391084,0.13542028,0.14454113,0.14655598,0.12720306,0.12072931,0.10461149,0.11329536,0.11607185,0.12460352,0.13755573,0.11974983,0.115457445,0.117003635,0.1075971,0.14670713,0.12182177,0.12587617,0.13925636,0.13281006,0.13469322,0.12910022,0.12358227,0.13952203,0.11795982,0.12660252,0.11674615,0.14630534,0.14019719,0,normal,normal_breathing_03
0.41685757,0.34911466,0.83749145,0.046217926,0.6176237,1.7276623,0.25903097,0.5695345,0.45481172,0.28237355,0.7222222,0.2734375,16.40625,0.69213134,0.30786863,0.36797953,0.8766407,0.14866419,0.14927562,0.12049454,0.13151541,0.14698905,0.1496407,0.12037956,0.13258927,0.15636225,0.16020727,0.1467207,0.15440305,0.14439934,0.1643824,0.13637815,0.124490775,0.13929728,0.14238267,0.15107521,0.15818457,0.15435086,0.14706917,0.18692169,0.15276207,0.1705106,0.16139938,0.16221395,0.14487296,0.1680908,0.11549453,0.14704378,0.129464,0.12885994,0.12588002,0.13702632,0.13320427,0.12989482,0.09887555,0.11688922,0.11881237,0.12446242,0.12093681,0.110349156,0.10970168,0.119446084,0.10994195,0.13688828,0.13656114,0.12299551,0.1385068,0.13398619,0.13658689,0.1427826,0.113097265,0.13316852,0.11697678,0.11905195,0.13321583,0.14362909,0.13914178,0.15344284,0.15623394,0.13772802,0.15239392,0.13101661,0.16814992,0.14476578,0.12168356,0.14099427,0.12860864,0.15339856,0.16681173,0.15562974,0.14880082,0.1925173,0.14844334,0.16738811,0.15928714,0.16095488,0.15132813,0.1663925,0.12194582,0.13721608,0.12419627,0.12926061,0.13759801,0.14404303,0.12418705,0.11920529,0.09902289,0.116593644,0.11885103,0.12254591,0.1286142,0.11718499,0.11095759,0.11632239,0.10758372,0.13982256,0.13434617,0.11447539,0.14367773,0.13298588,0.14883849,0.1382463,0.11673068,0.14503212,0.10961926,0.120999515,0.13200267,0.14541048,0.1412958,0,normal,normal_breathing_03
0.40506735,0.36699462,0.90600884,0.045170598,0.54236704,1.7756857,0.21317261,0.59556526,0.35793322,0.39868444,0.7222222,0.2734375,16.40625,0.61919343,0.38080654,0.4793375,0.89485985,0.15003696,0.14655194,0.12088727,0.13254085,0.14766733,0.14630638,0.120331846,0.13528466,0.15730228,0.16112646,0.1578649,0.16265188,0.14508313,0.17129014,0.13580732,0.122619696,0.14518137,0.14172451,0.14692478,0.15027998,0.15262409,0.13718517,0.1863662,0.14612943,0.16865991,0.15752816,0.16192128,0.15264875,0.16011104,0.112111285,0.1417854,0.13369605,0.12676258,0.12026989,0.13208036,0.13227586,0.13353571,0.108994745,0.11826474,0.11985065,0.11721977,0.10807343,0.11372059,0.114511184,0.118620016,0.1229479,0.13143957,0.13740641,0.1259795,0.13881065,0.14287251,0.14142339,0.14248893,0.11105576,0.1309583,0.118316606,0.11182103,0.13740547,0.13967769,0.1448148,0.15386981,0.15855348,0.139931,0.15999731,0.13016935,0.17521001,0.14572996,0.117035724,0.14617364,0.13092723,0.15091956,0.15820073,0.15295757,0.13737166,0.19297133,0.13431153,0.168684,0.15009175,0.16648589,0.15864879,0.15688364,0.119591266,0.12852256,0.13360964,0.124179386,0.13063154,0.13636169,0.12033904,0.125312,0.10905941,0.117240295,0.12100049,0.123204045,0.12018285,0.123566344,0.110976696,0.10998765,0.115898505,0.13118497,0.13669835,0.11289413,0.14274533,0.14027697,0.16044074,0.1335573,0.11903321,0.14565973,0.11187527,0.11634419,0.13721716,0.14921327,0.1527449,0,normal,normal_breathing_03
0.3996022,0.30569237,0.7649917,0.04625072,0.528439,1.77595,0.21317261,0.59556526,0.35793322,0.39748174,0.5277778,0.26367188,15.8203125,0.56002253,0.43997744,0.5797782,0.9031869,0.148896,0.14883967,0.119447134,0.13221002,0.1474729,0.14796372,0.11823405,0.1341449,0.15295483,0.16766156,0.15041743,0.17237312,0.14604773,0.16645211,0.13322909,0.11984073,0.13624541,0.13774492,0.14299056,0.15529978,0.15439065,0.13528079,0.18665451,0.13927524,0.17623729,0.15516388,0.16852616,0.16462001,0.15209392,0.10874998,0.1408488,0.14716686,0.12471263,0.13558564,0.12529142,0.11955916,0.1335,0.108999215,0.118246675,0.12724799,0.11952791,0.101159684,0.116492435,0.11461425,0.1240327,0.12117766,0.12296369,0.13454147,0.12928765,0.138204,0.13782515,0.15062644,0.14132963,0.121612914,0.12470977,0.1157299,0.104523405,0.1371231,0.1355004,0.14771646,0.15127051,0.17023133,0.13229355,0.1745349,0.12673964,0.1708208,0.14814474,0.115836374,0.14046797,0.12266319,0.14667934,0.16222817,0.15523717,0.13060687,0.19039448,0.124505915,0.17722781,0.15116291,0.17607443,0.17373872,0.14304459,0.11619818,0.11689505,0.15342504,0.12238025,0.14787409,0.12753464,0.106750004,0.124514975,0.10963889,0.115391664,0.13236661,0.12666655,0.10829574,0.12829822,0.110259,0.11376236,0.11632781,0.1172362,0.1279716,0.121128865,0.14120938,0.13597228,0.17192757,0.13339928,0.12538894,0.1317795,0.10871657,0.105748266,0.13550319,0.14476068,0.16037762,0,normal,normal_breathing_03
0.41878888,0.30573303,0.73004097,0.046251677,0.6342037,1.7185982,0.22214176,0.57775486,0.38449138,0.2901487,0.6666667,0.26367188,15.8203125,0.4702398,0.52976024,0.75451255,0.88934195,0.15042421,0.14970271,0.11737971,0.13138303,0.14857933,0.14873846,0.11719359,0.13393329,0.15494029,0.16619235,0.1507807,0.17818283,0.14694995,0.16560389,0.13175106,0.13187402,0.13055472,0.12656067,0.14791326,0.1638031,0.16040799,0.1491632,0.18819782,0.13721813,0.16841969,0.15159856,0.16409972,0.16587083,0.15296957,0.10771336,0.14653854,0.147432,0.12888847,0.1380254,0.12579057,0.107791685,0.12846108,0.1071295,0.12059275,0.13003455,0.12160328,0.09389099,0.11279973,0.11094246,0.13066186,0.11533411,0.12090366,0.13009739,0.12753433,0.13154225,0.13313062,0.15025525,0.14661686,0.12354928,0.13087669,0.11930152,0.10843601,0.13160264,0.12911117,0.14592534,0.15689987,0.1641373,0.14009492,0.1772435,0.12876156,0.16653512,0.14104179,0.12501633,0.13626064,0.12524554,0.14698423,0.16373825,0.15957224,0.14049901,0.187923,0.13482434,0.1666091,0.15130633,0.17193055,0.17187786,0.1418624,0.11385134,0.13067819,0.15458523,0.12186764,0.14578493,0.1292218,0.10588066,0.12164793,0.11356015,0.11413961,0.13381474,0.1267132,0.10138992,0.12148765,0.10685273,0.12063164,0.115534216,0.11264241,0.12418957,0.12241877,0.13163096,0.13340794,0.16839448,0.14454229,0.133507,0.13426206,0.111595325,0.10644621,0.13036309,0.14254129,0.15783378,0,normal,normal_breathing_03
0.45032826,0.34760067,0.77188283,0.048367705,0.73128396,1.7674278,0.20790915,0.56166196,0.3701678,0.25364608,0.7083333,0.30273438,18.164062,0.37015265,0.62984735,0.99383974,0.8933654,0.15340383,0.14587605,0.120845914,0.12977771,0.15047471,0.14628726,0.12082908,0.13189891,0.15965694,0.16451812,0.15827326,0.17817907,0.15555345,0.1528947,0.13829614,0.14014542,0.14688301,0.125001,0.15238245,0.1652598,0.15720648,0.14649408,0.17824228,0.14432767,0.15460616,0.14643486,0.16063851,0.15962763,0.14143398,0.113435484,0.13289967,0.15035558,0.12951672,0.13837598,0.1289769,0.114537045,0.12985472,0.11131943,0.11910606,0.13865077,0.11966086,0.10131181,0.11762964,0.115353204,0.12699361,0.12125362,0.12634918,0.13214366,0.13720827,0.13281402,0.13286461,0.14961904,0.14865349,0.121431835,0.12687439,0.12139016,0.09865619,0.11883513,0.12539351,0.14122596,0.1584484,0.16238296,0.14416426,0.175846,0.1403968,0.15783405,0.14221494,0.13250585,0.14853656,0.12485871,0.14806741,0.16313447,0.1577808,0.13641985,0.18001816,0.14291148,0.16020471,0.14805026,0.16948642,0.16728306,0.1332073,0.11536888,0.122758165,0.1570123,0.1251014,0.14391235,0.13206224,0.11433801,0.12558174,0.113542594,0.11301136,0.14447898,0.124806486,0.106074005,0.12354516,0.11159777,0.11961774,0.12470067,0.11742131,0.12503512,0.13062017,0.13227586,0.13178922,0.16520295,0.1448238,0.13120991,0.13252799,0.11334403,0.098936535,0.12060862,0.13728946,0.15102217,0,normal,normal_breathing_03
0.38149336,0.23044154,0.60405123,0.042510755,0.6072389,1.506251,0.20601311,0.50713706,0.40622768,0.24740827,0.6388889,0.3125,18.75,0.56874764,0.4312524,0.5643185,0.8296608,0.15474264,0.14100225,0.12543128,0.129399,0.15370826,0.14180131,0.12507217,0.12916538,0.1679973,0.15400715,0.1691443,0.16903423,0.16070326,0.13510504,0.14378224,0.14959386,0.15535852,0.13153909,0.15841244,0.16048461,0.15649231,0.1347948,0.16071157,0.15309371,0.13964435,0.14103004,0.1459263,0.1568316,0.13272126,0.11974564,0.1212441,0.15571044,0.12843436,0.14314115,0.13398403,0.13117093,0.12718067,0.11873168,0.109767035,0.14890009,0.11375331,0.109004475,0.118944265,0.13584392,0.1345321,0.12830424,0.120489985,0.12355989,0.1408407,0.121676594,0.1347321,0.14962034,0.1546637,0.12383255,0.122463584,0.127061,0.10535448,0.11042613,0.124576166,0.1433799,0.16422391,0.1547545,0.15762773,0.16561016,0.14800678,0.14403997,0.1450751,0.14611359,0.1599309,0.13296619,0.15783444,0.16110097,0.16092321,0.12266489,0.16216965,0.15750453,0.15182155,0.14126867,0.15542282,0.16451858,0.11891864,0.12291499,0.11262987,0.1676009,0.12525614,0.14072588,0.14101449,0.12526205,0.12620333,0.11210624,0.10648036,0.1565637,0.120775476,0.112600744,0.120701306,0.13722791,0.12657432,0.12763122,0.11279695,0.114858605,0.13375618,0.12308381,0.13594832,0.15883762,0.14864865,0.12879005,0.12546645,0.11535721,0.09987143,0.111327395,0.13565747,0.14754689,0,normal,normal_breathing_03
0.39042044,0.25376716,0.6499843,0.043153115,0.66452736,1.4258975,0.25958052,0.47860828,0.5423653,0.19250968,0.7222222,0.30273438,18.164062,0.6548062,0.3451938,0.42341596,0.85083216,0.15455754,0.13598382,0.12997222,0.12943026,0.1525326,0.13553162,0.13150772,0.12957521,0.17313823,0.1566098,0.1663632,0.16179985,0.16016729,0.12998407,0.13519911,0.15013118,0.15910985,0.13641581,0.15711525,0.16245401,0.16076031,0.1321575,0.166084,0.1506326,0.1270897,0.13993502,0.1318411,0.15031107,0.11687818,0.11251467,0.11772116,0.15336388,0.12687804,0.1423829,0.1409724,0.15153427,0.11881709,0.12378263,0.11333611,0.15781078,0.11180109,0.11415438,0.12531352,0.13812408,0.1340429,0.13278155,0.1271681,0.11393211,0.14984228,0.1351733,0.1322974,0.14319728,0.16002952,0.1316526,0.12299987,0.12137818,0.111972414,0.089483745,0.12763149,0.14300327,0.17185369,0.15322597,0.15842034,0.15635312,0.14948012,0.13274698,0.13386242,0.1521714,0.15743528,0.13701941,0.1598338,0.15786108,0.16266027,0.11847509,0.15635562,0.15930592,0.13653319,0.13917191,0.13309401,0.15494978,0.105243646,0.11689116,0.10820912,0.16612239,0.13010567,0.13745359,0.15432392,0.15522626,0.11582416,0.11620613,0.10478027,0.17204668,0.11539882,0.1167554,0.12406109,0.15260781,0.12872174,0.1340768,0.11957129,0.10108274,0.14593063,0.1359946,0.13195702,0.15020318,0.149237,0.12894511,0.12976176,0.117448166,0.107749075,0.09505851,0.14087926,0.15023066,0,normal,normal_breathing_03
0.37484086,0.22131379,0.59042066,0.040691778,0.5576735,1.4629372,0.20276152,0.4984186,0.4068097,0.2612771,0.6527778,0.234375,14.0625,0.5070589,0.49294105,0.67912805,0.91543704,0.15399782,0.13671264,0.12865742,0.13060711,0.15195385,0.13683443,0.13166755,0.12881109,0.16542669,0.1580512,0.15916637,0.15802859,0.16178095,0.1315541,0.13425091,0.15333103,0.1536785,0.13758107,0.16283196,0.16735058,0.15893982,0.14209898,0.17304358,0.1531249,0.13130617,0.13528366,0.13821027,0.14204162,0.11778109,0.118788235,0.115196824,0.14570554,0.1279543,0.13672918,0.14100833,0.15535392,0.11595448,0.11273263,0.11442461,0.1612003,0.11620458,0.1121017,0.11978616,0.13377897,0.12814902,0.12304739,0.1388044,0.119233735,0.14822455,0.14324771,0.1317732,0.13867489,0.1639031,0.12864785,0.12785289,0.12138977,0.11614975,0.08979892,0.12668301,0.14231312,0.16540836,0.1539614,0.1564773,0.15399684,0.1534474,0.13097495,0.13135014,0.15795062,0.15076478,0.13593403,0.16316421,0.15937313,0.16259685,0.12972948,0.16029319,0.1615219,0.13561337,0.13849849,0.13356219,0.14679472,0.10803751,0.12749524,0.108512394,0.16003077,0.13411228,0.13464606,0.15505181,0.16182727,0.1122075,0.10695122,0.10704703,0.17530543,0.11527993,0.11368364,0.11868696,0.15715368,0.1275026,0.13172303,0.129258,0.1085405,0.14775155,0.14160377,0.13160709,0.13829987,0.15350875,0.1223364,0.13084635,0.12040683,0.111082785,0.091182016,0.13555336,0.14182486,0,normal,normal_breathing_03
0.3536191,0.24281695,0.68666244,0.038157202,0.45306268,1.4861059,0.17517611,0.4824422,0.3631028,0.32008064,0.6805556,0.21484375,12.890625,0.32746843,0.67253155,1.1163636,0.91311085,0.15403381,0.1341453,0.13096942,0.13034129,0.15053216,0.13466385,0.13517977,0.12722246,0.1634076,0.15121242,0.16047597,0.15496992,0.17104442,0.12953612,0.13105786,0.15848623,0.15610176,0.13959484,0.16228238,0.16291986,0.16135009,0.14522104,0.17080942,0.16092393,0.1223162,0.12201782,0.13884683,0.1272034,0.12130326,0.13545696,0.11558954,0.13592745,0.13098857,0.11728448,0.14659642,0.16555814,0.12099987,0.11976991,0.12190377,0.16243903,0.109604485,0.10978838,0.120341316,0.13674301,0.12211376,0.12642759,0.14031687,0.12880445,0.15212765,0.14762025,0.12680066,0.12802655,0.16195057,0.11879944,0.13267784,0.12365496,0.116428316,0.08412451,0.1304936,0.14292802,0.16167265,0.13540277,0.16007824,0.14195819,0.16708393,0.121768124,0.12736738,0.16627514,0.15264873,0.14335476,0.15943524,0.15341458,0.16645826,0.139306,0.15938914,0.17946477,0.12503538,0.12136272,0.13095172,0.1212927,0.112243816,0.15354303,0.11558818,0.14788778,0.13977516,0.1047896,0.16527218,0.17581148,0.11857393,0.11442106,0.10984708,0.17721547,0.10916254,0.10914121,0.11639665,0.16657658,0.12126917,0.13793054,0.13571922,0.11622956,0.15201233,0.14381823,0.12691359,0.11465082,0.15564023,0.11696159,0.14023468,0.11660543,0.10936297,0.08310698,0.14071906,0.1376366,0,normal,normal_breathing_03
0.35422722,0.24804033,0.70022947,0.039519582,0.4706014,1.5730664,0.16560812,0.4569158,0.36244777,0.30866235,0.6666667,0.3125,18.75,0.43332434,0.56667566,0.8362688,0.9060768,0.15233888,0.13309607,0.1336199,0.13096324,0.14712065,0.13516216,0.13868333,0.12797904,0.15782987,0.14907685,0.14619339,0.15152122,0.16269799,0.1496514,0.14634827,0.1518823,0.15500887,0.14328052,0.1606843,0.15765405,0.14857644,0.130565,0.15971908,0.15631321,0.14036456,0.10844166,0.15003678,0.11970556,0.111621484,0.13620336,0.14409007,0.13099666,0.12915558,0.1130358,0.15141276,0.16378771,0.120845,0.113361076,0.13268249,0.1613989,0.10098062,0.12104141,0.11775713,0.15726258,0.12649913,0.12877277,0.14125721,0.13402855,0.15107551,0.1603373,0.11767625,0.1494705,0.14986613,0.11734872,0.11907928,0.11883667,0.11682694,0.0927166,0.13718076,0.13807881,0.15316433,0.14030713,0.15213728,0.13639024,0.1582579,0.13904206,0.13227148,0.15551287,0.15113108,0.13735254,0.14920016,0.15048319,0.15731823,0.13215904,0.14630939,0.17476293,0.13613075,0.10997819,0.13737193,0.11573157,0.11162377,0.1657629,0.1272284,0.15225619,0.14480983,0.10298309,0.16675822,0.17418338,0.1251231,0.10762365,0.1267268,0.18389085,0.11580851,0.12403254,0.11251447,0.16708519,0.11902506,0.1380652,0.14204636,0.12026081,0.15038805,0.15347755,0.11721846,0.13731445,0.1367646,0.10639914,0.13278778,0.1236684,0.10954893,0.09880723,0.1463696,0.1307225,0,normal,normal_breathing_03
0.36109552,0.25941783,0.71841884,0.039192565,0.42786765,1.6042091,0.1517941,0.5055372,0.300263,0.3676929,0.6111111,0.38085938,22.851562,0.4992724,0.5007276,0.69460344,0.9104146,0.1448164,0.13338462,0.13757505,0.13484572,0.14421935,0.1356596,0.13948432,0.13017105,0.13112594,0.14606258,0.14546786,0.13620992,0.1381542,0.15862374,0.14068224,0.14974491,0.14469117,0.14686024,0.14478563,0.1530638,0.14714086,0.12531479,0.14482974,0.14382856,0.1431692,0.10745681,0.15021177,0.11121784,0.123208605,0.1533098,0.1589191,0.12181975,0.13352469,0.11718936,0.15822329,0.18039371,0.10217939,0.1122556,0.14688548,0.15886314,0.11225157,0.13500665,0.1224379,0.15814626,0.13122836,0.12980497,0.14079925,0.12918709,0.14428404,0.17101945,0.10124216,0.14768067,0.13285306,0.12045856,0.13701086,0.13279042,0.13701236,0.11432711,0.14689365,0.13823494,0.14481837,0.14889856,0.15134478,0.13192196,0.13531694,0.15447266,0.13136981,0.15179391,0.13770731,0.13646503,0.14135899,0.15129654,0.15808667,0.13220109,0.1423128,0.16738434,0.13798372,0.107765466,0.13898984,0.10731314,0.1187117,0.16759458,0.14745055,0.14656647,0.14478573,0.10451554,0.16839872,0.18371356,0.11846126,0.10920057,0.1342455,0.17509723,0.11978391,0.12729903,0.11404709,0.16473989,0.12831391,0.13138476,0.13861078,0.11433645,0.14209756,0.1542622,0.105135314,0.15037702,0.13627306,0.1079666,0.13894567,0.12919521,0.12294635,0.11101859,0.15017377,0.12949589,0,normal,normal_breathing_03
0.42001802,0.36670548,0.8730708,0.038955137,0.4694682,1.8244393,0.16142729,0.655929,0.2461048,0.47198233,0.45833334,0.29296875,17.578125,0.7467642,0.2532358,0.2920058,0.869873,0.14952838,0.13379742,0.13511303,0.13264014,0.14697255,0.13550825,0.13643639,0.13185571,0.13193142,0.12789483,0.15896939,0.1423061,0.1524032,0.14983048,0.14899686,0.15936409,0.16255137,0.15430348,0.14331007,0.16108167,0.15092607,0.13107318,0.14134488,0.15253353,0.14112681,0.13116571,0.13227154,0.11384904,0.13332455,0.15455744,0.15431046,0.11383864,0.12371443,0.116256244,0.13973856,0.16556467,0.10049563,0.13886477,0.14020082,0.1573301,0.10917116,0.13483919,0.13532127,0.14402588,0.12851542,0.11819994,0.14420202,0.11722123,0.14797011,0.1669267,0.10748731,0.13534741,0.12499945,0.12449777,0.13757166,0.13584404,0.13679779,0.11533555,0.13708098,0.13724186,0.14275886,0.14176974,0.15773049,0.13885313,0.14263536,0.15435047,0.14152588,0.14990847,0.14435358,0.14570609,0.13882616,0.15319808,0.15902694,0.14274444,0.14275229,0.16247034,0.1364946,0.119841866,0.13128835,0.10496,0.12845127,0.1718504,0.15375686,0.12884676,0.13282436,0.1053257,0.14669484,0.17222127,0.11557184,0.14032917,0.13236241,0.17033285,0.113577716,0.12671858,0.12348243,0.1428321,0.1252383,0.120666675,0.14364478,0.112574615,0.14300692,0.15308051,0.103232786,0.15021533,0.13497527,0.11642191,0.1389983,0.13602275,0.13211162,0.11351538,0.143936,0.13603294,0,normal,normal_breathing_03
0.41050062,0.32527626,0.79238915,0.040618066,0.4918139,1.8312004,0.17033021,0.65258425,0.26100877,0.40091953,0.5972222,0.234375,14.0625,0.81938416,0.18061586,0.19920227,0.83972234,0.1499009,0.1370343,0.13408138,0.13037759,0.15056579,0.14070058,0.13058709,0.12883608,0.1275791,0.1254703,0.16165848,0.14583893,0.15375327,0.15690708,0.1499919,0.16172196,0.15950395,0.155534,0.1411524,0.16023093,0.14936939,0.13301879,0.14068756,0.15355878,0.14317898,0.1316154,0.1408733,0.121642075,0.1404118,0.1639749,0.15397727,0.11437151,0.12820041,0.115935095,0.1339352,0.15335032,0.1037226,0.14002807,0.14939153,0.15139307,0.12104671,0.13349031,0.13263114,0.13998784,0.12425548,0.11785729,0.14196835,0.12411131,0.13992007,0.16016576,0.11051228,0.13468568,0.113307305,0.11871356,0.13363135,0.1383358,0.13543905,0.117983066,0.13265163,0.13545191,0.13360773,0.14855479,0.16901076,0.14977446,0.14133485,0.15930136,0.14668871,0.15095197,0.14609723,0.15736449,0.14324367,0.15184493,0.1595804,0.15605584,0.15286672,0.16079198,0.14261761,0.11958404,0.13884322,0.11454803,0.14208157,0.18767077,0.15472054,0.12267233,0.13266192,0.103993006,0.12944622,0.14909406,0.121372074,0.13504238,0.14595369,0.1513317,0.12530053,0.12451744,0.11850508,0.12201083,0.118578635,0.11847906,0.13800047,0.12387769,0.12799543,0.13994262,0.106760286,0.1525742,0.12439308,0.11749192,0.12785606,0.13909101,0.13383836,0.11719888,0.13324304,0.13060649,0,normal,normal_breathing_03
0.42053685,0.33801675,0.8037744,0.041114476,0.52460575,1.8312004,0.16580549,0.65258425,0.25407523,0.373589,0.6388889,0.21484375,12.890625,0.74633616,0.25366384,0.29257917,0.8687075,0.15022472,0.13595198,0.13422687,0.13093494,0.15052976,0.13945195,0.13128419,0.12977597,0.13132685,0.12881187,0.16118354,0.14470923,0.15118644,0.15730377,0.14837305,0.16643883,0.16070789,0.1561028,0.14166507,0.15868942,0.14642255,0.13396995,0.13714819,0.15169375,0.14289056,0.13442594,0.13694468,0.117500275,0.13850111,0.16281083,0.15667225,0.111990586,0.12680681,0.11602089,0.13690032,0.15091558,0.10467656,0.13792726,0.14916682,0.14890824,0.119977966,0.1324161,0.13746096,0.14209543,0.1286506,0.11799377,0.13785967,0.12449085,0.14175041,0.16570264,0.10722462,0.13463548,0.114511564,0.11993914,0.133547,0.1385052,0.13711207,0.11816404,0.13245238,0.13411888,0.13515772,0.14678758,0.16944025,0.14802064,0.141929,0.15556276,0.14550687,0.15365466,0.14637859,0.15905224,0.14633879,0.15129659,0.1577611,0.15253824,0.14713496,0.16370523,0.1430718,0.120938376,0.13294284,0.11414308,0.1403693,0.18244706,0.1550749,0.12139974,0.13252093,0.106589,0.1302387,0.14658096,0.121769585,0.13552432,0.14605041,0.1513177,0.12437146,0.12538439,0.125918,0.11855485,0.12640232,0.11814941,0.13643232,0.12328612,0.13170606,0.14521037,0.10500364,0.15539835,0.1243383,0.12052228,0.12864119,0.13594976,0.13588777,0.12005029,0.13128386,0.12980959,0,normal,normal_breathing_03
0.41888216,0.38183928,0.9115673,0.04162547,0.51097465,1.7865505,0.16751759,0.649146,0.2580584,0.4195002,0.5416667,0.3125,18.75,0.4636368,0.53636324,0.7686538,0.94613653,0.14973873,0.13661878,0.13379636,0.13141231,0.15002522,0.13893342,0.13121904,0.13115266,0.13284253,0.12813427,0.16577092,0.14178903,0.15380304,0.15689674,0.14732026,0.16350833,0.16067877,0.15959525,0.13770747,0.15689106,0.14166583,0.13645671,0.13718507,0.15346412,0.1427493,0.13494094,0.13426745,0.11806991,0.1387293,0.15874104,0.15739632,0.11786909,0.12729645,0.11887849,0.13151431,0.1505399,0.101165645,0.13722885,0.14570892,0.14797433,0.119508155,0.13372122,0.1386456,0.14270458,0.12837905,0.12018358,0.14207861,0.122699134,0.14346835,0.1640572,0.11285228,0.13498168,0.1174782,0.11794202,0.13398226,0.13688003,0.13877603,0.12227195,0.13263579,0.13033518,0.13838883,0.14585143,0.1756248,0.14213257,0.14644669,0.15484007,0.14298634,0.14943923,0.14634767,0.16840437,0.14157738,0.14737561,0.1509129,0.15202144,0.14471579,0.1623874,0.14119606,0.1225985,0.12659104,0.11311862,0.13919565,0.17669268,0.1574883,0.12962176,0.131693,0.10881421,0.1243097,0.1479713,0.11704353,0.13614495,0.14432937,0.15148255,0.12214879,0.13139766,0.12694712,0.12069356,0.12587959,0.12005068,0.1374488,0.1259687,0.1364418,0.14445183,0.11539014,0.15528637,0.12646325,0.11771608,0.12998225,0.13570027,0.13742964,0.12461071,0.13199663,0.12354684,0,normal,normal_breathing_03
0.43208015,0.37697595,0.8724677,0.04288383,0.55824524,1.7907871,0.16751759,0.649146,0.2580584,0.4341451,0.6944444,0.3125,18.75,0.26918516,0.7308148,1.3123558,0.96725607,0.14824972,0.13882951,0.13611753,0.12872994,0.15096025,0.14018783,0.13092762,0.12890574,0.12953822,0.11973104,0.16985948,0.13869585,0.1561819,0.14429258,0.1355341,0.16001439,0.16445756,0.16374892,0.13793345,0.15319256,0.15406631,0.14278199,0.1399568,0.15019917,0.140226,0.13802953,0.12978405,0.12950937,0.14396214,0.16274771,0.13667658,0.13290049,0.1302576,0.12775229,0.1268896,0.15718585,0.11329741,0.13466257,0.134545,0.14475432,0.12705304,0.14068337,0.14649017,0.13550273,0.12727526,0.13390042,0.14728811,0.12388116,0.13996327,0.15981357,0.12557884,0.11041218,0.11500098,0.11770156,0.13108836,0.13855472,0.13533144,0.121874854,0.12752278,0.1267655,0.12865426,0.13421093,0.18328956,0.14650472,0.15469575,0.1407468,0.14058943,0.14829639,0.13707507,0.1833387,0.14685406,0.14744264,0.17078492,0.14398071,0.14473131,0.14458194,0.13985938,0.12714389,0.1263835,0.12581837,0.13720463,0.18354058,0.1482031,0.1532916,0.12837435,0.11932837,0.11466365,0.14625716,0.121951066,0.13735493,0.1293782,0.14027372,0.124344766,0.14130631,0.13331679,0.13029976,0.13057433,0.12595108,0.1263874,0.12427872,0.13773905,0.14145328,0.14356034,0.13449349,0.12061825,0.11564121,0.12654169,0.12458438,0.14692488,0.11541853,0.12749042,0.11703049,0,normal,normal_breathing_03
0.38517475,0.40875012,1.0612069,0.042643514,0.46497613,1.5370071,0.15210421,0.51023215,0.29810783,0.36312622,0.75,0.3125,18.75,0.31380898,0.686191,1.1589708,0.97256726,0.15149619,0.13953185,0.1346982,0.12636629,0.15018761,0.14205179,0.13015783,0.12815784,0.1449175,0.12719652,0.16625924,0.1475806,0.15724081,0.14684057,0.14349851,0.16169739,0.1623659,0.16072832,0.14186056,0.15159062,0.15767388,0.14994386,0.14907742,0.14371145,0.14340588,0.14407521,0.12361525,0.13360819,0.13756764,0.15759966,0.13345212,0.14042857,0.1291062,0.12832254,0.11642559,0.14080924,0.12957427,0.14090806,0.12797906,0.1457383,0.12531571,0.13462119,0.14605437,0.13391547,0.12955202,0.1284814,0.15170181,0.12898369,0.13318275,0.15020435,0.12795256,0.111540206,0.11627189,0.119065486,0.12805441,0.13856398,0.13161778,0.11842609,0.11879711,0.120101385,0.12800013,0.12661055,0.18035932,0.15378594,0.15302104,0.1373001,0.14673595,0.14172703,0.12730664,0.179714,0.14887165,0.14832106,0.18068555,0.1405778,0.14835228,0.13738959,0.14283712,0.12574442,0.12573257,0.13416624,0.13492738,0.18651055,0.14604703,0.16152467,0.13387574,0.12898792,0.11204299,0.12660088,0.13263962,0.14066385,0.12753734,0.14608055,0.12737162,0.13315265,0.13943061,0.13268837,0.124415025,0.12539282,0.12403551,0.12964085,0.13890257,0.1373376,0.1511704,0.13237204,0.112716906,0.108109884,0.12881795,0.12059589,0.14408912,0.11755873,0.12504826,0.11969165,0,normal,normal_breathing_03
0.3046595,0.56900597,1.8676784,0.036231756,0.3683684,1.2819971,0.15051267,0.37851286,0.39764214,0.30898798,0.5833333,0.1953125,11.71875,0.38040373,0.6195963,0.96652216,0.96300477,0.14605166,0.14321214,0.13691771,0.12563106,0.14334631,0.14307527,0.13288009,0.13047037,0.13821726,0.1537485,0.15255259,0.14349058,0.13985829,0.16138794,0.13094345,0.14539306,0.13936165,0.15034969,0.15426777,0.13431752,0.1547833,0.15689711,0.1521707,0.12188519,0.15594655,0.12805715,0.13898268,0.14350599,0.13252705,0.16051787,0.13360807,0.1576204,0.13950618,0.14053284,0.11555944,0.12880826,0.16208483,0.11983472,0.13427874,0.13186878,0.13796821,0.14176603,0.1356442,0.14807187,0.123088494,0.14905731,0.15189928,0.1489682,0.1104293,0.1443576,0.1352008,0.13271078,0.1154967,0.11257899,0.120982796,0.13760695,0.12788351,0.12096139,0.11833711,0.1076898,0.117201105,0.13405637,0.17040558,0.14939699,0.1405416,0.13440832,0.14252155,0.13455127,0.10214328,0.17484675,0.14447598,0.14272903,0.17622425,0.13420655,0.14417653,0.12711921,0.14148195,0.11637104,0.13354175,0.14158112,0.13021508,0.19249822,0.14705282,0.17076175,0.1423977,0.13857485,0.11539791,0.117184654,0.16437563,0.11580893,0.13179056,0.14071934,0.13547888,0.14767994,0.13906138,0.13509074,0.12078713,0.14125134,0.1228148,0.14611147,0.13345455,0.13575459,0.15680625,0.15006343,0.111636735,0.106239595,0.13483863,0.112169,0.14849855,0.12446317,0.12439014,0.111688696,0,normal,normal_breathing_03
0.29711676,0.2865398,0.96440125,0.035578296,0.33389926,1.333935,0.13504425,0.39768058,0.3395797,0.30570388,0.6805556,0.1953125,11.71875,0.33517987,0.66482013,1.093088,0.94054127,0.14352515,0.14009337,0.1380377,0.1307239,0.13740288,0.13871258,0.13776198,0.13510726,0.13895984,0.14278777,0.15110885,0.13498811,0.14180808,0.14706193,0.14059894,0.14962025,0.13953339,0.14027582,0.15050119,0.13633427,0.15224855,0.15998134,0.13539955,0.119997144,0.15104601,0.14692403,0.12376513,0.1415842,0.12436895,0.14819832,0.13617647,0.1601244,0.13008091,0.14356732,0.11810807,0.1296724,0.16703166,0.13308214,0.11380644,0.13549325,0.12406296,0.15215966,0.13820696,0.1564667,0.12695524,0.1489148,0.15052983,0.14380036,0.12672615,0.14059879,0.13572665,0.14397162,0.14059962,0.11516695,0.13048346,0.1359025,0.13593157,0.124980815,0.118965745,0.106556356,0.11217113,0.11292584,0.16284859,0.13630164,0.15108879,0.12483795,0.15488814,0.13613933,0.09402807,0.15613154,0.13062687,0.14105031,0.17319922,0.12930715,0.12235017,0.118557885,0.12889966,0.12791571,0.12930663,0.13996583,0.11419681,0.17906123,0.14961462,0.18102093,0.13503024,0.14803669,0.114922434,0.11266944,0.17257226,0.13938475,0.12347809,0.14944993,0.1317044,0.16657344,0.14392224,0.14702663,0.1264972,0.1412815,0.121423535,0.1448386,0.14825082,0.13406824,0.15939903,0.16175723,0.1327678,0.10561216,0.14257354,0.10246331,0.15858813,0.13276362,0.123368226,0.109943755,0,normal,normal_breathing_03
0.30166823,0.3657505,1.2124263,0.03730369,0.39892608,1.2758393,0.21183038,0.39096344,0.5418163,0.22310053,0.7777778,0.234375,14.0625,0.22994591,0.7700541,1.4699112,0.9108054,0.14197685,0.14328288,0.13625197,0.12968768,0.13706222,0.14143147,0.13572207,0.13443865,0.13342836,0.13152756,0.155157,0.13677128,0.14789286,0.1320047,0.13946149,0.13863473,0.14670627,0.13865231,0.15420014,0.13566297,0.15559933,0.16678426,0.12812273,0.116436556,0.15560342,0.14725718,0.12228651,0.15591602,0.13027695,0.15597495,0.1285289,0.17116116,0.12804714,0.15628155,0.11218267,0.13742149,0.16673635,0.13459225,0.113532044,0.13269638,0.124844894,0.1556062,0.12975533,0.15124874,0.119703665,0.1474189,0.14553668,0.1420103,0.12907091,0.11999117,0.14057672,0.14403813,0.1500804,0.11385653,0.12664223,0.13876209,0.14414449,0.1280505,0.10718849,0.101528,0.11603954,0.1098479,0.16178845,0.1397828,0.15078796,0.12357786,0.15458626,0.13231976,0.11123025,0.1532125,0.12281212,0.13491395,0.17090948,0.14368072,0.12176512,0.11452179,0.12325727,0.12568904,0.12854214,0.14730328,0.115417935,0.19280083,0.15176785,0.18893826,0.13059756,0.1543273,0.114151634,0.12141713,0.16899972,0.14139462,0.12489052,0.14629778,0.13204998,0.16732918,0.1323969,0.1429251,0.12147422,0.13709728,0.11396281,0.14166161,0.14755407,0.12868573,0.15814817,0.16092744,0.13315557,0.10400247,0.14418234,0.10575785,0.16129737,0.13246411,0.11902782,0.11083782,0,normal,normal_breathing_03
0.53189504,0.36578932,0.68770957,0.051195785,0.6896879,2.0505698,0.20846793,0.6123011,0.34046635,0.27411813,0.5833333,0.5761719,34.570312,0.76636016,0.23363984,0.26610303,0.8555047,0.1422952,0.13570033,0.13722928,0.13301226,0.14162505,0.13074265,0.13526571,0.139482,0.18711267,0.124920525,0.12144513,0.1379291,0.14540151,0.16270183,0.13223432,0.13163249,0.13569735,0.14742556,0.14309749,0.12925962,0.15097995,0.11084825,0.17751527,0.11772549,0.11954937,0.113319874,0.13965686,0.13099723,0.1507769,0.13422409,0.12979773,0.15338705,0.1255904,0.1607157,0.18957707,0.13694586,0.12866974,0.10315356,0.13107513,0.15344054,0.1684835,0.12838908,0.15029891,0.12208323,0.1205861,0.13284338,0.11843453,0.16233847,0.1186912,0.12319426,0.14200546,0.18077259,0.1386712,0.12685768,0.10703131,0.12769838,0.08188087,0.14666939,0.15332168,0.120026946,0.16223882,0.14149997,0.14035997,0.14815417,0.15193985,0.18495134,0.11465326,0.123805866,0.13573678,0.13051498,0.13136515,0.13896015,0.13694525,0.10159354,0.19190197,0.11172706,0.10928874,0.09903598,0.13420919,0.117655605,0.1571885,0.12910448,0.109126225,0.16220576,0.12921761,0.14739977,0.16805676,0.11503365,0.13047685,0.10500872,0.13039628,0.15688753,0.1763724,0.12714294,0.12932307,0.13002919,0.13415284,0.14017019,0.115403794,0.16267876,0.13271771,0.11195178,0.15163572,0.18786153,0.15580645,0.12752293,0.12940381,0.13023917,0.08722334,0.1602572,0.15643272,0.119534925,1,tachypnea_fast,fast_breathing_01
0.50774497,0.27827796,0.5480664,0.0421759,0.64847565,2.0271623,0.23338178,0.5660572,0.41229358,0.27104884,0.6388889,0.38085938,22.851562,0.75949633,0.24050364,0.27509975,0.86667514,0.14222737,0.13710101,0.13667883,0.13302681,0.14430703,0.133611,0.13373268,0.13759859,0.18173811,0.12380891,0.122203514,0.13970266,0.1480029,0.1566507,0.13416752,0.13358344,0.1377401,0.14156249,0.14631845,0.13091154,0.15256546,0.11173354,0.18024996,0.118511476,0.119771644,0.114858486,0.14309867,0.13232484,0.15193105,0.13556577,0.13172047,0.15070112,0.12808241,0.16376363,0.18550077,0.13600935,0.13006972,0.104012966,0.13118628,0.15541337,0.16245504,0.12888841,0.1454346,0.12373107,0.12001617,0.13494131,0.11916566,0.15844275,0.11740395,0.12545104,0.14304078,0.17392455,0.13812447,0.12658304,0.10869919,0.13180365,0.08422828,0.14566046,0.1533011,0.12268531,0.13639553,0.14277369,0.15013264,0.16249698,0.16189411,0.16463742,0.12095718,0.13356462,0.14254786,0.13818276,0.14096177,0.14566311,0.13578373,0.10859546,0.20258567,0.112209514,0.1128813,0.10174326,0.14601055,0.11817984,0.15589043,0.13009638,0.113595985,0.14272381,0.13716964,0.15526101,0.1484761,0.124259174,0.14193736,0.113288365,0.123237476,0.16017032,0.14893664,0.13625154,0.10164984,0.13591725,0.13564606,0.1487191,0.12003565,0.14060888,0.1214555,0.12155073,0.15109415,0.1638201,0.15911746,0.13959652,0.14281413,0.12728943,0.09378337,0.14677483,0.14984953,0.13102704,1,tachypnea_fast,fast_breathing_01
0.4815911,0.2660675,0.5524759,0.04192742,0.6314881,1.9030658,0.22024329,0.56521815,0.38966072,0.28483725,0.5833333,0.234375,14.0625,0.7290976,0.27090237,0.31594765,0.8796107,0.14214669,0.13931827,0.13484061,0.13363972,0.14305712,0.13337734,0.13379693,0.1394665,0.16966748,0.12827696,0.11996965,0.14116648,0.1557808,0.1498328,0.13900113,0.13889042,0.14092599,0.12271599,0.14983606,0.13389367,0.15794963,0.11341114,0.1840476,0.1184274,0.119968586,0.1169556,0.1459764,0.13571116,0.15493098,0.14003047,0.135283,0.14671075,0.13089104,0.16879332,0.17421335,0.12952036,0.13143541,0.1048113,0.13309355,0.1580466,0.14775665,0.1317077,0.13365008,0.12923542,0.11446072,0.14220949,0.12278723,0.15061635,0.11640702,0.1289542,0.14109087,0.16430213,0.13840847,0.12530808,0.11795422,0.13080706,0.087880015,0.14885038,0.15716277,0.12957487,0.13604328,0.13751826,0.150828,0.16401011,0.16296375,0.15168694,0.12363215,0.13558942,0.14100716,0.13663048,0.14362903,0.14191668,0.13428733,0.11128429,0.20010677,0.1132856,0.11382515,0.10226095,0.14638862,0.11772525,0.15668426,0.12971525,0.11542414,0.13671558,0.1358422,0.15464729,0.15013541,0.12483217,0.14269012,0.1136484,0.120392,0.15881202,0.14360376,0.13775693,0.0989828,0.13739535,0.13780756,0.15085988,0.12244374,0.13704067,0.119405665,0.12268432,0.1574451,0.15977746,0.15849553,0.14057367,0.14962064,0.13940693,0.09967256,0.14484689,0.14946777,0.1346272,1,tachypnea_fast,fast_breathing_01
0.4677442,0.25173855,0.53819704,0.04086826,0.5994808,1.8620065,0.20050557,0.56952834,0.3520555,0.34668124,0.5138889,0.234375,14.0625,0.7285776,0.27142242,0.31666115,0.87599427,0.1424682,0.13948832,0.13353226,0.13440968,0.14264934,0.13148876,0.1324714,0.14269239,0.15922134,0.13056593,0.12137681,0.14227445,0.15797508,0.15192801,0.14079179,0.1420925,0.14211522,0.118423656,0.1495367,0.13467485,0.16111033,0.114335485,0.18492253,0.116146356,0.118480094,0.116036825,0.1467338,0.1365497,0.15783651,0.14116584,0.1332201,0.1468563,0.1308956,0.17016904,0.16711383,0.12624574,0.13241895,0.104973264,0.13214682,0.1599928,0.14712346,0.13326733,0.12578742,0.12917691,0.10936715,0.14372392,0.12458169,0.15100645,0.11504279,0.13017777,0.1425052,0.15876652,0.13864009,0.12582947,0.12571444,0.13138981,0.085028425,0.15066852,0.15928589,0.13327053,0.14745611,0.14638254,0.14447603,0.16141582,0.16596475,0.14619495,0.12772058,0.13363764,0.13881254,0.12211595,0.14266428,0.13917279,0.13842735,0.10798875,0.19474536,0.11414853,0.118847445,0.09927109,0.13976227,0.11401741,0.15673788,0.13128138,0.11663017,0.13382222,0.12919505,0.15290634,0.15601934,0.11554117,0.14179334,0.10606209,0.112069905,0.15055248,0.14231567,0.12750623,0.107286155,0.14022149,0.14128757,0.16025977,0.12121292,0.14418069,0.118278705,0.122916415,0.16088715,0.16593045,0.16116308,0.13441697,0.15572706,0.14533114,0.10317288,0.15203017,0.15359882,0.13736744,1,tachypnea_fast,fast_breathing_01
0.43427044,0.2490455,0.5734802,0.041149784,0.5582725,1.8309344,0.2314518,0.5885776,0.39323917,0.33423454,0.6527778,0.20507812,12.3046875,0.6496847,0.35031527,0.4312681,0.8996481,0.1447271,0.13929674,0.13226986,0.13323277,0.14310879,0.13121334,0.13102898,0.14377433,0.1499311,0.13673171,0.124507755,0.14526185,0.16526267,0.14093003,0.14790931,0.14745018,0.14457081,0.12508957,0.15393418,0.14023255,0.15964052,0.11761243,0.18801986,0.11919171,0.11814854,0.11281636,0.14423072,0.1324161,0.16106237,0.14342709,0.1329881,0.14056645,0.12872459,0.17165327,0.16263579,0.130054,0.13934273,0.102465786,0.11851705,0.15943591,0.13918346,0.12725554,0.117512055,0.12834947,0.112386405,0.15449704,0.12787299,0.15411259,0.10455805,0.13249233,0.14545737,0.1391791,0.14289774,0.12888892,0.13376008,0.122840434,0.0812855,0.1531901,0.15889594,0.1344678,0.14965267,0.14634264,0.1449942,0.1655272,0.16632599,0.14103542,0.12981236,0.13527842,0.13536471,0.12194352,0.14988321,0.1363752,0.13787864,0.10834605,0.18932611,0.120529145,0.12278444,0.103088066,0.13900803,0.11028965,0.15374602,0.13304555,0.118290566,0.1339178,0.12013764,0.15326434,0.15827343,0.10395578,0.14148632,0.10656845,0.11087336,0.15021716,0.13945182,0.12322129,0.110212184,0.14277738,0.1418987,0.157525,0.11691577,0.14577296,0.11805411,0.11946512,0.16535859,0.1672445,0.16291052,0.13548797,0.15908329,0.14654268,0.10398325,0.1527265,0.15256898,0.13986786,1,tachypnea_fast,fast_breathing_01
0.41712922,0.26316205,0.6308886,0.040893894,0.5181495,1.8054637,0.21769269,0.5784462,0.37634042,0.37318522,0.5694444,0.1953125,11.71875,0.58342105,0.41657892,0.5388461,0.91185427,0.14609817,0.13896748,0.13079959,0.13385212,0.14362796,0.1314081,0.13060534,0.1430431,0.15220691,0.13814397,0.12816066,0.1552388,0.17130944,0.12691401,0.15081951,0.15163943,0.13923731,0.1290859,0.16315092,0.14393277,0.14943646,0.12088028,0.18437468,0.12940739,0.11808383,0.12021172,0.14573924,0.1258503,0.15445451,0.14576401,0.13571881,0.13329458,0.11730216,0.17549579,0.15912332,0.12149018,0.14073111,0.10841515,0.11275898,0.15615693,0.13136524,0.12226853,0.11930453,0.13477042,0.11966293,0.1519713,0.12237615,0.15065104,0.10615778,0.12430329,0.1505546,0.13440229,0.14851886,0.13380574,0.1399768,0.11934239,0.08658475,0.15275554,0.15649341,0.13653107,0.14109498,0.14619194,0.14565551,0.16871674,0.16620737,0.13176578,0.13602975,0.13672504,0.13941927,0.12891634,0.15399213,0.13564482,0.13680378,0.109948546,0.18889444,0.123578556,0.13062285,0.10625338,0.13122663,0.1039484,0.15457414,0.13495104,0.12023759,0.13272506,0.11769595,0.15364869,0.15870939,0.10502554,0.1450922,0.097839825,0.10263009,0.1511973,0.1335805,0.117601745,0.11087988,0.14447099,0.14717558,0.16498356,0.11868285,0.14463174,0.1086753,0.12175189,0.16587664,0.15555084,0.1635905,0.1390087,0.1627693,0.14299133,0.10467001,0.1541221,0.15447924,0.14144276,1,tachypnea_fast,fast_breathing_01
0.41767108,0.2700266,0.6465054,0.04271696,0.5230988,1.8260809,0.22456807,0.60563046,0.37080047,0.38940743,0.5972222,0.1953125,11.71875,0.51356167,0.48643833,0.6663852,0.92069316,0.14585632,0.13939452,0.13070846,0.13392965,0.14284083,0.13274767,0.13157208,0.14202435,0.15025195,0.13601175,0.12750266,0.15716395,0.17118184,0.12708496,0.15134695,0.15172486,0.13951924,0.12898558,0.16022366,0.14605086,0.14908388,0.12129263,0.18408416,0.1306924,0.119808935,0.12327354,0.14632678,0.12730896,0.15378283,0.14602044,0.13614263,0.1303443,0.11677085,0.17628026,0.15867485,0.11916163,0.13965735,0.1093357,0.11296405,0.15628423,0.13108894,0.12278853,0.12185689,0.13538724,0.1225996,0.14947525,0.11993569,0.1501746,0.10671133,0.12297639,0.15015924,0.13508418,0.14899588,0.13462321,0.1403506,0.12022663,0.087345384,0.15311386,0.1540157,0.1373085,0.1363748,0.14595737,0.14002988,0.17534512,0.16323034,0.13066916,0.13504176,0.13427676,0.13701569,0.13278179,0.1554556,0.13783376,0.13291888,0.10852799,0.18549801,0.12995343,0.13667533,0.11710627,0.13483654,0.098299585,0.1508383,0.1379882,0.12448562,0.13316724,0.113720134,0.15462293,0.15376091,0.10455406,0.14498827,0.10754044,0.10171475,0.15664548,0.1325532,0.11814604,0.11831811,0.1459041,0.1450517,0.1619018,0.11935818,0.13756774,0.108939074,0.11650511,0.16064823,0.15525186,0.16316223,0.13918963,0.16218331,0.14347602,0.10605208,0.15512654,0.15400104,0.14421369,1,tachypnea_fast,fast_breathing_01
0.4281038,0.2771336,0.64735144,0.042620715,0.5954218,1.7939312,0.22775619,0.6117997,0.37227243,0.3661105,0.5833333,0.1953125,11.71875,0.48442844,0.5155716,0.72478557,0.9212106,0.1448567,0.13999915,0.13106604,0.1341337,0.14336237,0.1329562,0.1314365,0.14156008,0.14223644,0.136727,0.120658554,0.1609132,0.16969246,0.13070351,0.15085857,0.15046528,0.13672233,0.13131167,0.15853968,0.147339,0.1469694,0.11907529,0.18482849,0.13149792,0.12214343,0.124636576,0.1498627,0.12742019,0.15679367,0.148047,0.13657796,0.12995587,0.11591627,0.17323366,0.1534376,0.12278137,0.13973527,0.115686655,0.11092225,0.15733719,0.1316843,0.12533054,0.12500045,0.13390587,0.12018054,0.14818604,0.11967047,0.15095349,0.10517681,0.12081733,0.1461566,0.13534993,0.14902554,0.13257788,0.14453767,0.12262116,0.087549426,0.15624993,0.14946613,0.14325613,0.13859124,0.14509776,0.13993502,0.182997,0.16133128,0.13230072,0.13827112,0.13419266,0.13831134,0.13428782,0.14473122,0.13864006,0.13502367,0.10917718,0.18760803,0.12832984,0.14135043,0.11955262,0.13734528,0.09868873,0.14934903,0.13715465,0.122151464,0.12748837,0.11629028,0.15394476,0.15122128,0.1070654,0.14610882,0.1089821,0.10208541,0.15605322,0.13077012,0.11731935,0.12139096,0.14191629,0.14262798,0.1622836,0.120850004,0.13911323,0.10871148,0.11589051,0.15705399,0.15406854,0.16401018,0.13799639,0.16067022,0.14441743,0.105722345,0.15567482,0.14899287,0.14795892,1,tachypnea_fast,fast_breathing_01
0.41692165,0.3159978,0.75793093,0.042509735,0.5581414,1.7507674,0.23539703,0.57365596,0.41034532,0.37481302,0.6388889,0.1953125,11.71875,0.36192623,0.63807374,1.0163149,0.92663527,0.14653724,0.13818271,0.12972239,0.13530622,0.14457549,0.1336781,0.13169791,0.13923118,0.14308883,0.14301993,0.12250548,0.1696508,0.17075536,0.12942062,0.15491605,0.15351686,0.13664599,0.13795775,0.15038753,0.14771847,0.14540043,0.12204673,0.18819095,0.12424338,0.12171569,0.12195007,0.15001467,0.12762085,0.15387304,0.14938222,0.12966314,0.12022341,0.118867286,0.1685839,0.14396302,0.12623826,0.14328508,0.11910956,0.108524196,0.15505417,0.12564646,0.12543684,0.121167034,0.12835008,0.113810584,0.15223706,0.12356857,0.15653142,0.10940414,0.11968786,0.138993,0.1335457,0.1514783,0.131458,0.14909637,0.12586473,0.086990744,0.15986814,0.14501664,0.15104583,0.13927962,0.15109348,0.13849072,0.19098902,0.15890792,0.13455379,0.14262068,0.13632645,0.13701037,0.1358985,0.13813485,0.13792801,0.13824804,0.10568815,0.1889996,0.12369724,0.15308875,0.122083105,0.14202648,0.097444355,0.1504754,0.13698103,0.12295232,0.12212538,0.11948049,0.15277295,0.15363061,0.11074754,0.14968342,0.1118312,0.10212181,0.15539284,0.12806377,0.11986844,0.12636091,0.13312164,0.13535681,0.1659698,0.119923964,0.14001194,0.1075112,0.117656045,0.14726552,0.14660846,0.163838,0.13458295,0.15701015,0.14497136,0.106309816,0.15481237,0.13770862,0.15171888,1,tachypnea_fast,fast_breathing_01
0.3992533,0.28451496,0.7126177,0.042593576,0.48937884,1.7841483,0.21638505,0.64232,0.33688045,0.37799892,0.6944444,0.1953125,11.71875,0.32520717,0.6747928,1.1232928,0.9419787,0.14928399,0.13539891,0.12918709,0.1349646,0.1456463,0.13330291,0.13110568,0.13881557,0.14687552,0.15141487,0.12944636,0.1798003,0.17588066,0.12563989,0.16028126,0.15978126,0.13086228,0.14543125,0.1439093,0.14998318,0.14138576,0.121323295,0.18576378,0.11489337,0.12975565,0.11654177,0.1512967,0.121081136,0.14874549,0.14932793,0.12462065,0.10907157,0.12093033,0.16683407,0.14535743,0.12495585,0.14773276,0.12392448,0.10363107,0.15563844,0.11726497,0.13041234,0.11641515,0.11914417,0.11103659,0.16080521,0.123113744,0.15660138,0.11804549,0.12354034,0.1256992,0.12514266,0.15027647,0.13352749,0.15468077,0.12893635,0.089916185,0.15758015,0.13350287,0.15709053,0.14251053,0.15483128,0.14044546,0.19383386,0.15685032,0.1345786,0.14811918,0.13861415,0.13756077,0.13778134,0.130528,0.13656169,0.14118682,0.10695637,0.19165345,0.11682315,0.15610935,0.12358322,0.13996445,0.09764904,0.14719845,0.13812059,0.1234311,0.11634424,0.12401282,0.15109172,0.1537824,0.113946214,0.15322703,0.1120448,0.103322364,0.15190402,0.12690124,0.119191185,0.12789717,0.12604038,0.12375093,0.1694709,0.12289512,0.1442163,0.10942026,0.11639949,0.1411692,0.14488156,0.16583921,0.1287807,0.15026589,0.14783916,0.10720351,0.1572358,0.13597445,0.15537687,1,tachypnea_fast,fast_breathing_01
0.39887503,0.33508903,0.8400852,0.042125866,0.48257223,1.7841483,0.22251771,0.6279642,0.35434777,0.40342674,0.8194444,0.1953125,11.71875,0.23023851,0.7697615,1.4686395,0.94106525,0.14983949,0.1351835,0.12887102,0.13482916,0.14673693,0.13049269,0.131552,0.13924824,0.14741318,0.15247212,0.12998983,0.179793,0.17717528,0.12749699,0.16136989,0.1608125,0.13032725,0.14628014,0.1442732,0.15065071,0.13985933,0.1214536,0.18487121,0.114520125,0.13062942,0.11604103,0.15250134,0.119636506,0.14740217,0.14932978,0.12568219,0.10910179,0.11773111,0.16848525,0.14517368,0.123747915,0.14681818,0.12433627,0.102322124,0.15530498,0.11820139,0.13191772,0.116678715,0.11835394,0.11002661,0.16217601,0.120265886,0.156053,0.11991485,0.123774655,0.12522787,0.124787055,0.15046115,0.13136776,0.15357384,0.1290981,0.09121769,0.15564929,0.13379546,0.15785833,0.14750832,0.15648066,0.1422671,0.19763507,0.1595595,0.13509932,0.15123129,0.13928251,0.13243143,0.14079146,0.12807721,0.13668965,0.14052656,0.10209421,0.18869226,0.11180145,0.16044882,0.12206554,0.13642429,0.08281421,0.13722356,0.13695629,0.12283008,0.11598422,0.12710752,0.15196243,0.15726769,0.109345615,0.15680365,0.11292951,0.10117466,0.15032597,0.12856205,0.12214765,0.1300542,0.120374754,0.123697095,0.1738254,0.12366773,0.14453535,0.11478261,0.11776817,0.13516948,0.14542784,0.16163336,0.1269816,0.15116887,0.1511059,0.11032148,0.15794092,0.13466677,0.15872473,1,tachypnea_fast,fast_breathing_01
0.39483,0.28958312,0.7334375,0.041172113,0.4764834,1.7841483,0.21645518,0.6358518,0.34041768,0.36653292,0.7638889,0.1953125,11.71875,0.1713806,0.8286194,1.7638685,0.9349035,0.15033822,0.13399148,0.12880956,0.13541006,0.1462035,0.13042685,0.1310646,0.14018638,0.15113202,0.14809172,0.1315459,0.18219207,0.17776407,0.13218173,0.1618088,0.15777296,0.12948172,0.14538221,0.14491719,0.14931878,0.14280768,0.11682463,0.1851472,0.11337315,0.13477021,0.11416195,0.15218729,0.113055125,0.14157964,0.1471127,0.123621926,0.111570574,0.11963178,0.16885315,0.14711393,0.117757834,0.14839289,0.12066317,0.1020254,0.15323067,0.12034546,0.13308659,0.11823948,0.114340164,0.11254744,0.16473413,0.12204709,0.15835357,0.12264556,0.12423416,0.12206779,0.12724504,0.14675666,0.12737106,0.15617739,0.1301952,0.09361237,0.15713653,0.13450257,0.16003276,0.14760919,0.15785103,0.13479298,0.19704886,0.15717565,0.13747877,0.14695863,0.13801913,0.1342355,0.14053942,0.13045269,0.1363573,0.14212628,0.10088671,0.1894781,0.11360115,0.16416593,0.121530905,0.13865727,0.08017526,0.14130068,0.1339292,0.1199113,0.11734316,0.121842384,0.15272702,0.15388279,0.10201242,0.15298033,0.11269681,0.099882565,0.15300381,0.13313644,0.120012864,0.13456896,0.12265113,0.12369723,0.173603,0.12171139,0.14510337,0.11549312,0.12008082,0.13707522,0.14734878,0.16091555,0.12977949,0.1523569,0.15363055,0.11280194,0.15679382,0.13443652,0.15660705,1,tachypnea_fast,fast_breathing_01
0.35673457,0.27267605,0.7643667,0.03992722,0.42941427,1.7308812,0.19644111,0.49559644,0.39637312,0.26442125,0.6527778,0.1953125,11.71875,0.2615387,0.73846126,1.3411729,0.93729246,0.14836204,0.1330841,0.12738626,0.13937314,0.14558716,0.13132034,0.1308789,0.14037551,0.1595042,0.1473569,0.116800055,0.18059517,0.16763493,0.14049421,0.15427457,0.15246743,0.12738039,0.14108439,0.15199876,0.1409365,0.14817904,0.10754456,0.18035872,0.112448536,0.14245409,0.10890565,0.15537842,0.11347965,0.15432496,0.14582355,0.11490937,0.115640774,0.11607816,0.16274683,0.14330183,0.10218627,0.13951248,0.11717267,0.098690026,0.15746205,0.12984005,0.12821814,0.12634979,0.11277571,0.11403498,0.16489522,0.12158214,0.1660496,0.12869358,0.13025902,0.11983493,0.13703632,0.14131144,0.128831,0.16939609,0.14125024,0.098925695,0.15836102,0.12967318,0.1622287,0.14849249,0.15966699,0.12717786,0.19307107,0.15423971,0.13575126,0.14625664,0.14012332,0.13330641,0.14103162,0.13091044,0.13744032,0.14516494,0.101770535,0.19043744,0.11318891,0.16653442,0.122711636,0.13824846,0.08124357,0.14480585,0.13444422,0.12090699,0.115423545,0.12218439,0.15526448,0.14854778,0.10433862,0.14788243,0.1207217,0.10048938,0.1556159,0.12806308,0.11985807,0.13734484,0.12530635,0.118709385,0.17376886,0.120779335,0.14400125,0.11541558,0.12096939,0.1409731,0.14661807,0.1626364,0.13178205,0.14695641,0.15595129,0.11637941,0.15640752,0.13351028,0.1532809,1,tachypnea_fast,fast_breathing_01
0.3312299,0.24564499,0.74161476,0.036741704,0.40548217,1.4199657,0.17003232,0.32840717,0.51774853,0.19385754,0.8333333,0.52734375,31.640625,0.2716783,0.7283217,1.3031366,0.93971777,0.14447789,0.1323931,0.12767248,0.14339106,0.14384574,0.13385096,0.12914695,0.14101475,0.16380942,0.15651341,0.1025687,0.17683123,0.16137177,0.13717464,0.14264482,0.14974749,0.111052595,0.14527161,0.14823124,0.13767007,0.14532557,0.1020235,0.16961247,0.10598448,0.14398731,0.10848663,0.14835516,0.12002032,0.1644172,0.1555892,0.117006555,0.11456747,0.11316962,0.15789057,0.1353418,0.10524451,0.12329739,0.13752732,0.09809056,0.16322982,0.12735648,0.12700894,0.13006507,0.11493721,0.10966825,0.16666596,0.12130902,0.16675724,0.13534239,0.13258454,0.12699012,0.14524963,0.14774157,0.12709844,0.17210001,0.15505607,0.1050085,0.16195361,0.12799875,0.16020289,0.16043442,0.15409045,0.10660241,0.18886946,0.13928366,0.14297323,0.14810665,0.1404044,0.13711855,0.12831944,0.13881691,0.12850797,0.15646693,0.10183573,0.18945086,0.11360498,0.17402208,0.12622112,0.14312884,0.08955545,0.15380919,0.1307913,0.11792245,0.118546486,0.12271975,0.15845421,0.14112365,0.10326049,0.13932855,0.116632864,0.1005114,0.15698071,0.13010907,0.11617434,0.14786275,0.12521572,0.113843456,0.1714075,0.116459854,0.14800994,0.10953361,0.12504171,0.13885947,0.148202,0.1521379,0.13775821,0.15081567,0.16507246,0.123135366,0.15108815,0.12805344,0.1554838,1,tachypnea_fast,fast_breathing_01
0.3160416,0.28422472,0.89932686,0.0321915,0.4113044,1.3394448,0.1420637,0.33646914,0.4222191,0.20367353,0.625,0.5078125,30.46875,0.3257797,0.67422026,1.1215339,0.9507957,0.14360082,0.13554734,0.12593271,0.14261135,0.14170589,0.13380457,0.1282215,0.14325802,0.1729247,0.14622532,0.089194305,0.1747598,0.15864581,0.14479454,0.14773507,0.1477605,0.11255774,0.1323509,0.15353344,0.13512762,0.151201,0.107719034,0.16401806,0.106760405,0.14405616,0.11363541,0.1530829,0.13128962,0.16796102,0.15407065,0.11974488,0.11931509,0.11591456,0.16454758,0.12843373,0.1099749,0.116206944,0.13708544,0.099524446,0.1584919,0.1280662,0.12792231,0.13546115,0.11110774,0.10685789,0.1609518,0.117040746,0.16972679,0.12750548,0.1335347,0.118691035,0.14427003,0.1297275,0.13230596,0.17761041,0.15751222,0.11063003,0.15952693,0.12638997,0.16651659,0.17314842,0.16438015,0.09410814,0.18993776,0.13485298,0.14089395,0.14412929,0.12852,0.12633198,0.12890577,0.13148397,0.12322581,0.16225821,0.099476896,0.17693995,0.10892712,0.1772545,0.13553247,0.13428867,0.08736156,0.15262258,0.14256248,0.12433562,0.11384366,0.12520152,0.16111244,0.13246463,0.111275196,0.123712294,0.12972468,0.099492006,0.15254292,0.124141574,0.113816775,0.15663229,0.12916897,0.11044726,0.16892962,0.11453127,0.14061247,0.11258622,0.119690254,0.14436549,0.15342133,0.16003694,0.13577016,0.13941929,0.17775357,0.13714331,0.15470058,0.12951605,0.15733865,1,tachypnea_fast,fast_breathing_01
0.2902181,0.2518118,0.8676639,0.03206791,0.3987271,1.2522596,0.1592092,0.34248158,0.46486938,0.22467452,0.6944444,0.1953125,11.71875,0.33667368,0.6633263,1.0886412,0.9500084,0.14349383,0.1360992,0.121733256,0.14488323,0.14105332,0.13475543,0.12805839,0.14265686,0.1916271,0.14891724,0.077631675,0.17608364,0.1616038,0.14964192,0.14679593,0.12743655,0.10712827,0.12703137,0.15654233,0.13479942,0.16018067,0.10153116,0.14952654,0.107884556,0.14561278,0.12706007,0.14887857,0.13227299,0.16408786,0.15119031,0.13482001,0.119971104,0.11605134,0.17040235,0.113839746,0.12154858,0.10042112,0.14359304,0.09079655,0.13914034,0.12806089,0.12560903,0.1466038,0.11619959,0.104930416,0.14046589,0.111323304,0.1685801,0.12543243,0.11941881,0.11972522,0.15308699,0.13979736,0.122573644,0.17695597,0.16326915,0.12529428,0.16686748,0.12579769,0.17668292,0.17654307,0.16608265,0.08097571,0.19158214,0.13594161,0.14426495,0.14723736,0.1291254,0.12872638,0.122582436,0.13221787,0.11745771,0.16095592,0.10244293,0.1671405,0.109304205,0.17977537,0.13871765,0.13554795,0.084642835,0.1527972,0.1517635,0.1255455,0.11313301,0.12731563,0.16369434,0.12784332,0.115423664,0.11467989,0.13157348,0.1015343,0.1518336,0.123561494,0.113456815,0.16074328,0.13134447,0.110390745,0.16831264,0.11406125,0.13978131,0.113512844,0.12074646,0.13800181,0.1519901,0.14198624,0.13960992,0.14012541,0.1794031,0.14447832,0.15273623,0.1321492,0.16001824,1,tachypnea_fast,fast_breathing_01
0.2859532,0.24029872,0.8403428,0.031595,0.36258885,1.2892085,0.1374255,0.34203961,0.4017824,0.26778117,0.6666667,0.47851562,28.710938,0.3447943,0.65520567,1.0648072,0.94168663,0.1428017,0.1349931,0.12208921,0.14596088,0.14168276,0.13346782,0.12885176,0.1422435,0.19464968,0.14704147,0.084137134,0.17819482,0.16310026,0.15129916,0.13892941,0.12509345,0.10948711,0.1291917,0.1503569,0.13792044,0.14702067,0.09409613,0.1521025,0.110361144,0.15718448,0.13213181,0.14056332,0.11314659,0.16514333,0.14486814,0.1400958,0.121484995,0.114251636,0.16948047,0.11429988,0.12143866,0.10232558,0.14402935,0.08662268,0.13897344,0.12978978,0.12749359,0.14830439,0.11998165,0.1068076,0.13575414,0.111338936,0.17040463,0.126556,0.10866553,0.12397163,0.16488548,0.13708608,0.11802508,0.17474627,0.16586125,0.13413624,0.17019355,0.12529545,0.17766434,0.17494479,0.16748025,0.07822055,0.19844884,0.14183049,0.14359476,0.14700913,0.1232418,0.1279254,0.12447817,0.13328558,0.11826412,0.16315193,0.106966816,0.1610153,0.11005074,0.17997292,0.14138792,0.13107315,0.08362552,0.15100181,0.14795493,0.12905408,0.11168602,0.123924285,0.15736826,0.121478334,0.122823395,0.110093884,0.13496956,0.09542005,0.15153693,0.12619902,0.11350135,0.16471176,0.14091566,0.11386263,0.16257359,0.1169866,0.13643813,0.112102285,0.112377286,0.13846333,0.1547678,0.1429746,0.13783833,0.1377726,0.17504226,0.14815438,0.15390562,0.13317528,0.16615362,1,tachypnea_fast,fast_breathing_01
0.29330695,0.2593223,0.8841327,0.03209096,0.38996026,1.2922267,0.14595741,0.3552268,0.4108851,0.24111903,0.7638889,0.47851562,28.710938,0.3804682,0.6195318,0.9663527,0.94293535,0.14097716,0.13461046,0.124955475,0.1454585,0.14142656,0.13245867,0.12972291,0.14229451,0.19043727,0.14373524,0.082280695,0.18365161,0.15497366,0.15420902,0.13189313,0.12599316,0.10540622,0.12942372,0.14731492,0.138222,0.14516233,0.10907708,0.14886804,0.1086193,0.15551755,0.12953666,0.13706675,0.115827344,0.1730636,0.14040019,0.13479526,0.12019084,0.11136032,0.16561298,0.111389995,0.12361996,0.09725463,0.14703986,0.08412177,0.14935595,0.13381933,0.1277662,0.15429077,0.12790667,0.11506613,0.13770042,0.11508949,0.16852735,0.12338912,0.10575594,0.12655325,0.16471349,0.13641088,0.12638052,0.17452832,0.16043963,0.13122872,0.16911599,0.12117612,0.18274131,0.1696181,0.1672931,0.08000203,0.19915546,0.14390036,0.14207664,0.14655904,0.12336248,0.12861338,0.12596178,0.13358834,0.11770211,0.1607124,0.10745779,0.15626009,0.110811785,0.18409972,0.14350578,0.12952383,0.07788117,0.15102386,0.14381108,0.12916143,0.11167948,0.122865126,0.15388158,0.121420674,0.12577629,0.10661643,0.13309905,0.09369564,0.15445729,0.12757704,0.11371352,0.16862862,0.14568189,0.11485222,0.16305375,0.117825456,0.13480262,0.11088699,0.109796174,0.14052178,0.16046043,0.13398224,0.136893,0.13821653,0.1751606,0.15250382,0.15446986,0.13375324,0.16838135,1,tachypnea_fast,fast_breathing_01
0.29023483,0.24417639,0.84130627,0.032820243,0.39154014,1.2330873,0.15846819,0.32477042,0.4879391,0.21214475,0.6805556,0.48828125,29.296875,0.4297671,0.57023287,0.8445118,0.94051945,0.14032759,0.1342149,0.12662774,0.14491367,0.14052731,0.1309343,0.1323641,0.14212982,0.1803048,0.14583181,0.08306708,0.18617155,0.15054096,0.16009548,0.1319901,0.12312112,0.10353221,0.12941238,0.14663352,0.13314222,0.1504155,0.10989076,0.14338928,0.10874472,0.15715289,0.12929296,0.13695882,0.12017079,0.17825548,0.13857667,0.12830108,0.12063457,0.11234444,0.16108115,0.11231448,0.12517658,0.09111924,0.14915435,0.086742446,0.15221184,0.13540038,0.12449392,0.1625549,0.13164699,0.118332475,0.14041077,0.116602294,0.1659955,0.1241622,0.10683313,0.13194685,0.16902304,0.12990691,0.12177807,0.17645094,0.15914352,0.13069671,0.16879663,0.12163902,0.17750533,0.1629923,0.16558711,0.07915065,0.20024844,0.14382435,0.13851571,0.14288235,0.121815704,0.12674145,0.1309772,0.13221537,0.12382524,0.15807904,0.1120789,0.15329942,0.110792674,0.18199362,0.14615917,0.12717956,0.08160563,0.1495464,0.14170814,0.12646875,0.110153854,0.122466855,0.13869284,0.11950874,0.12953904,0.1020804,0.13433126,0.092845485,0.16135003,0.13169315,0.11712871,0.17168105,0.15348949,0.12133189,0.16492932,0.12082463,0.1358397,0.10690901,0.107443206,0.13885693,0.16110179,0.13230887,0.13556871,0.13986641,0.17575839,0.15109135,0.15489918,0.13196628,0.17607792,1,tachypnea_fast,fast_breathing_01
0.2902792,0.24297479,0.8370382,0.03195861,0.37731323,1.2330873,0.146442,0.33947784,0.43137422,0.22535177,0.6666667,0.49804688,29.882812,0.48424062,0.51575935,0.72517335,0.9311666,0.14091855,0.1326265,0.12804054,0.14472993,0.14030859,0.12950376,0.13469738,0.14142027,0.17567992,0.14542554,0.08435931,0.18657455,0.15359698,0.16135214,0.12882951,0.119657435,0.10274418,0.13720357,0.14522164,0.14065474,0.15064174,0.111902006,0.1414699,0.11171267,0.1563787,0.13352872,0.13573071,0.118325286,0.17275296,0.1382317,0.12629043,0.11950782,0.115589775,0.14272384,0.11202868,0.12402557,0.088652864,0.14923003,0.087360956,0.15578507,0.13371597,0.1292517,0.16564158,0.1369653,0.119603515,0.14345387,0.11881181,0.16957414,0.12348661,0.10700616,0.12756151,0.16982654,0.1293383,0.11965319,0.17609446,0.15745862,0.13160804,0.1684889,0.12200484,0.17938781,0.15362544,0.16712742,0.08436908,0.20293884,0.144678,0.13508202,0.14264254,0.12054819,0.12763064,0.13221757,0.12804975,0.12401924,0.1610829,0.10949663,0.15009533,0.114230126,0.18180366,0.1461605,0.12218139,0.084358074,0.14314571,0.14387272,0.12028022,0.10781706,0.12606825,0.13403909,0.120379336,0.13217652,0.09734965,0.13646567,0.09925932,0.16300194,0.13418703,0.11646558,0.18017286,0.15702485,0.122431956,0.16928878,0.12286245,0.13031091,0.109928824,0.109145924,0.13786672,0.16282336,0.12915254,0.1261968,0.1435224,0.17804456,0.15418552,0.1530787,0.13410667,0.17010069,1,tachypnea_fast,fast_breathing_01
0.28880608,0.25986692,0.89979726,0.034119,0.39790913,1.2092252,0.16279535,0.34270656,0.4750284,0.22494328,0.6805556,0.5078125,30.46875,0.4921423,0.5078577,0.7089874,0.9294537,0.14083749,0.13122107,0.12939397,0.1451447,0.1407543,0.12816414,0.13553001,0.14191374,0.17536165,0.14679046,0.08677152,0.18759748,0.15629765,0.15317571,0.12702481,0.120259345,0.10675811,0.1381916,0.13703696,0.14416929,0.1514527,0.11159573,0.14061578,0.11736382,0.15293738,0.1326941,0.12731129,0.118532814,0.16428816,0.1394914,0.12383391,0.11768585,0.11680724,0.14271651,0.11463191,0.12852496,0.083239414,0.15037473,0.09031991,0.15471026,0.13505526,0.13094638,0.1701992,0.13933899,0.11593417,0.14846912,0.12037732,0.16680871,0.1267422,0.11069533,0.1260991,0.17148188,0.12886153,0.11770701,0.18345185,0.15627833,0.13253236,0.16593587,0.12386464,0.17642233,0.15306184,0.1665142,0.08683685,0.20215522,0.15339883,0.13306746,0.13745748,0.11754894,0.13015586,0.13877518,0.12428002,0.12861367,0.15794039,0.10721837,0.14828068,0.11590011,0.17750861,0.14654408,0.11920328,0.08771726,0.13277993,0.14464213,0.12004363,0.11174896,0.12997437,0.12457249,0.117628574,0.13312076,0.0983264,0.13686724,0.09893444,0.16302343,0.13461219,0.120787695,0.18094131,0.16168486,0.12537135,0.16523553,0.12535633,0.14493571,0.1095549,0.10697852,0.13099131,0.16375977,0.13038376,0.13027819,0.14686006,0.16982141,0.15191302,0.15364973,0.13282993,0.1729224,1,tachypnea_fast,fast_breathing_01
0.31238732,0.24851546,0.7955363,0.033168368,0.4382498,1.330526,0.13848959,0.32871068,0.4213115,0.2536009,0.6388889,0.5175781,31.054688,0.59100497,0.40899503,0.5259309,0.90957224,0.14000903,0.13133705,0.12954593,0.14659832,0.1414763,0.13046366,0.13503285,0.14050686,0.17381404,0.14942712,0.09558438,0.18695503,0.16363056,0.14254537,0.12645352,0.11213976,0.12275043,0.14318591,0.12194591,0.14364487,0.13804047,0.10859311,0.14116104,0.11907784,0.14328177,0.13062482,0.12448735,0.123119846,0.1543545,0.1454063,0.13115409,0.1297086,0.120575115,0.13583717,0.11385342,0.13066027,0.091418594,0.1457287,0.08956854,0.14837971,0.1381131,0.1349112,0.16000706,0.14557064,0.118009135,0.13999502,0.12788172,0.17637773,0.12537792,0.10813032,0.12901255,0.17579845,0.12757841,0.13366391,0.1894985,0.15092823,0.12896079,0.15905441,0.12254945,0.1788475,0.15395066,0.16274376,0.094574824,0.1988913,0.14907677,0.13540863,0.13921152,0.11517179,0.1303202,0.145922,0.124421395,0.13739066,0.15210834,0.10583324,0.15305503,0.12914103,0.1768303,0.14464605,0.12285998,0.08943011,0.1298414,0.14641245,0.12435543,0.11717589,0.12745352,0.1289931,0.114449985,0.13147992,0.099624835,0.13615853,0.1017591,0.1634715,0.13210775,0.12282799,0.18159497,0.1607742,0.123398334,0.16089505,0.12688485,0.14634828,0.1219146,0.103835754,0.12936202,0.15986314,0.12891078,0.12984645,0.14030261,0.16232325,0.14841883,0.15061733,0.13211156,0.17273466,1,tachypnea_fast,fast_breathing_01
0.31431457,0.18246202,0.58050764,0.03337085,0.46094695,1.2939607,0.14012498,0.3502396,0.40008318,0.26201826,0.45833334,0.5175781,31.054688,0.590832,0.40916803,0.5262236,0.9093027,0.14112438,0.1362484,0.12840457,0.14243904,0.14121996,0.13153867,0.13498668,0.14012985,0.17762344,0.14159362,0.107269235,0.18447475,0.15632994,0.14496996,0.13513023,0.103144474,0.12327159,0.15439688,0.12647198,0.15717863,0.122762315,0.112034604,0.1515384,0.14009467,0.14090618,0.13475163,0.13400942,0.12182209,0.1527667,0.1535331,0.1363108,0.13481048,0.123486064,0.13516489,0.10922562,0.13003074,0.09444901,0.1438127,0.089642234,0.1527015,0.14129905,0.13420036,0.15210609,0.14628981,0.11721395,0.1287954,0.12949303,0.16446072,0.14690705,0.09721336,0.1336787,0.16899814,0.12223635,0.1328648,0.17966634,0.14756614,0.12557629,0.14089504,0.115363516,0.17628105,0.15093678,0.16197981,0.09560519,0.20186809,0.14834046,0.13654108,0.1369422,0.11181415,0.14060485,0.14853601,0.11853028,0.13829635,0.14586425,0.101543516,0.15257236,0.13147935,0.17595655,0.14351517,0.12627663,0.09732798,0.1223222,0.14687416,0.12791522,0.13074279,0.12391182,0.12956512,0.10854959,0.13150683,0.10872258,0.13741896,0.10421927,0.16056658,0.12539007,0.12388326,0.18087149,0.16156098,0.1293326,0.15422152,0.12858313,0.15580392,0.1231128,0.10159209,0.11994746,0.15993547,0.13238113,0.14627485,0.13558504,0.15181519,0.14496656,0.1498593,0.12908655,0.17132773,1,tachypnea_fast,fast_breathing_01
0.3058817,0.18401812,0.6015989,0.031791165,0.4541423,1.1584278,0.15996161,0.3430825,0.46624824,0.23752382,0.5416667,0.5078125,30.46875,0.57354206,0.42645794,0.555924,0.92651767,0.14159547,0.13772114,0.12838994,0.14036845,0.14115362,0.13513222,0.13507576,0.13773595,0.18192416,0.14090626,0.103762686,0.18697536,0.1547914,0.14654039,0.13568841,0.09445228,0.13154297,0.15689266,0.12627056,0.16016725,0.12082668,0.11335677,0.15323782,0.14443459,0.14166766,0.13879217,0.13628721,0.12195824,0.14915945,0.1556553,0.13618213,0.14102474,0.1234516,0.13516715,0.10199847,0.12853566,0.10068763,0.14642566,0.090707265,0.15493031,0.13828796,0.12946187,0.15261814,0.1472445,0.12632789,0.12674475,0.1250991,0.15998906,0.15600139,0.09646442,0.122323975,0.168988,0.12806028,0.14663765,0.16664118,0.13956833,0.12306657,0.13672344,0.110658325,0.16966726,0.14551309,0.15077175,0.10305114,0.19910513,0.1461178,0.14155427,0.14075339,0.112329856,0.14032438,0.15232803,0.12242968,0.14883105,0.13188747,0.10198373,0.156433,0.14771682,0.17112707,0.14512216,0.13137165,0.10142274,0.13052753,0.14850299,0.13298742,0.1361441,0.12482845,0.12855121,0.11209114,0.13443217,0.11258952,0.1401447,0.10416068,0.16152857,0.12837437,0.1270044,0.17533801,0.15965527,0.12992159,0.1404079,0.13033657,0.14883839,0.13447763,0.09549542,0.1251896,0.14815381,0.13255647,0.14796506,0.13419338,0.14496547,0.14428833,0.13860485,0.12547389,0.17036507,1,tachypnea_fast,fast_breathing_01
0.30825198,0.22225544,0.7210186,0.031274993,0.46370262,1.1955911,0.15159923,0.3516805,0.4310709,0.23489483,0.7083333,0.38085938,22.851562,0.48351842,0.5164816,0.72666585,0.943037,0.14082612,0.13744757,0.12800275,0.1423496,0.14093067,0.13640894,0.13471319,0.13755697,0.17830026,0.13508384,0.10188331,0.18280236,0.16357319,0.14629097,0.13601883,0.098283716,0.13214825,0.152859,0.12659428,0.1607152,0.11618645,0.11196613,0.15356712,0.14229871,0.13030283,0.13689749,0.13349588,0.12185542,0.16137692,0.15710798,0.138926,0.13883524,0.12607114,0.1341174,0.11823834,0.12724718,0.10147088,0.14418219,0.08784208,0.1516312,0.13849828,0.13218255,0.1455316,0.14649552,0.12571228,0.12040974,0.12459382,0.15612394,0.15831907,0.11218301,0.12522183,0.16518056,0.12981434,0.1522531,0.16887854,0.13711558,0.12274116,0.13463879,0.11568963,0.17238517,0.14767233,0.14238268,0.104410514,0.19399591,0.15618247,0.13811998,0.14115591,0.11509256,0.13797706,0.15179569,0.11705485,0.15281887,0.13343982,0.10476732,0.16105016,0.14433476,0.16832206,0.14735608,0.13052204,0.1029736,0.13534601,0.15080124,0.1337893,0.13293566,0.1312946,0.12982334,0.11552825,0.13548957,0.11331605,0.13849461,0.10190944,0.15545414,0.1329097,0.12777981,0.17371896,0.15639727,0.13068423,0.13919811,0.13039131,0.14599489,0.14282566,0.10133601,0.117988996,0.14496863,0.13326128,0.14877398,0.13213068,0.14366479,0.1454803,0.13805263,0.12451699,0.16924581,1,tachypnea_fast,fast_breathing_01
0.31820446,0.20457223,0.6428955,0.030306745,0.48584607,1.2199023,0.16551587,0.42558435,0.38891438,0.27611122,0.5277778,0.38085938,22.851562,0.45266205,0.54733795,0.79260945,0.9355483,0.14167643,0.13769494,0.12528878,0.14325255,0.14005314,0.137166,0.1346897,0.13848712,0.1801098,0.12603718,0.10034194,0.17288786,0.1820252,0.14606668,0.13465266,0.1002268,0.12880968,0.14488913,0.12809531,0.15995629,0.13769498,0.111820586,0.16088411,0.1265082,0.12360442,0.13540192,0.13346718,0.124046184,0.16724692,0.16784926,0.13991295,0.12803741,0.13699186,0.13426319,0.12487433,0.12301304,0.09720966,0.13249308,0.08073238,0.14970265,0.14057988,0.13495925,0.13797566,0.14435847,0.11978218,0.1193259,0.123747684,0.15178032,0.16307266,0.1228066,0.12593094,0.17102464,0.12487035,0.14906223,0.16810843,0.13431554,0.12137102,0.13738188,0.11733701,0.17522155,0.14388971,0.13643895,0.10662341,0.1891952,0.16195756,0.138419,0.13904858,0.12143394,0.13193066,0.14871728,0.115620516,0.15588303,0.13153298,0.10577408,0.16159782,0.14566585,0.1591316,0.14403524,0.1316087,0.1034649,0.14916334,0.15189862,0.13390161,0.13335954,0.1335719,0.1299848,0.12362939,0.137291,0.11313492,0.14096151,0.10239979,0.15368372,0.1353307,0.1295274,0.16848893,0.15321875,0.12388277,0.13761576,0.13180159,0.14690737,0.14365123,0.114006475,0.12003516,0.14155419,0.1355664,0.14708275,0.13285151,0.14363629,0.14727738,0.13857853,0.12242923,0.16675606,1,tachypnea_fast,fast_breathing_01
0.32295597,0.16619259,0.5145983,0.027579082,0.49638775,1.1928854,0.17799473,0.39289713,0.4530314,0.27022707,0.625,0.41992188,25.195312,0.4531514,0.5468486,0.791529,0.92445767,0.1410036,0.13728485,0.124348834,0.14463723,0.14141707,0.13592245,0.13227884,0.1406721,0.18307373,0.12168284,0.10168656,0.16666993,0.18179357,0.14768055,0.13139209,0.09911867,0.12841105,0.1425718,0.12819378,0.15703961,0.14373259,0.11025444,0.164851,0.12354823,0.11880861,0.13516708,0.13469261,0.120969534,0.16490464,0.170736,0.14294319,0.12827961,0.1371957,0.13235235,0.1213545,0.13040055,0.09451416,0.12839366,0.08016678,0.15556578,0.14034218,0.13347614,0.13296965,0.14607033,0.11244201,0.11950503,0.12133403,0.15063825,0.1673726,0.123642094,0.1381705,0.17597301,0.12438195,0.14648862,0.17132866,0.13422808,0.12148378,0.13327362,0.11603672,0.177266,0.15053983,0.1208191,0.11333248,0.17931454,0.18086347,0.13219358,0.1416257,0.12810884,0.12989165,0.14898446,0.11400007,0.16565284,0.13309541,0.111254275,0.1617935,0.14460465,0.1475921,0.132242,0.12152803,0.10729559,0.16192111,0.15348615,0.12686299,0.13023111,0.13947473,0.12870559,0.12493734,0.13463627,0.10786442,0.13230869,0.10044643,0.14209293,0.13586332,0.13234591,0.16534849,0.15033522,0.12364099,0.13808337,0.13172163,0.1554352,0.14762291,0.1262871,0.13087258,0.13894482,0.13744758,0.14978592,0.12723832,0.14093202,0.1529718,0.13698587,0.120247126,0.16396609,1,tachypnea_fast,fast_breathing_01
0.31653607,0.18361612,0.58007956,0.02697105,0.47321352,1.2107733,0.18041083,0.44530413,0.4051407,0.28790116,0.6666667,0.390625,23.4375,0.506809,0.49319103,0.6796211,0.9098478,0.14145714,0.13504797,0.12247271,0.14648806,0.14181961,0.1354818,0.13105887,0.14178741,0.20381705,0.10864224,0.11048429,0.15493713,0.18535389,0.1377505,0.13286115,0.09610719,0.13217573,0.15685019,0.12123923,0.1583948,0.14032951,0.11669006,0.1601149,0.13003057,0.105993345,0.13370508,0.12088273,0.11750185,0.15817106,0.16790488,0.14645196,0.13039796,0.13879907,0.12898019,0.11607894,0.13562444,0.08601225,0.123420686,0.077654034,0.15437731,0.13915503,0.12788683,0.13202532,0.15106027,0.11502039,0.11832968,0.11550009,0.15228869,0.18277013,0.1268875,0.1546794,0.18050534,0.12330373,0.1515284,0.17076646,0.13596857,0.12305685,0.11274701,0.11632807,0.17351462,0.1490303,0.11878541,0.11487721,0.16842689,0.18484582,0.13096648,0.13971877,0.13416323,0.13010444,0.14939652,0.115071245,0.1737356,0.134533,0.11477977,0.15903099,0.14626902,0.14014547,0.12748288,0.11664555,0.10806695,0.1731853,0.153625,0.12434999,0.13049595,0.13710363,0.13008307,0.12371742,0.13260972,0.10442952,0.1329446,0.10097055,0.13917029,0.13565698,0.13233984,0.1614857,0.15063228,0.1198546,0.1402771,0.12967679,0.15674902,0.14945562,0.13309413,0.1366696,0.13899677,0.13961236,0.15040232,0.12578826,0.1419967,0.15391856,0.1372874,0.11924002,0.16002549,1,tachypnea_fast,fast_breathing_01
0.312743,0.19122007,0.61142874,0.027447494,0.40921038,1.2854245,0.1901813,0.4105107,0.46327978,0.30352005,0.625,0.40039062,24.023438,0.5787328,0.42126718,0.54691434,0.9009384,0.1411671,0.1360568,0.12398629,0.14510316,0.14171782,0.13271974,0.13033074,0.14414234,0.20294742,0.11131469,0.11387076,0.14268798,0.18313292,0.13016638,0.13152573,0.09922242,0.13168177,0.16575973,0.1179992,0.16408662,0.14077666,0.13048403,0.15619737,0.13316679,0.105289556,0.13282983,0.11862144,0.11693715,0.16322371,0.1666061,0.14764398,0.1298683,0.1399311,0.12793891,0.11711699,0.13236843,0.083996296,0.12631401,0.08645555,0.15446703,0.13981988,0.12666225,0.13208699,0.15184958,0.111365944,0.13154109,0.11777768,0.15605962,0.182251,0.1294962,0.15428607,0.17606243,0.12192415,0.15089485,0.16078481,0.1410786,0.11885126,0.11558436,0.115787044,0.16328065,0.1573676,0.11394294,0.120057434,0.15408891,0.1922424,0.12263378,0.13414575,0.13548036,0.12938334,0.15473074,0.11292865,0.18504713,0.13028263,0.12325191,0.14722823,0.15561366,0.1172317,0.11909277,0.095903635,0.107231036,0.17105414,0.15324637,0.12679121,0.13341221,0.1387407,0.13655908,0.12092901,0.13606584,0.09318709,0.13031033,0.10535546,0.13741897,0.13504641,0.12948537,0.15619075,0.15503633,0.12433647,0.1458196,0.12511808,0.15469624,0.15984689,0.13477539,0.14624627,0.14671946,0.14124022,0.15612772,0.12856664,0.14571518,0.15816788,0.123605564,0.12100687,0.15713617,1,tachypnea_fast,fast_breathing_01
0.31123403,0.19658923,0.6316444,0.02885313,0.41636696,1.2569274,0.17957671,0.42372596,0.42380387,0.28301567,0.5972222,0.38085938,22.851562,0.6343241,0.36567596,0.45519534,0.882565,0.14124364,0.13576198,0.12530419,0.1444468,0.1413311,0.13245934,0.13014287,0.1444149,0.19485067,0.11964628,0.1138638,0.14150934,0.18242507,0.12934445,0.1289701,0.09860217,0.13036203,0.16680004,0.11865802,0.17005923,0.14107609,0.13807434,0.1533341,0.13379025,0.09949004,0.13144086,0.11348822,0.11831891,0.16426331,0.16643174,0.14712237,0.12957162,0.13997766,0.12960218,0.117128834,0.13584477,0.07950029,0.12828314,0.09636816,0.15416299,0.14074135,0.1261265,0.13088784,0.15188406,0.11150106,0.1390844,0.11744106,0.15719703,0.17465031,0.1316151,0.15430216,0.17632487,0.12146558,0.14992675,0.15660787,0.14345717,0.11883273,0.11330353,0.116057165,0.16406813,0.16281535,0.112105824,0.11972839,0.14943504,0.19372918,0.121367976,0.1275578,0.13491097,0.12737916,0.1604015,0.11151921,0.18568179,0.13067228,0.13523972,0.14498508,0.15702419,0.11093818,0.11561646,0.096032105,0.10579964,0.17226365,0.15407361,0.1238683,0.13370557,0.13818163,0.1342434,0.118736595,0.13656412,0.09080985,0.12936886,0.10501706,0.13659927,0.13244522,0.12838912,0.15437971,0.15607224,0.12366185,0.15691969,0.12289376,0.15682988,0.16018146,0.13357957,0.14525989,0.14952931,0.14099485,0.15642573,0.12783714,0.14499415,0.15486228,0.1321556,0.11922051,0.15552342,1,tachypnea_fast,fast_breathing_01
0.3144906,0.18351664,0.5835362,0.028821701,0.45355576,1.2569274,0.19724646,0.4214702,0.46799624,0.26212543,0.5694444,0.38085938,22.851562,0.6635148,0.33648518,0.41020408,0.8740303,0.14170797,0.13533008,0.12537703,0.1439266,0.1418726,0.13262302,0.12909691,0.14459142,0.20407404,0.11838632,0.11304966,0.14193128,0.1823022,0.13314168,0.124668255,0.09732454,0.12946375,0.16881229,0.11790894,0.1701358,0.1410049,0.14404257,0.15274987,0.1336793,0.100019686,0.12995088,0.11445359,0.11761388,0.16293858,0.16573557,0.14318629,0.12847361,0.13924743,0.12719981,0.11672966,0.13777098,0.07898907,0.13191718,0.09789234,0.15500964,0.1359283,0.12564823,0.1283129,0.15092559,0.11083275,0.14358534,0.116359316,0.15947013,0.17094502,0.13079935,0.15532228,0.1774447,0.119204216,0.15028332,0.15351065,0.14405186,0.11757583,0.116458476,0.11229456,0.16368555,0.15930669,0.1119666,0.11894573,0.15054215,0.1918428,0.13140242,0.12381775,0.13304162,0.12802055,0.16259989,0.1124386,0.1846898,0.13572927,0.1479867,0.1442157,0.15951058,0.11247418,0.11342953,0.09656655,0.106733866,0.17050685,0.15277907,0.122522295,0.13235812,0.1363819,0.12863387,0.11739017,0.13373971,0.08796422,0.12668534,0.10629316,0.13600142,0.13017105,0.12626436,0.15080659,0.15486425,0.12187927,0.16527839,0.12092189,0.16137575,0.15415567,0.13450122,0.14445886,0.15009373,0.13981678,0.15825763,0.12691014,0.14573763,0.15281203,0.13155977,0.11817865,0.16183063,1,tachypnea_fast,fast_breathing_01
0.31593576,0.19660017,0.6222789,0.029503059,0.46950805,1.2248414,0.2022131,0.3852431,0.5248974,0.22912113,0.6944444,0.38085938,22.851562,0.6714055,0.3285945,0.398382,0.8689487,0.14293647,0.13434008,0.12411555,0.1444349,0.14235105,0.13169442,0.1283274,0.14556037,0.20993568,0.116108105,0.11307964,0.14653534,0.17828688,0.14075154,0.123857975,0.09783708,0.13034219,0.1693629,0.11873614,0.16885476,0.14448577,0.15143506,0.15189978,0.13405076,0.099219576,0.12835732,0.11390651,0.11673747,0.16121466,0.16363962,0.14101574,0.12570375,0.1362288,0.123011924,0.11508173,0.13580383,0.07916189,0.1268415,0.09911765,0.15406714,0.13353619,0.1254113,0.12636854,0.14873523,0.109563656,0.14529254,0.11452094,0.16633222,0.16792108,0.13126054,0.15636705,0.17548509,0.11349757,0.15032427,0.15454635,0.14870554,0.11575746,0.116390646,0.111130126,0.1699357,0.16203277,0.108034,0.12031924,0.15062338,0.19280164,0.1373611,0.12264216,0.13154557,0.12728266,0.1660418,0.11156795,0.18287739,0.13743393,0.1531335,0.1403714,0.15957364,0.10812301,0.11023328,0.10662016,0.10585168,0.16542357,0.15001243,0.11849725,0.13333458,0.13404803,0.12680489,0.11709149,0.12992944,0.08826436,0.13023551,0.11313178,0.1351317,0.12113474,0.12440812,0.14406596,0.15366086,0.12122155,0.17044097,0.119539715,0.16247462,0.14963968,0.13460673,0.14327183,0.14999539,0.13834986,0.16435122,0.12608473,0.15798028,0.14957735,0.13717502,0.11430391,0.16447423,1,tachypnea_fast,fast_breathing_01
0.3131775,0.20766142,0.66307896,0.029818837,0.4706582,1.2248414,0.23069921,0.4202195,0.5489969,0.20754157,0.5833333,0.38085938,22.851562,0.6840161,0.31598386,0.37977377,0.8641368,0.1413305,0.13406058,0.12498602,0.1461762,0.14383839,0.13010934,0.12819862,0.14537327,0.20454495,0.11478827,0.11426184,0.14485116,0.17338598,0.14163165,0.12494384,0.09692372,0.12991379,0.16687779,0.115394145,0.1663682,0.14341106,0.15147081,0.14878224,0.1341829,0.09652987,0.1276595,0.12371197,0.11566086,0.1547974,0.15745139,0.13907148,0.13190039,0.13172613,0.12984253,0.11647944,0.13355553,0.08158481,0.13184246,0.11396149,0.15180886,0.12840325,0.12515458,0.12299159,0.15045609,0.109304905,0.14358002,0.115695305,0.16473326,0.1628017,0.13132022,0.15454893,0.17197251,0.11173386,0.1622918,0.15765093,0.16632056,0.116284914,0.11544283,0.11170668,0.1734825,0.16553192,0.11145292,0.119778484,0.1539127,0.19365111,0.14849664,0.12108947,0.13204749,0.12727417,0.16825615,0.10972367,0.17892653,0.13975775,0.1599913,0.13457969,0.16176926,0.100157954,0.11066073,0.10816848,0.105085246,0.16368851,0.14830177,0.119815245,0.12825885,0.12744352,0.123500906,0.11599122,0.12525158,0.09011792,0.12605305,0.11417861,0.13451383,0.121263236,0.12630776,0.14390288,0.15369698,0.124634966,0.16862544,0.12204467,0.16579014,0.148954,0.13410653,0.1398797,0.15161094,0.13534243,0.1755284,0.12358488,0.14967735,0.14359297,0.14395255,0.11321518,0.16461739,1,tachypnea_fast,fast_breathing_01
0.32281715,0.16871245,0.52262545,0.030667862,0.4634819,1.2740402,0.19640768,0.4112627,0.47757232,0.22694337,0.5833333,0.38085938,22.851562,0.7055901,0.29440987,0.3487208,0.86086917,0.13795201,0.13479047,0.1290421,0.1464033,0.1443777,0.12941074,0.1293454,0.14393589,0.18922889,0.120298766,0.11022008,0.14004059,0.16940165,0.1369944,0.12675369,0.10028774,0.12411901,0.16680954,0.1111926,0.15831284,0.13971642,0.14677484,0.14063726,0.1357781,0.09599782,0.131624,0.13648099,0.121136956,0.15077922,0.15076055,0.14398578,0.13003479,0.12391679,0.1443689,0.119235024,0.12768258,0.0836785,0.14483523,0.12318248,0.1483123,0.13494363,0.13420527,0.12572336,0.15539314,0.11616935,0.14322527,0.12096116,0.1619256,0.15987471,0.12928523,0.14581698,0.16821563,0.11442183,0.17735761,0.15267909,0.16251948,0.12298945,0.12510513,0.11283214,0.17021988,0.15748374,0.11155113,0.115392186,0.15725875,0.19417816,0.14935003,0.11611008,0.13717383,0.12260787,0.18293142,0.11327234,0.17740114,0.14219926,0.17201616,0.12206392,0.15875395,0.09962024,0.10877762,0.105234645,0.11885576,0.15986302,0.14244199,0.12454778,0.12231593,0.12632726,0.1215214,0.11176305,0.12681325,0.1032905,0.12273673,0.1106706,0.13100664,0.12682246,0.1302974,0.13802227,0.15060508,0.13250758,0.17800449,0.11895009,0.17320599,0.14197169,0.13368575,0.1415978,0.15336585,0.13257188,0.17161056,0.11958777,0.14299488,0.13992317,0.1539017,0.10537144,0.16137807,1,tachypnea_fast,fast_breathing_01
0.341412,0.16887656,0.49464148,0.031165356,0.47777244,1.3295296,0.2212835,0.3931313,0.5628743,0.19680752,0.5833333,0.38085938,22.851562,0.6683239,0.33167613,0.40298235,0.8632085,0.13573034,0.13548093,0.13226748,0.14501606,0.1433675,0.13029325,0.130177,0.14351715,0.1753914,0.11610001,0.10614241,0.1375451,0.1662536,0.12524225,0.12191587,0.105430715,0.11724959,0.17821456,0.11495256,0.15964858,0.14040773,0.16072553,0.12990437,0.13477077,0.0958954,0.13122457,0.13720126,0.14023751,0.14757419,0.14512852,0.14867303,0.12491522,0.1191138,0.14588779,0.116404444,0.12765788,0.09517082,0.14696494,0.11964746,0.1411822,0.14948754,0.14551531,0.12670481,0.15413123,0.12393779,0.15498853,0.11768428,0.16863221,0.15885708,0.12812506,0.14930332,0.16336009,0.11120554,0.16994208,0.14562753,0.16282827,0.12606576,0.13290101,0.10557894,0.1627819,0.1446331,0.11898351,0.11355455,0.1563101,0.19367284,0.14686282,0.115181156,0.13809885,0.12018298,0.18591087,0.114684336,0.17263043,0.14307198,0.177916,0.11143699,0.15742427,0.10088851,0.112685055,0.11067199,0.123159975,0.15994592,0.13823904,0.12570411,0.1192158,0.12682821,0.1296963,0.11184337,0.1278897,0.10494805,0.12796976,0.11068753,0.1318645,0.12906304,0.13200787,0.1356127,0.15171054,0.13479945,0.17503743,0.118867256,0.17535153,0.13866615,0.13407078,0.14095171,0.15428683,0.13258119,0.17163539,0.11801205,0.13603233,0.13646671,0.15795031,0.10631744,0.16340049,1,tachypnea_fast,fast_breathing_01
0.3442856,0.17087826,0.49632704,0.032928556,0.4653536,1.3818032,0.20861277,0.3918382,0.5323952,0.17669228,0.625,0.390625,23.4375,0.58300954,0.41699046,0.53955173,0.8768393,0.1349986,0.13596383,0.13239421,0.14491604,0.1417664,0.13069312,0.13230078,0.14153777,0.17191122,0.11547385,0.107140794,0.13253886,0.16560514,0.120402575,0.12257338,0.10497913,0.11824937,0.17952114,0.115251034,0.16176027,0.13957499,0.16937758,0.12763546,0.13516127,0.09538473,0.13122481,0.13739198,0.14303207,0.14739096,0.1444292,0.14776233,0.125067,0.118519604,0.14515279,0.11559695,0.12620038,0.097856134,0.14683005,0.119750574,0.14006168,0.15095903,0.14731888,0.12835123,0.15053429,0.12470097,0.15629996,0.1166647,0.16909173,0.16418718,0.1278383,0.1547976,0.16280231,0.10825603,0.16668105,0.14291006,0.16416363,0.12497389,0.13343239,0.104329,0.16044542,0.138602,0.11853434,0.10854275,0.16235994,0.18664524,0.14187947,0.10995182,0.13272145,0.11237658,0.19223191,0.11634248,0.17394497,0.14883032,0.18578108,0.106186144,0.1553439,0.09745361,0.11468861,0.115137495,0.1389807,0.15814428,0.12686907,0.12369657,0.12006148,0.12483475,0.13183297,0.11101107,0.13532223,0.10716337,0.13191779,0.108968645,0.12848508,0.14130011,0.13965996,0.1306126,0.14996482,0.13515247,0.18496679,0.11538522,0.18653546,0.13284147,0.13300657,0.13782763,0.14997211,0.12617064,0.16613378,0.11571066,0.14584391,0.12646325,0.15699972,0.10071361,0.16177216,1,tachypnea_fast,fast_breathing_01
0.34503376,0.18990977,0.5504092,0.03139526,0.49519348,1.3288876,0.18166004,0.3460738,0.52491707,0.18244426,0.6388889,0.40039062,24.023438,0.5464365,0.4535635,0.6043372,0.8660291,0.1363079,0.13495363,0.13289085,0.14398555,0.14202166,0.1316127,0.13111734,0.14164111,0.17433164,0.12247061,0.103932455,0.13491653,0.16477045,0.119897895,0.123694144,0.11389681,0.11714732,0.17943652,0.115421385,0.16168043,0.14040652,0.1687702,0.12729701,0.13476978,0.08734323,0.12914807,0.1383652,0.14368883,0.14666876,0.14367075,0.14611526,0.12482249,0.11868447,0.1450531,0.11578159,0.12673712,0.09808201,0.1464043,0.11992956,0.13839388,0.15088572,0.14674298,0.1322739,0.14802438,0.124779314,0.1624452,0.11710108,0.17106302,0.16371053,0.12747929,0.15181963,0.15927045,0.10657896,0.16616657,0.14077015,0.16620241,0.122165516,0.13376069,0.10297234,0.15985258,0.13866681,0.12477403,0.109439686,0.15561551,0.18383817,0.14052762,0.111367576,0.13549067,0.112644434,0.19319738,0.11660722,0.17538393,0.14872845,0.18729092,0.10292705,0.156776,0.09993114,0.11626043,0.116735205,0.14001836,0.15659793,0.12794374,0.12273406,0.12240241,0.12789205,0.13345577,0.113452345,0.13261592,0.109078005,0.13100925,0.110899106,0.12088196,0.14052466,0.14014435,0.12732641,0.14236711,0.13473856,0.18916458,0.11232316,0.18859714,0.13733628,0.13486494,0.14112855,0.14811772,0.12287481,0.16360785,0.1122009,0.14846121,0.12641941,0.15823975,0.10135926,0.15812652,1,tachypnea_fast,fast_breathing_01
0.3421265,0.23258673,0.6798267,0.03151439,0.47336105,1.3288876,0.1813423,0.35081288,0.51692027,0.19129898,0.6805556,0.40039062,24.023438,0.52114236,0.4788576,0.65173197,0.87828654,0.13619216,0.13527593,0.13159458,0.14521983,0.14511737,0.1307723,0.13090812,0.13965233,0.17543046,0.12616082,0.1039352,0.12960331,0.16233851,0.11871621,0.123571575,0.119251646,0.11810675,0.17875394,0.11592626,0.15947573,0.13922755,0.16835576,0.12787455,0.13586618,0.08703139,0.12756942,0.14126661,0.14375494,0.14097662,0.14544074,0.14788534,0.12617025,0.12008413,0.14631121,0.116544925,0.12547468,0.09998795,0.14478794,0.121714376,0.13227336,0.14961386,0.14507622,0.13007444,0.14532855,0.12059701,0.1635246,0.11573168,0.17135423,0.16540065,0.1289872,0.15782866,0.1581471,0.10447425,0.16842252,0.14288339,0.16701236,0.13155758,0.13234608,0.10472428,0.15471944,0.14643466,0.13790067,0.10629827,0.15646282,0.18223354,0.14028727,0.114246346,0.14845929,0.11414281,0.19151078,0.12574634,0.17455988,0.14824314,0.1843481,0.10247819,0.15588363,0.092716284,0.113310836,0.118261404,0.13816655,0.15465488,0.13115108,0.12623882,0.12200267,0.12713183,0.13369557,0.113337204,0.13307314,0.10958273,0.13125572,0.10986002,0.115626946,0.139208,0.1381516,0.13132471,0.13967463,0.13561426,0.191157,0.11393957,0.18827228,0.13695134,0.13905145,0.13883458,0.13602518,0.12562333,0.1622816,0.10955566,0.1476248,0.11585995,0.15701824,0.101890326,0.15649141,1,tachypnea_fast,fast_breathing_01
0.3461861,0.2255223,0.65144813,0.031232333,0.49409568,1.3507636,0.17960018,0.3490655,0.51451707,0.18424985,0.625,0.40039062,24.023438,0.4967331,0.50326693,0.69970244,0.8931322,0.1367119,0.13506411,0.1311808,0.14551711,0.14644201,0.13255636,0.1287698,0.1393365,0.1747896,0.12987548,0.103317596,0.129139,0.16136599,0.1136063,0.12345157,0.12552719,0.119371265,0.17751701,0.12500997,0.15798129,0.13630237,0.16866687,0.12659802,0.13488042,0.08983831,0.12514238,0.14907485,0.1425172,0.13533933,0.1459368,0.14885095,0.12492655,0.11887955,0.14518218,0.11474839,0.12548006,0.10181573,0.1461661,0.12097559,0.13067225,0.1482841,0.14344543,0.13170755,0.14556763,0.119666405,0.16100933,0.11581172,0.17036377,0.16481693,0.13302918,0.16175729,0.15104727,0.107294045,0.17155574,0.14326173,0.17087145,0.12965266,0.13025211,0.10455882,0.1532615,0.1499156,0.14459729,0.106643155,0.1539497,0.17538096,0.14473121,0.11600882,0.156882,0.11690013,0.18804713,0.1304721,0.16860476,0.15161322,0.18327457,0.103267595,0.158215,0.104193255,0.10907865,0.12210268,0.13679586,0.15311389,0.1332894,0.12929715,0.12801091,0.12722176,0.13537209,0.1151034,0.12897822,0.11907075,0.13078208,0.110715196,0.1067167,0.13650493,0.13532418,0.12922442,0.13109888,0.12929292,0.19106619,0.110129446,0.1914362,0.13937086,0.14201982,0.13917942,0.13209449,0.12304708,0.16054496,0.105891846,0.15255848,0.119001016,0.15445435,0.10795809,0.1438178,1,tachypnea_fast,fast_breathing_01
0.35491973,0.19731596,0.5559453,0.03016778,0.5096675,1.3944057,0.19304352,0.37535203,0.51429987,0.19216754,0.5416667,0.40039062,24.023438,0.5744503,0.42554972,0.55434173,0.8981121,0.13547763,0.13508286,0.13144442,0.14673047,0.14703058,0.13305886,0.12782674,0.1388947,0.17120522,0.12817971,0.10139544,0.12776773,0.15676102,0.11225429,0.12566839,0.12954247,0.119688086,0.17261249,0.12476144,0.14906687,0.14230603,0.16467248,0.12439036,0.13056684,0.10451635,0.11959744,0.15224275,0.14301643,0.13482912,0.14430535,0.14701556,0.13063248,0.11582648,0.14446545,0.113936886,0.12344798,0.11342914,0.14386143,0.12195057,0.12865171,0.14938502,0.14488308,0.13894919,0.13925608,0.11881662,0.16070871,0.11150105,0.17790782,0.17107137,0.13326411,0.16118509,0.14791071,0.108064674,0.17064816,0.14389041,0.18195263,0.1281035,0.13195828,0.10243147,0.14910784,0.15047726,0.1483492,0.100950964,0.16114673,0.17326477,0.14119142,0.116000496,0.15742166,0.11628472,0.1866984,0.13768308,0.16617873,0.15575011,0.18325019,0.10450528,0.15828641,0.10615383,0.10849664,0.12832598,0.13873596,0.15176952,0.13302353,0.12781632,0.12945087,0.12709413,0.13285649,0.113062024,0.13279018,0.12001861,0.13342288,0.10481888,0.10562113,0.13605726,0.13907413,0.11866554,0.12953037,0.12739348,0.19165748,0.1096356,0.19321853,0.144536,0.14096051,0.13725038,0.12862556,0.121049665,0.15871522,0.104542844,0.1520396,0.11741006,0.15451382,0.11192997,0.14083907,1,tachypnea_fast,fast_breathing_01
0.36824816,0.19224581,0.52205503,0.02919772,0.52770793,1.4059842,0.17690746,0.3887651,0.45504975,0.18476236,0.7083333,0.390625,23.4375,0.5560607,0.44393933,0.5868778,0.9090858,0.13482122,0.135564,0.13125382,0.14706181,0.14700915,0.13651073,0.12537403,0.13713294,0.16778035,0.12271243,0.09898838,0.13255697,0.16159803,0.10878687,0.13096708,0.12653175,0.11585669,0.1730214,0.1200699,0.14259033,0.15121564,0.15927503,0.12190353,0.12699844,0.10224345,0.1260956,0.14759806,0.15215613,0.13559662,0.14725211,0.14455734,0.13765731,0.116450876,0.14454754,0.11041496,0.12741856,0.114607245,0.13870122,0.11859339,0.1270555,0.15232499,0.14966306,0.1395191,0.13567904,0.12217089,0.15662,0.1135318,0.17846066,0.17889704,0.1261638,0.15912265,0.14654791,0.10871379,0.16570336,0.1438767,0.18003975,0.12744601,0.14051308,0.109512776,0.14680599,0.15075302,0.1470843,0.09497279,0.1613791,0.1650201,0.14604613,0.11936201,0.16195999,0.11013928,0.18177496,0.14347851,0.16695856,0.16219015,0.1898988,0.10204146,0.1635509,0.1311634,0.11233898,0.13753016,0.1401117,0.15614799,0.13709532,0.12918057,0.12177541,0.11929508,0.13450977,0.115926474,0.13466628,0.122898005,0.13887368,0.102616,0.100625925,0.12422644,0.13721831,0.11360821,0.12208631,0.118457034,0.1961624,0.10249738,0.19128993,0.1483078,0.14396274,0.13431852,0.12380559,0.11667492,0.15066643,0.09578125,0.15409987,0.11452904,0.15252456,0.12561241,0.13115516,1,tachypnea_fast,fast_breathing_01
0.35743278,0.21952975,0.6141847,0.029805617,0.46713164,1.4415275,0.18758562,0.33974344,0.55213904,0.18304326,0.6805556,0.40039062,24.023438,0.41485944,0.5851406,0.8798155,0.91864324,0.1347689,0.14038299,0.13116106,0.14274876,0.14696132,0.13386294,0.12462626,0.1385571,0.16591722,0.11653702,0.10448998,0.1240968,0.15805928,0.109806366,0.13502605,0.13344088,0.10399245,0.1723337,0.12476569,0.149686,0.15384421,0.16943663,0.11911473,0.13453764,0.10966833,0.1456942,0.14750245,0.15478203,0.14689544,0.15337454,0.14453153,0.13506638,0.1164022,0.14797279,0.11309369,0.13315253,0.108630806,0.14956617,0.11888797,0.12699088,0.14918882,0.14582443,0.1396279,0.13125208,0.119816855,0.15804906,0.11101257,0.16578326,0.18216059,0.1226345,0.1543273,0.13500102,0.10619691,0.15493998,0.13040285,0.1731634,0.12470799,0.14450301,0.12450222,0.13741094,0.14507048,0.14687754,0.08313773,0.16806853,0.18044941,0.14288022,0.11552925,0.1635796,0.106008396,0.1807881,0.14372186,0.15761477,0.17677125,0.19338238,0.086342946,0.15002593,0.13777684,0.11514987,0.13481843,0.14998846,0.15490101,0.13449499,0.12155392,0.1156051,0.11664298,0.12953538,0.11711431,0.13849853,0.12298278,0.14659719,0.091471404,0.09387413,0.124604575,0.14177221,0.112874694,0.116907276,0.120186314,0.19632012,0.09693779,0.19903141,0.13978519,0.1460488,0.13773601,0.1271269,0.118659414,0.15036882,0.10668203,0.15506054,0.11567519,0.15574262,0.12076656,0.12855886,1,tachypnea_fast,fast_breathing_01
0.34225917,0.203673,0.59508413,0.029554412,0.36730793,1.4552794,0.18346125,0.3416189,0.5370348,0.19370833,0.6388889,0.41015625,24.609375,0.44250757,0.55749243,0.8152977,0.91234726,0.13344955,0.14029674,0.13313492,0.14158244,0.14843425,0.1383631,0.122183375,0.13315992,0.15433694,0.11727194,0.10144686,0.12218829,0.16198733,0.110119514,0.12580784,0.13855033,0.100204095,0.1691913,0.12490651,0.14629918,0.16253412,0.1791046,0.10503368,0.12557597,0.12073223,0.1516186,0.14544447,0.15794884,0.15073603,0.1438237,0.1415936,0.13495293,0.11752939,0.14976366,0.118546024,0.138459,0.109674126,0.16430043,0.120612636,0.121444985,0.15217571,0.14423628,0.14318033,0.1254915,0.12457648,0.16312213,0.104934335,0.16796945,0.1726457,0.121965766,0.15285832,0.12844649,0.10954798,0.15829918,0.12692009,0.1747331,0.12586737,0.14921607,0.122047424,0.1300549,0.14501496,0.14355819,0.10185386,0.15912805,0.19148119,0.14659615,0.12105484,0.16621134,0.084822156,0.17946708,0.15414914,0.15744016,0.17886823,0.20119347,0.087343015,0.14893332,0.16125935,0.13595976,0.13488778,0.15091847,0.16834429,0.1480911,0.11661054,0.09881895,0.11808988,0.12827037,0.117391944,0.13921614,0.11197282,0.15533584,0.0842219,0.09606805,0.12501149,0.13753134,0.11285216,0.11089045,0.10875616,0.19705626,0.09207929,0.1923293,0.13730265,0.14732528,0.13481048,0.12135349,0.11177742,0.12626031,0.094131865,0.14697303,0.11210212,0.15515918,0.12807341,0.12348034,1,tachypnea_fast,fast_breathing_01
0.3424589,0.24401966,0.71255165,0.031827793,0.36232895,1.448375,0.20156412,0.34949374,0.5767317,0.18703714,0.7083333,0.41992188,25.195312,0.42136016,0.57863986,0.8642673,0.92202485,0.1350326,0.1408253,0.1323091,0.14062703,0.14517367,0.1395515,0.12524378,0.13177352,0.14716834,0.11672562,0.113723606,0.12936528,0.17004359,0.110509716,0.12856404,0.13773562,0.09656147,0.16743588,0.13245313,0.14259006,0.1625474,0.17808293,0.10593807,0.12260217,0.12702312,0.15204322,0.14370027,0.16187528,0.15621369,0.1448662,0.13992745,0.13351083,0.117276266,0.14766951,0.11753101,0.13769256,0.10911453,0.16437848,0.12136745,0.117374875,0.15275389,0.14244853,0.14192748,0.12357537,0.12207392,0.16034295,0.109437265,0.16645822,0.16389894,0.122604646,0.15478751,0.12619297,0.106693015,0.1534195,0.1256791,0.17676431,0.1270804,0.14993708,0.1257339,0.1289018,0.13796769,0.14807287,0.11075703,0.15531,0.18331447,0.15154906,0.10164357,0.16541931,0.08191308,0.17322692,0.15537971,0.1471645,0.17553943,0.20455693,0.08638533,0.13618219,0.18720879,0.14145328,0.132887,0.1466419,0.16079769,0.13774139,0.11389062,0.09668862,0.13572043,0.13401544,0.12523973,0.13970087,0.1171391,0.16273524,0.08952252,0.094485804,0.1393217,0.13196623,0.12201596,0.10497321,0.1118019,0.20071624,0.08855065,0.19436997,0.13408068,0.13445382,0.12447524,0.118170954,0.11119633,0.122755036,0.09669985,0.16080108,0.112948954,0.1579858,0.12767814,0.11743978,1,tachypnea_fast,fast_breathing_01
0.3633292,0.22645983,0.623291,0.031763278,0.4789747,1.5014017,0.1744327,0.40338323,0.43242428,0.21210742,0.6388889,0.41992188,25.195312,0.44582918,0.5541708,0.80781937,0.9073398,0.13194999,0.14167173,0.13424207,0.14143895,0.14279257,0.13763334,0.12809856,0.1340133,0.14598842,0.11525813,0.117139585,0.12741703,0.1590822,0.11304744,0.12264813,0.13726228,0.097578615,0.16116254,0.13257769,0.13234065,0.15384708,0.17514953,0.113382116,0.12346507,0.14310093,0.1542092,0.13792986,0.15982898,0.14660475,0.13754965,0.13565142,0.13154821,0.13231722,0.15099566,0.12249488,0.13621242,0.1185042,0.16117606,0.12453619,0.11834913,0.16003253,0.13779745,0.14538956,0.12428907,0.12013961,0.16194986,0.11427609,0.16706328,0.17077017,0.10374131,0.14894828,0.12111016,0.10836277,0.14956424,0.13728666,0.18697894,0.12993237,0.15158905,0.13614176,0.1272173,0.13181886,0.14804055,0.11605491,0.16060963,0.16825491,0.1579425,0.098831035,0.16094579,0.08497058,0.17093773,0.15130644,0.14537697,0.16121352,0.19987865,0.079646245,0.13468242,0.20408244,0.13067046,0.13368157,0.14452046,0.15330094,0.12947258,0.11512072,0.097598106,0.13237253,0.13420631,0.1290272,0.14039594,0.121113144,0.16091815,0.091703035,0.09001877,0.13733259,0.14211161,0.131634,0.118790574,0.112616524,0.19959287,0.09002688,0.19836187,0.12675838,0.12445943,0.12293331,0.11336369,0.120542765,0.12233353,0.117629044,0.16687569,0.112662666,0.15716515,0.12770246,0.13138486,1,tachypnea_fast,fast_breathing_01
0.3669611,0.22747165,0.6198795,0.03562031,0.5124687,1.5014017,0.22815268,0.3720834,0.61317617,0.15920676,0.6666667,0.4296875,25.78125,0.44370246,0.55629754,0.8126011,0.90769297,0.12910973,0.1407502,0.13681248,0.1422604,0.1408268,0.1374168,0.13080865,0.13629685,0.14345686,0.116195664,0.11774602,0.13118666,0.14318435,0.110498436,0.12209569,0.13889468,0.09845884,0.1629291,0.12582451,0.12957421,0.1383815,0.17545097,0.107131146,0.12879512,0.15133463,0.15056281,0.13687381,0.1612841,0.14131232,0.1270931,0.13486236,0.13667378,0.1279372,0.15044121,0.122911304,0.13933773,0.122269966,0.1637462,0.12691554,0.115506195,0.1606681,0.14199539,0.15087806,0.13094215,0.12205967,0.16514628,0.11618552,0.17091557,0.16907446,0.093360856,0.14738485,0.111929685,0.11720752,0.15221441,0.14774747,0.19013989,0.12951209,0.15274028,0.13747418,0.12968399,0.13991667,0.14616893,0.1097424,0.16406824,0.15540464,0.16575901,0.096743315,0.16208622,0.10427124,0.15499309,0.15288676,0.1311655,0.1475424,0.1856924,0.113239266,0.1253396,0.20879667,0.12794682,0.1263126,0.13765828,0.12959439,0.12167505,0.1308753,0.09146156,0.15107207,0.13675441,0.1352374,0.13018937,0.13514452,0.14789543,0.10581147,0.08898761,0.14166696,0.13998516,0.1376321,0.12180138,0.11974525,0.18759601,0.10881987,0.19235274,0.14231165,0.10207509,0.11634837,0.113670446,0.12154572,0.12007959,0.13560474,0.18144318,0.120040156,0.15182292,0.13750239,0.1370621,1,tachypnea_fast,fast_breathing_01
0.38051635,0.20862037,0.5482559,0.03680466,0.5435349,1.5194373,0.24577685,0.41501895,0.5922063,0.17483652,0.7083333,0.45898438,27.539062,0.43959185,0.5604081,0.82190853,0.90602535,0.13351397,0.14100069,0.13570203,0.13982676,0.1374698,0.13737068,0.13309553,0.13779481,0.14625989,0.12545228,0.11501003,0.14447404,0.14964826,0.12151339,0.12383854,0.15236574,0.10570327,0.15499678,0.14031315,0.124571405,0.1315348,0.17134696,0.12694524,0.12576912,0.15750615,0.14444959,0.13311079,0.15663587,0.13501646,0.123281576,0.14460605,0.12842745,0.13777673,0.1481369,0.124751225,0.12903324,0.13042238,0.15808704,0.12954685,0.10181165,0.15649275,0.14234982,0.1501399,0.12807071,0.12461534,0.1631335,0.1256719,0.16693711,0.16351439,0.101666264,0.13547447,0.109184176,0.11363375,0.14666924,0.14561059,0.189164,0.12883346,0.14895035,0.13786583,0.13024418,0.13887863,0.14184101,0.106672086,0.16090742,0.15250047,0.1639048,0.09541116,0.16136208,0.10806002,0.14855169,0.14602323,0.12206525,0.1409295,0.18239732,0.11774686,0.1258128,0.2085983,0.1287629,0.12533432,0.14037229,0.122544475,0.117053345,0.13411048,0.095101506,0.15215692,0.1358272,0.13465455,0.13026272,0.1370328,0.1460861,0.10827708,0.08941427,0.14108036,0.14882211,0.14043297,0.13608678,0.11939552,0.18730536,0.11139132,0.1900068,0.1452588,0.09555707,0.11334168,0.11294817,0.123686135,0.12393827,0.14795318,0.18032598,0.121041015,0.14944014,0.14030245,0.14753279,1,tachypnea_fast,fast_breathing_01
0.3824052,0.2474629,0.6471222,0.041209023,0.5353724,1.5491874,0.245887,0.45897874,0.5357263,0.19140662,0.7083333,0.46875,28.125,0.37026915,0.6297308,0.9935251,0.8974143,0.13364978,0.14170447,0.13577314,0.13892302,0.13910916,0.13818039,0.13234773,0.13705762,0.13928948,0.12665969,0.113045044,0.14476065,0.15838638,0.12347942,0.12216724,0.15467666,0.10794141,0.14566615,0.14541642,0.12138825,0.13457045,0.17084406,0.13443412,0.12350355,0.15925677,0.14514789,0.13434565,0.15826763,0.13475148,0.12310387,0.14395978,0.12482178,0.14055711,0.14916438,0.12534738,0.12157375,0.1347569,0.156795,0.12994806,0.09620668,0.1558379,0.14587045,0.14876218,0.1295942,0.12531926,0.16624884,0.12879011,0.16330528,0.15906055,0.10682523,0.12933601,0.10782905,0.11057779,0.1468174,0.14704433,0.1855918,0.12880938,0.14839862,0.13890234,0.13350135,0.14866811,0.14339034,0.105931565,0.16153392,0.15503088,0.1613185,0.10175678,0.1674579,0.11804257,0.14045483,0.15015219,0.11902744,0.13565409,0.1758107,0.13299392,0.122605674,0.20040873,0.12740445,0.12198452,0.13474403,0.11046234,0.12384676,0.15817562,0.09265868,0.1627752,0.13247438,0.12903,0.125373,0.13331878,0.13950898,0.11511977,0.0885591,0.13703173,0.1513747,0.13896534,0.14250003,0.12621431,0.17897932,0.11454554,0.1825707,0.14710346,0.09641993,0.10547323,0.12347041,0.121877864,0.123735555,0.1470715,0.174999,0.12656449,0.1438022,0.14051116,0.14814956,1,tachypnea_fast,fast_breathing_01
0.38990083,0.3296971,0.84559214,0.040077236,0.5622015,1.618033,0.2149776,0.51765066,0.41529477,0.26481354,0.5416667,0.48828125,29.296875,0.49187747,0.50812256,0.70952564,0.89627975,0.1351644,0.14272997,0.135069,0.13793284,0.1393576,0.13934186,0.13189498,0.13664772,0.14275084,0.12929593,0.11501147,0.14294396,0.15766552,0.12404043,0.124632746,0.15909077,0.11700641,0.13507338,0.14944579,0.12746716,0.13271272,0.16782251,0.13803536,0.12363723,0.15515186,0.14471596,0.13273463,0.15326734,0.12851915,0.13266802,0.16756433,0.12269806,0.146811,0.1418641,0.122553684,0.12007054,0.13099238,0.15418886,0.1287275,0.09806651,0.15254252,0.14738111,0.14666857,0.13670886,0.1324163,0.15852717,0.12705308,0.15347089,0.15915224,0.10864401,0.12591344,0.11850667,0.11120804,0.14627229,0.14683853,0.1770358,0.12960608,0.14408183,0.13773412,0.134663,0.15029384,0.14066997,0.11034296,0.15709583,0.16045783,0.15886718,0.10338082,0.16768858,0.12067877,0.13697968,0.15579483,0.11383268,0.13556574,0.17496163,0.14005837,0.12491894,0.19691214,0.13040604,0.12381229,0.1347634,0.11050707,0.12695953,0.1623958,0.09364217,0.16253313,0.12957378,0.12737699,0.12140155,0.13171043,0.13933718,0.11203409,0.08883462,0.1361678,0.15212457,0.1391575,0.14885494,0.12402919,0.17571814,0.11788773,0.17828174,0.14438196,0.10572201,0.1060052,0.123281725,0.118900254,0.12431568,0.15084392,0.17015974,0.1257499,0.13990839,0.13835311,0.15051667,1,tachypnea_fast,fast_breathing_01
0.40199265,0.2826723,0.70317775,0.040563237,0.58787024,1.6117989,0.24602486,0.5111805,0.4812876,0.25870064,0.5,0.38085938,22.851562,0.5814211,0.4185789,0.54228,0.9011972,0.13566543,0.14309907,0.13484001,0.13737284,0.13999507,0.14023863,0.13133208,0.1364209,0.14445011,0.12810674,0.11683351,0.13982135,0.15823817,0.12522049,0.12523805,0.16139507,0.12131966,0.13078833,0.15666744,0.12508191,0.13048974,0.16590416,0.14126539,0.12672631,0.15277556,0.1449746,0.13372657,0.15031499,0.12402734,0.13729163,0.17826389,0.122477345,0.14737514,0.13516489,0.12392702,0.119444005,0.1299048,0.15290573,0.12298495,0.09783072,0.15018004,0.14731084,0.14952794,0.14138612,0.13065709,0.15347739,0.13338345,0.14774853,0.15959308,0.11563409,0.12647398,0.11970733,0.109738365,0.14485669,0.14844854,0.1712947,0.1272088,0.1424673,0.13577728,0.13689825,0.1552202,0.13891631,0.11868094,0.1536971,0.1588449,0.15648603,0.106352806,0.16778886,0.12304758,0.13333707,0.15592688,0.1189656,0.13267165,0.17346206,0.14115246,0.12689997,0.1925359,0.13146657,0.12029393,0.1325439,0.111896545,0.13373846,0.17155594,0.09470087,0.16451617,0.12833932,0.12404487,0.120169654,0.12811866,0.13752949,0.11261161,0.093343906,0.13555293,0.15066557,0.13617693,0.15483052,0.13119489,0.16811432,0.11496372,0.17276478,0.14525639,0.10541224,0.10471834,0.12980461,0.11740752,0.13171387,0.15167542,0.16696736,0.13066426,0.13330284,0.1371746,0.14660956,1,tachypnea_fast,fast_breathing_01
0.4016033,0.2784471,0.69333863,0.041004434,0.5821515,1.6117989,0.2157229,0.5335718,0.40429968,0.27988842,0.6111111,0.38085938,22.851562,0.5867873,0.41321272,0.53309286,0.914445,0.13527115,0.14297032,0.1347044,0.13812692,0.13970092,0.14080292,0.13185559,0.13596651,0.14252336,0.12699153,0.12217481,0.13901363,0.15755342,0.12359912,0.12442324,0.16101709,0.12116412,0.13028489,0.15669829,0.123924024,0.12915735,0.16716169,0.14097658,0.12738569,0.15243828,0.14452004,0.13087147,0.14962856,0.12443098,0.13882576,0.1787362,0.122014455,0.14734972,0.13427487,0.123685665,0.11818143,0.12995134,0.14865877,0.12116386,0.09910516,0.14979559,0.1460076,0.1494145,0.14359346,0.13470379,0.15211351,0.13478254,0.14803082,0.16035669,0.11563545,0.12606817,0.122432105,0.10978494,0.14879535,0.14918518,0.1699532,0.13149643,0.14148223,0.13573088,0.13669857,0.15488419,0.1387048,0.12422423,0.15030421,0.15810205,0.15377507,0.1072442,0.16773309,0.12317227,0.13059536,0.1584789,0.12092396,0.12796961,0.17383555,0.1407883,0.12856925,0.19020866,0.13184825,0.11993348,0.13212265,0.11128577,0.13709426,0.17599517,0.09467835,0.16476265,0.12931558,0.12505159,0.121141195,0.1279281,0.13733925,0.1123411,0.09368339,0.13597876,0.15000317,0.1359576,0.15783507,0.13211873,0.1648897,0.11985499,0.16839896,0.14662293,0.10840467,0.1060409,0.13112439,0.11636407,0.13121407,0.15398172,0.16475904,0.12987712,0.1318774,0.136169,0.14273043,1,tachypnea_fast,fast_breathing_01
0.4008076,0.2933596,0.7319213,0.040649805,0.57324475,1.6117989,0.23591019,0.500965,0.47091153,0.25561568,0.6388889,0.38085938,22.851562,0.57485974,0.4251403,0.5536292,0.9212356,0.13410929,0.14358175,0.13488188,0.13855909,0.14002982,0.14111777,0.13189194,0.1353123,0.13673803,0.12667783,0.124821395,0.1364565,0.15731326,0.11639298,0.12627077,0.16036843,0.12079945,0.129925,0.15680712,0.1232514,0.12759866,0.16774814,0.140617,0.1298661,0.15130286,0.14518918,0.13065183,0.15003988,0.12478159,0.14019468,0.17921391,0.12205272,0.14756583,0.13733898,0.124096714,0.118506216,0.12958156,0.14665319,0.12183389,0.09986742,0.15019965,0.1448273,0.14875208,0.1458629,0.13547456,0.1515874,0.13622154,0.14642683,0.1624483,0.11758842,0.12572765,0.12584165,0.11109262,0.14839391,0.15121695,0.16875798,0.13244045,0.1408025,0.13574472,0.13478613,0.15698785,0.13934603,0.12987532,0.14976096,0.15709382,0.15320413,0.10725599,0.16815428,0.123333156,0.12797505,0.15860361,0.12221084,0.12658651,0.17358027,0.1417914,0.12794597,0.19107567,0.13281281,0.116458654,0.13280566,0.11212117,0.1383621,0.17752048,0.093912125,0.16574048,0.13040426,0.12494675,0.121751934,0.1279606,0.13522165,0.10887812,0.0938292,0.13650192,0.15109171,0.13656472,0.1586942,0.13525473,0.16208968,0.121810086,0.1676394,0.14692399,0.10971222,0.10631134,0.131523,0.11699134,0.12867077,0.15329461,0.15842298,0.13155834,0.12864903,0.13571258,0.14365037,1,tachypnea_fast,fast_breathing_01
0.39711344,0.2534357,0.63819474,0.040541045,0.55325717,1.6381471,0.19946735,0.53831434,0.37054065,0.27766716,0.625,0.38085938,22.851562,0.49766982,0.5023302,0.6978184,0.91543245,0.13478757,0.1437307,0.13481064,0.13797233,0.13975798,0.14194332,0.1314102,0.13532904,0.13799569,0.12790674,0.1265684,0.13688868,0.1565322,0.11798086,0.127632,0.1596637,0.12165383,0.13068154,0.15827364,0.123255104,0.12720601,0.1675785,0.14043796,0.1308346,0.15193462,0.14533538,0.12829791,0.15101036,0.12576048,0.1406641,0.17969923,0.12324393,0.14793815,0.13576394,0.1236927,0.11894899,0.12901703,0.14578024,0.116729684,0.10008923,0.15063076,0.14683461,0.15089701,0.14537597,0.13613512,0.1518567,0.13655022,0.14742848,0.16353755,0.12181109,0.12636541,0.12639427,0.11233199,0.14223476,0.14986147,0.16096485,0.13201436,0.14105095,0.13470033,0.13494475,0.15573691,0.13821353,0.13323952,0.14909117,0.15597314,0.14889508,0.10914464,0.1677474,0.123875946,0.12586005,0.15930253,0.12183686,0.12793688,0.17298928,0.14308752,0.13121198,0.19182856,0.13363922,0.11615169,0.1334265,0.11233381,0.13882099,0.17704381,0.09419822,0.16599815,0.13453338,0.12604877,0.12259731,0.1291781,0.12920956,0.110133566,0.092487276,0.13602965,0.14895396,0.13588786,0.15876137,0.1348752,0.1605348,0.123635136,0.16921155,0.1479703,0.11161288,0.107466474,0.13340577,0.11851097,0.12051542,0.15417969,0.15919934,0.13110276,0.124069765,0.13627583,0.14575684,1,tachypnea_fast,fast_breathing_01
0.39149114,0.2624693,0.6704348,0.0398379,0.52017087,1.6381471,0.21293423,0.5324248,0.39993295,0.28648508,0.7083333,0.38085938,22.851562,0.48762736,0.5123727,0.7182038,0.90310204,0.13718776,0.14307298,0.13344173,0.13751534,0.1383212,0.14209504,0.13121581,0.13717246,0.14257002,0.12960462,0.13168578,0.14077537,0.15674327,0.12591293,0.12791201,0.16311084,0.12491916,0.1274165,0.16028228,0.12382578,0.12868242,0.17210664,0.14298844,0.13378176,0.1535,0.14376377,0.120301604,0.15049434,0.12327394,0.14167304,0.17922385,0.12290838,0.14865859,0.1272743,0.123243526,0.1231654,0.13521051,0.13315186,0.11448209,0.09803299,0.1481176,0.14250445,0.15125924,0.14231446,0.13737273,0.14888814,0.13699952,0.1523386,0.16458914,0.12391544,0.12919319,0.13223298,0.11197275,0.12889157,0.14963354,0.15894331,0.12682451,0.13749962,0.13543306,0.1362317,0.15680388,0.1380545,0.13425171,0.1505538,0.15058415,0.14707036,0.11412279,0.16371213,0.12746343,0.11049077,0.15941231,0.118973285,0.12668256,0.16625287,0.14517425,0.1340511,0.192749,0.1338381,0.121879175,0.124028035,0.11656082,0.13720821,0.1752896,0.09708902,0.16543174,0.13768366,0.12777919,0.121179044,0.1255405,0.12973475,0.112664364,0.09697184,0.13173383,0.14942557,0.14075913,0.15994745,0.13055155,0.15329526,0.12622303,0.16749686,0.14984013,0.12032733,0.10252348,0.13569179,0.12231613,0.12387908,0.15951407,0.16183972,0.13060461,0.11811435,0.13843806,0.15265633,1,tachypnea_fast,fast_breathing_01
0.37578,0.25106815,0.6681254,0.03971821,0.4953858,1.6315743,0.2104994,0.52517647,0.4008165,0.30021867,0.6805556,0.38085938,22.851562,0.47706765,0.52293235,0.740097,0.8914302,0.1378354,0.14199138,0.13215373,0.13914539,0.13950476,0.14112228,0.13114023,0.13705814,0.14847155,0.13392264,0.136731,0.14615892,0.15530214,0.13297793,0.1307585,0.16505077,0.12940183,0.10817694,0.16115502,0.118649505,0.12510349,0.16739315,0.14828353,0.13453695,0.15740652,0.14323485,0.11778976,0.13440248,0.12305903,0.14246728,0.17867011,0.121759005,0.15232572,0.12455947,0.12478598,0.12545763,0.1375348,0.12537092,0.11692832,0.105174,0.1372581,0.13587621,0.15524907,0.14135881,0.1339774,0.138144,0.14088339,0.14841662,0.16518497,0.13067931,0.122927316,0.1393839,0.11386703,0.1328943,0.15593106,0.15981914,0.12446376,0.13151695,0.14001217,0.14379357,0.15858029,0.14092825,0.1340942,0.15054545,0.14935884,0.1527208,0.11980172,0.16530426,0.13171448,0.10570805,0.15854432,0.120343104,0.12591824,0.16223899,0.14643426,0.1383832,0.19170286,0.13147137,0.121132895,0.12112307,0.11649673,0.13602059,0.1748526,0.0972484,0.16315593,0.13432884,0.12976101,0.12010659,0.12600642,0.12468836,0.11797443,0.09693816,0.12938197,0.14810775,0.14238383,0.15943435,0.13040964,0.15110257,0.12852791,0.16809316,0.14997451,0.12107352,0.10031696,0.13879296,0.12484697,0.12235219,0.16145295,0.16106974,0.12814829,0.11534659,0.13850926,0.15177864,1,tachypnea_fast,fast_breathing_01
0.37161112,0.26474407,0.7124223,0.040989004,0.44382748,1.6678056,0.19992337,0.5550843,0.36016756,0.35537216,0.6527778,0.38085938,22.851562,0.42594078,0.57405925,0.85345495,0.89866924,0.14022705,0.14075865,0.13210754,0.13812813,0.13984782,0.13961226,0.13091768,0.13813888,0.1507087,0.14579816,0.13637373,0.1452178,0.15653586,0.1386712,0.13338593,0.17028835,0.13404219,0.10564164,0.16005348,0.12012957,0.12610495,0.15766247,0.14931725,0.13544309,0.15773247,0.1439246,0.11827679,0.12822987,0.12197131,0.1418126,0.17820221,0.120313756,0.15244302,0.124533005,0.12769562,0.12489758,0.13621818,0.12443688,0.12260879,0.10573087,0.13343388,0.13414738,0.15363257,0.14379497,0.13299784,0.13543703,0.14236641,0.14734998,0.1592277,0.13039723,0.11381782,0.14023185,0.11738439,0.13263702,0.15562181,0.15851064,0.12397823,0.13024384,0.14195465,0.14431062,0.15951604,0.1444514,0.13880959,0.14734371,0.14866452,0.15563452,0.12253402,0.16636239,0.13565215,0.097306475,0.1564528,0.120452374,0.12484169,0.16091901,0.14729139,0.13698106,0.19191808,0.13071871,0.12048713,0.10951233,0.116071075,0.13471793,0.17339331,0.09421009,0.16397826,0.13476098,0.12904474,0.1173563,0.12618843,0.12238898,0.12352015,0.10257015,0.12087279,0.14619836,0.15134086,0.16036126,0.12916322,0.14249662,0.13042814,0.16259566,0.15030104,0.12162731,0.09933357,0.1448748,0.12674849,0.1256445,0.16782635,0.15711808,0.1293937,0.11373102,0.14113812,0.15547277,1,tachypnea_fast,fast_breathing_01
0.377346,0.24796273,0.65712297,0.040953074,0.48314795,1.6314808,0.21146676,0.5079057,0.4163504,0.29208598,0.6805556,0.38085938,22.851562,0.38363814,0.61636186,0.9580555,0.886113,0.14079262,0.1401678,0.13213786,0.13806441,0.1406052,0.1389286,0.13155234,0.13746974,0.14839812,0.15160368,0.14224271,0.14142738,0.15390906,0.13957298,0.13037372,0.17159356,0.13422355,0.10718103,0.15711148,0.12344244,0.12922442,0.1637796,0.14892915,0.13471942,0.157425,0.1469959,0.11679834,0.1262597,0.12024483,0.13692424,0.17422691,0.118988924,0.15288799,0.124001466,0.1258133,0.12862436,0.13700968,0.124705434,0.12614189,0.10491765,0.13283448,0.13619445,0.15675849,0.14345154,0.13002165,0.13032745,0.14099188,0.14632088,0.15761511,0.12861024,0.11478582,0.14345919,0.11528634,0.13095939,0.1566816,0.1573492,0.12307748,0.1271953,0.14697829,0.14651845,0.15960112,0.14351565,0.14033514,0.14523432,0.15212516,0.15660207,0.12810726,0.16237134,0.13891819,0.09875346,0.15555033,0.12209242,0.12466105,0.1586168,0.1469637,0.13754596,0.19081426,0.12846974,0.121490195,0.10873903,0.116071574,0.13314384,0.17320384,0.09354963,0.16306922,0.13439417,0.13015226,0.11641053,0.12608215,0.12292793,0.12640412,0.10199201,0.120885074,0.14752455,0.1523281,0.16406535,0.13009298,0.1406444,0.13067086,0.16188318,0.14869,0.121426575,0.09615802,0.14506501,0.12733005,0.124263994,0.16941412,0.15699482,0.12793471,0.11308747,0.14064723,0.15421152,1,tachypnea_fast,fast_breathing_01
0.38361984,0.23024553,0.6001919,0.039024282,0.5369406,1.57394,0.19680497,0.5160198,0.3813903,0.28877696,0.6388889,0.38085938,22.851562,0.4197432,0.5802568,0.8681122,0.87616986,0.14023404,0.13990983,0.13345829,0.137496,0.13955152,0.14012952,0.1315262,0.13752991,0.14685382,0.14936286,0.14341134,0.14071824,0.15364523,0.13742536,0.13002633,0.17022647,0.13262501,0.11136995,0.15568428,0.122438066,0.12925549,0.16527042,0.15136448,0.13400035,0.1557106,0.14582707,0.11580784,0.12775384,0.12076856,0.13597979,0.17371903,0.11706084,0.15180475,0.12376019,0.12436257,0.13616388,0.14173542,0.12968542,0.12537503,0.10457712,0.13684432,0.13904628,0.15704307,0.14263105,0.12859598,0.128306,0.14059167,0.14566252,0.15822157,0.1286468,0.11283489,0.14348875,0.11398195,0.12659661,0.15570143,0.15909414,0.11666027,0.1268796,0.14974849,0.14993085,0.15634274,0.13812947,0.14399597,0.14481507,0.15226328,0.15706868,0.12876788,0.15613493,0.13849568,0.098705046,0.15153885,0.122288875,0.12562323,0.16081202,0.14821148,0.13876879,0.19082162,0.13048922,0.12216315,0.11342132,0.11969098,0.13172193,0.17202257,0.095617585,0.1637637,0.13417952,0.13042276,0.11420266,0.12595955,0.122520804,0.12730339,0.10296284,0.12132246,0.14917178,0.15270874,0.16444226,0.13107806,0.13824491,0.12950043,0.16178969,0.14898716,0.12499664,0.09256041,0.1462299,0.12374295,0.123785175,0.17182912,0.15666813,0.1277964,0.11473408,0.14187498,0.15289421,1,tachypnea_fast,fast_breathing_01
0.38017768,0.26352882,0.6931728,0.038887616,0.5091321,1.619482,0.21936469,0.5383315,0.40748996,0.3067941,0.6944444,0.38085938,22.851562,0.4303376,0.5696624,0.84318525,0.8805928,0.13918889,0.14076069,0.13431601,0.13695563,0.1394365,0.14037775,0.13227417,0.1371328,0.14575306,0.14660157,0.14301378,0.14117883,0.15319103,0.13750891,0.13067217,0.16795953,0.13164595,0.111658394,0.15013976,0.12123315,0.12889946,0.16397773,0.15517186,0.1335994,0.1536986,0.14579934,0.11010638,0.13368452,0.12569308,0.13959812,0.17431043,0.11695493,0.15171914,0.12557553,0.12501323,0.13549875,0.14398684,0.13159858,0.12532112,0.10978242,0.13801199,0.13891754,0.15500842,0.14212348,0.13140297,0.12825978,0.14118297,0.14497474,0.15794498,0.13306585,0.10611443,0.14340156,0.11187509,0.12333622,0.15515366,0.15678117,0.11556511,0.13199697,0.15016033,0.15005316,0.15521055,0.13594955,0.14352794,0.1447082,0.1533751,0.156417,0.13031386,0.1551163,0.13747124,0.10345816,0.14999318,0.122870795,0.12426268,0.16085683,0.15023191,0.13804048,0.18675414,0.13063675,0.122702114,0.11770138,0.12181068,0.13285458,0.17189535,0.094693445,0.16289954,0.13383338,0.13005228,0.11982578,0.124450676,0.12574449,0.12775993,0.10274847,0.1253559,0.14986719,0.15183708,0.16472727,0.1314199,0.13634658,0.12942857,0.1578515,0.14855486,0.1264088,0.0925126,0.14547217,0.123671554,0.12357975,0.17151216,0.15269741,0.12533891,0.11531429,0.14501262,0.15479961,1,tachypnea_fast,fast_breathing_01
0.3773759,0.25273022,0.66970414,0.03974646,0.5298715,1.5980427,0.1974995,0.52949095,0.37299883,0.2790097,0.6527778,0.3125,18.75,0.42450354,0.5754965,0.85683495,0.88326263,0.14031883,0.14143547,0.13413037,0.13528793,0.1388387,0.14157492,0.13287316,0.1362986,0.14720333,0.15131986,0.1441701,0.14147972,0.1533759,0.13907251,0.13079241,0.16986775,0.13215983,0.11520277,0.15037695,0.12405065,0.125073,0.16637172,0.1577097,0.13435896,0.14658426,0.14815602,0.10596448,0.13641745,0.12791242,0.14199324,0.17681049,0.11546315,0.15320615,0.12771317,0.12604852,0.13879363,0.13891046,0.13654283,0.12685516,0.10852317,0.13877544,0.13634717,0.15136869,0.1435385,0.13082016,0.12485636,0.14231479,0.13388856,0.15365186,0.13375193,0.10657787,0.1432804,0.111941114,0.12341606,0.1545726,0.14510645,0.115657866,0.13106705,0.15555736,0.15027395,0.15441978,0.13672166,0.14350879,0.14024025,0.1538482,0.15714619,0.13071577,0.15453196,0.13730787,0.10399449,0.14657156,0.12669514,0.119201414,0.16011602,0.1537791,0.13577482,0.18489835,0.12905103,0.120874986,0.12575227,0.12864523,0.1379649,0.17417793,0.09322165,0.16377145,0.13244615,0.13046457,0.11796834,0.12451582,0.1313922,0.13078678,0.10781513,0.12622333,0.14650384,0.15117891,0.16492255,0.13198799,0.13341023,0.13018146,0.15499285,0.14320007,0.132163,0.091898255,0.14287087,0.124844916,0.12290526,0.16913143,0.15158002,0.12378131,0.117351525,0.14263913,0.154523,1,tachypnea_fast,fast_breathing_01
0.3769059,0.268915,0.71348053,0.03960926,0.52106607,1.5821565,0.20946322,0.555726,0.37691817,0.3268236,0.6527778,0.3125,18.75,0.43660092,0.5633991,0.8287357,0.8888849,0.14106646,0.14209491,0.13416399,0.13294323,0.13912849,0.14132687,0.13358347,0.13610466,0.14917643,0.16166355,0.14780109,0.13775213,0.14745378,0.14272195,0.12702341,0.17477627,0.1357945,0.1099363,0.15778176,0.12874486,0.11323798,0.17133406,0.16207916,0.13500033,0.15039368,0.14579149,0.10829496,0.12951319,0.12830065,0.14191453,0.18148382,0.10756213,0.15823384,0.12733194,0.12885642,0.13734095,0.13894,0.14531854,0.13064396,0.10873897,0.1354114,0.13035631,0.14853458,0.14596897,0.12805541,0.12308212,0.14288422,0.12663524,0.14275587,0.13803653,0.10371908,0.14383286,0.1111698,0.12387391,0.15148807,0.14325652,0.114150345,0.12340613,0.15436089,0.1515768,0.1549884,0.13981287,0.14269328,0.13870487,0.1515915,0.15883416,0.12946233,0.1567008,0.13671494,0.105352044,0.14806534,0.12824245,0.1175073,0.15716001,0.15618233,0.1331931,0.177642,0.124016754,0.119811304,0.13077158,0.1339988,0.13493234,0.17451389,0.099485725,0.16406381,0.13147764,0.12995452,0.11872902,0.12234378,0.13107651,0.13318719,0.109944806,0.13352223,0.14738339,0.15150389,0.16408469,0.1318004,0.13396351,0.12909114,0.14782806,0.14206778,0.13692473,0.09479601,0.14190303,0.12683134,0.12245723,0.16817233,0.14717145,0.12557754,0.11748804,0.14286695,0.15527605,1,tachypnea_fast,fast_breathing_01
0.37203383,0.24043588,0.6462742,0.039313164,0.48639646,1.5869142,0.20087938,0.55208313,0.36385712,0.30677223,0.6388889,0.38085938,22.851562,0.5234353,0.47656474,0.6473419,0.88808656,0.14110969,0.13896312,0.13507181,0.13476045,0.1384619,0.14179395,0.13412823,0.13548489,0.15084092,0.16618906,0.14318809,0.13971135,0.14205737,0.1470464,0.12316543,0.176442,0.13672532,0.10592224,0.16317624,0.12687817,0.113083266,0.16685428,0.16521266,0.13125555,0.15300287,0.12895325,0.109368116,0.12547734,0.1248423,0.13108194,0.18215047,0.10236188,0.15802394,0.12793596,0.12817858,0.13154592,0.14233936,0.13916698,0.13352898,0.109223194,0.13685778,0.13567191,0.15231751,0.14666682,0.12892537,0.13039584,0.14111528,0.12867711,0.14205815,0.1471944,0.1053893,0.14857587,0.11236646,0.124759935,0.15307245,0.14852212,0.11770817,0.11896828,0.14841884,0.15617472,0.15725064,0.14639133,0.14307782,0.13439037,0.14377369,0.15906653,0.12784208,0.15777783,0.1371451,0.10188904,0.15034702,0.13239345,0.10865989,0.15692508,0.1577895,0.13444653,0.17545958,0.12304432,0.11896103,0.12800913,0.13764961,0.13350897,0.17632766,0.10039479,0.16911219,0.13169305,0.12986088,0.118887626,0.12238094,0.13276601,0.13673435,0.11157039,0.13520211,0.1447062,0.150695,0.16515276,0.13177067,0.13451323,0.12942676,0.14421915,0.14021847,0.1395859,0.091704376,0.14115314,0.12720723,0.12257967,0.16663644,0.14601384,0.12666905,0.11726691,0.14283861,0.15521082,1,tachypnea_fast,fast_breathing_01
0.3692412,0.26261798,0.7112369,0.03954955,0.46885392,1.5869142,0.19480985,0.5590271,0.34848017,0.35405836,0.625,0.38085938,22.851562,0.5751722,0.42482784,0.55308586,0.8902439,0.14116155,0.13788703,0.13469256,0.13594861,0.13822138,0.14017993,0.13476303,0.13658331,0.15455745,0.16740075,0.13973078,0.13992882,0.13991979,0.14750585,0.12418897,0.1773583,0.13500826,0.106969856,0.16496395,0.12631732,0.111249946,0.16361623,0.16661733,0.12873577,0.15027341,0.12398586,0.10964402,0.12688193,0.12429416,0.13054812,0.18236943,0.09984323,0.15802743,0.1276944,0.12057129,0.13029191,0.14429122,0.13284506,0.13833345,0.108312294,0.1346415,0.13763002,0.15317693,0.14613673,0.12962456,0.13240138,0.14274704,0.12937659,0.1425446,0.14949027,0.106128946,0.15016001,0.113210484,0.12571631,0.15422863,0.15015589,0.12151067,0.11874143,0.14777346,0.15829462,0.16007614,0.15315847,0.13482827,0.13440208,0.13798593,0.15797809,0.12485353,0.15946347,0.13718213,0.10136281,0.15089658,0.13628744,0.108403094,0.15336436,0.15791489,0.13771537,0.1685341,0.11421077,0.11752278,0.12717901,0.13558252,0.12634583,0.17998873,0.10097396,0.16948187,0.13352484,0.12976117,0.11958838,0.12284252,0.12891906,0.13738045,0.113486566,0.13622352,0.1449665,0.1523725,0.1664929,0.13208956,0.14034423,0.12745206,0.14208429,0.14148797,0.14382808,0.0928055,0.14215745,0.12978306,0.12248244,0.16706264,0.14784686,0.13016255,0.11825163,0.14256771,0.15506299,1,tachypnea_fast,fast_breathing_01
0.3739394,0.3070719,0.8211809,0.03908654,0.4900678,1.5995029,0.22024572,0.5518601,0.399097,0.34114334,0.7222222,0.38085938,22.851562,0.64143497,0.358565,0.44404745,0.8902624,0.14039035,0.13761187,0.13499233,0.1363306,0.13954087,0.13945378,0.13404487,0.13677764,0.15713389,0.17534454,0.13465403,0.1338026,0.13226517,0.14728968,0.120336175,0.1805429,0.13513969,0.10745437,0.16439669,0.12760496,0.10910993,0.16277598,0.1647999,0.13243988,0.14804943,0.121236406,0.10963089,0.12363888,0.120661564,0.12779759,0.18765293,0.10167582,0.15681212,0.13178287,0.118298136,0.13370894,0.14358726,0.13181147,0.13809155,0.110339805,0.1325856,0.13724907,0.15573233,0.14616427,0.12886156,0.13808405,0.1403862,0.1288854,0.14240128,0.1485199,0.10449751,0.15027727,0.11680651,0.124776475,0.15414654,0.15102394,0.1227117,0.12041739,0.15015805,0.15767594,0.1609862,0.15899819,0.13351895,0.13606125,0.1414801,0.15545465,0.12674561,0.16059686,0.13500287,0.10305868,0.15077886,0.14031163,0.11103736,0.15357336,0.15901922,0.13727495,0.1553598,0.11145444,0.117050774,0.1299913,0.13641894,0.12908246,0.18306597,0.101068676,0.16495264,0.13458668,0.11982742,0.12064562,0.122578636,0.12632418,0.14177574,0.11218346,0.12893666,0.14728507,0.15248065,0.16797793,0.13231687,0.14024216,0.13000901,0.13971621,0.13713346,0.14689592,0.094520204,0.14395243,0.13246322,0.123188026,0.16598235,0.14137685,0.13230452,0.1179699,0.14243275,0.16017343,1,tachypnea_fast,fast_breathing_01
0.36753342,0.23181584,0.630734,0.039278228,0.49346843,1.5924883,0.17806968,0.5559798,0.32028085,0.3404032,0.5694444,0.3125,18.75,0.6503696,0.34963042,0.4302145,0.89881146,0.14230418,0.13751297,0.13441446,0.13395703,0.14084858,0.13992624,0.13324037,0.1357803,0.15817635,0.1847984,0.1347863,0.13281402,0.13191956,0.14683177,0.12077071,0.18448198,0.13411129,0.10804079,0.16638377,0.13573776,0.11110164,0.1653798,0.16917542,0.13103765,0.13592008,0.114718795,0.112677105,0.121095456,0.117519505,0.13122769,0.19787501,0.104696356,0.14801578,0.13832983,0.10747781,0.13742182,0.14122206,0.1297349,0.14118464,0.11281405,0.12057103,0.1408873,0.15655513,0.15070736,0.1314181,0.13602325,0.14137058,0.12108837,0.13029407,0.1548062,0.10493859,0.15865315,0.119198576,0.12178788,0.14517748,0.13386299,0.11753938,0.11835128,0.14621587,0.16952752,0.16272293,0.17015916,0.13380799,0.13169216,0.14462031,0.1536011,0.12749782,0.16239206,0.1362651,0.10616347,0.15006189,0.13956909,0.11247846,0.15521447,0.16003369,0.14413327,0.14555758,0.11206788,0.11676491,0.13131054,0.13822427,0.1315555,0.1850654,0.10074831,0.1655897,0.13277565,0.115071714,0.12160036,0.12170061,0.12728237,0.14319755,0.113310255,0.128526,0.14319676,0.15140703,0.16454561,0.13208346,0.13928103,0.13092205,0.13601202,0.13483466,0.14880416,0.094847135,0.1475551,0.12860085,0.1235476,0.16040204,0.13941632,0.13303876,0.117383435,0.14352524,0.15717661,1,tachypnea_fast,fast_breathing_01
0.36940458,0.18653727,0.5049674,0.035996318,0.51212656,1.5321728,0.22204313,0.5223645,0.42507312,0.27364042,0.6388889,0.3125,18.75,0.677008,0.32299206,0.39007226,0.89269716,0.14241374,0.13738813,0.13458556,0.13312441,0.14229731,0.14128827,0.13148695,0.13383055,0.15760134,0.18769133,0.13551389,0.1272981,0.13132413,0.14467958,0.122092135,0.18408428,0.13389528,0.10942522,0.16508324,0.13847338,0.114216596,0.16762395,0.17286101,0.13508168,0.1264289,0.11187242,0.112928264,0.11834801,0.11893946,0.13352388,0.19749652,0.10163732,0.15310189,0.13620241,0.1057159,0.13511857,0.14570831,0.12940302,0.1457396,0.11813698,0.121046096,0.13803913,0.15273169,0.14898069,0.13398032,0.13019253,0.14481945,0.11662337,0.12544127,0.16088437,0.10599332,0.1730613,0.11252837,0.12349962,0.13370432,0.12933567,0.11594978,0.11895768,0.14140938,0.17322892,0.16390456,0.17938302,0.14342141,0.12122901,0.14864531,0.14580716,0.1325795,0.15779398,0.13395074,0.11155776,0.1497292,0.14683697,0.11502639,0.16055319,0.15639229,0.15416096,0.12258931,0.11058464,0.11927302,0.13619706,0.14783074,0.14016593,0.18875793,0.10956267,0.15755539,0.13312426,0.09859293,0.1275562,0.10639103,0.13157572,0.14232248,0.11944341,0.12341957,0.14438675,0.15072593,0.1713687,0.13087806,0.13740772,0.12526195,0.12900199,0.12411988,0.16001305,0.09614513,0.15424182,0.12853552,0.12580128,0.15773833,0.117899306,0.13254368,0.11338066,0.14057517,0.1598013,1,tachypnea_fast,fast_breathing_01
0.341911,0.16884129,0.4938165,0.035886295,0.48741448,1.4131662,0.21778286,0.40619007,0.53615993,0.19203278,0.5972222,0.38085938,22.851562,0.70724046,0.29275957,0.34638458,0.8774674,0.13810894,0.13731456,0.1364236,0.13586551,0.14294976,0.1417715,0.13112597,0.13299315,0.15148069,0.1898259,0.14157365,0.102302596,0.120524615,0.13429658,0.12308329,0.17393334,0.12949651,0.11713651,0.15475771,0.14368452,0.1133202,0.17499624,0.15758435,0.14353342,0.11293648,0.11251685,0.11038166,0.12131086,0.12486921,0.13640364,0.19300339,0.11442031,0.14559749,0.13753535,0.10176253,0.14426847,0.14453597,0.13553227,0.14673008,0.12701581,0.123179436,0.13902676,0.15533234,0.15381868,0.133792,0.13059746,0.13791506,0.11722041,0.12286849,0.16596419,0.108094715,0.18312949,0.11656921,0.1329317,0.13673101,0.12633097,0.11576815,0.12086807,0.14289665,0.17687859,0.1633294,0.18162243,0.14521398,0.123013824,0.13927518,0.14360908,0.13369998,0.15760967,0.13111256,0.11896348,0.1499349,0.15002632,0.120936155,0.16627887,0.15722656,0.16021778,0.11361055,0.107988946,0.11812078,0.13331571,0.15184547,0.14128827,0.18895973,0.11424153,0.16181679,0.12811844,0.10112655,0.12541975,0.10593308,0.13512732,0.14382651,0.13009082,0.12487808,0.13421263,0.14746688,0.16883689,0.13040887,0.13128142,0.12602888,0.12676144,0.12172999,0.16333202,0.09790709,0.16311842,0.12567359,0.12783796,0.1476619,0.11405632,0.13539858,0.11416618,0.1358746,0.1553929,1,tachypnea_fast,fast_breathing_01
0.33479652,0.15369181,0.45906034,0.03175874,0.4783475,1.3074535,0.20262845,0.37284705,0.54346263,0.1703996,0.625,0.38085938,22.851562,0.67921126,0.32078874,0.38682306,0.8868933,0.13753815,0.13693362,0.13665536,0.13619499,0.14142083,0.14173916,0.13279544,0.13322349,0.15063249,0.19127856,0.1435427,0.10667974,0.09969554,0.13424191,0.12447189,0.17517605,0.12794116,0.122574285,0.148265,0.14774299,0.1157537,0.1806216,0.14766975,0.14492664,0.10401265,0.11029102,0.10646626,0.11722198,0.12802896,0.13800539,0.19696727,0.12383428,0.14605872,0.13603252,0.10499841,0.14677013,0.13939103,0.13790378,0.14981031,0.13681927,0.122675225,0.1333267,0.1555019,0.15460561,0.135346,0.12710744,0.13226393,0.11839783,0.121925004,0.16205445,0.10594835,0.187443,0.122191526,0.13649713,0.12940556,0.12778671,0.12047622,0.12211231,0.1431268,0.17316993,0.15374064,0.18583174,0.15180822,0.11674684,0.12785612,0.14353994,0.13510004,0.14357764,0.12046862,0.13326398,0.1484293,0.15193294,0.12617467,0.17426272,0.1469087,0.16963123,0.103845075,0.10513284,0.12598644,0.14291623,0.16116668,0.13737522,0.16919483,0.12730114,0.1494449,0.129443,0.103918366,0.13296737,0.10822084,0.14675781,0.14323115,0.13906989,0.12748276,0.12617818,0.14989048,0.16593157,0.12312777,0.1319359,0.12762862,0.12339052,0.1124829,0.17036141,0.10617733,0.16210017,0.12625194,0.13089429,0.14709163,0.11093165,0.13365327,0.11671204,0.13479419,0.15706396,1,tachypnea_fast,fast_breathing_01
0.30772832,0.18734051,0.60878533,0.031011287,0.43358168,1.2851578,0.2201535,0.36856613,0.59732425,0.14149046,0.6805556,0.38085938,22.851562,0.6291134,0.37088662,0.46344382,0.89685446,0.13507237,0.13658153,0.13914806,0.13747865,0.14056773,0.14141212,0.13425808,0.13312137,0.13610643,0.19464816,0.14040123,0.110055104,0.09204129,0.13496429,0.117178515,0.17084923,0.11557894,0.13430332,0.14756872,0.1393882,0.12285732,0.18338965,0.14600134,0.144485,0.10569745,0.10686339,0.12553589,0.12760946,0.13490328,0.12873338,0.16559812,0.12792559,0.13535218,0.14346519,0.11047151,0.15410163,0.14679305,0.15370621,0.15014838,0.1375151,0.12357241,0.13869189,0.15875699,0.14190626,0.12365511,0.13102204,0.13858421,0.12074164,0.11467753,0.1642312,0.11449108,0.18186134,0.12150425,0.13550234,0.1274724,0.13100182,0.11718584,0.13249998,0.14588594,0.18016702,0.14797148,0.18483809,0.14671366,0.13064331,0.111783884,0.14523932,0.13314168,0.14333686,0.11328916,0.14321263,0.13601403,0.15347873,0.13771772,0.17980243,0.13904932,0.16634013,0.10182392,0.09806575,0.1259684,0.14347766,0.17248781,0.1318241,0.16090842,0.13591048,0.1534612,0.12923793,0.11724317,0.13424675,0.109054506,0.1559224,0.14760776,0.14599891,0.12589228,0.1259268,0.15105355,0.15639324,0.12148325,0.13183166,0.12270077,0.12775688,0.110999815,0.16139206,0.104531445,0.16218095,0.13077039,0.13393654,0.13693193,0.11220928,0.13948369,0.12260801,0.13517159,0.15260527,1,tachypnea_fast,fast_breathing_01
0.29369792,0.16596568,0.5650897,0.031864185,0.41057983,1.1688929,0.21888313,0.37643585,0.58146197,0.15624659,0.625,0.38085938,22.851562,0.5972399,0.4027601,0.51543635,0.889827,0.13242552,0.13525578,0.14096817,0.13923718,0.13942297,0.14059494,0.13464154,0.13431528,0.12995031,0.19662403,0.1365295,0.11945238,0.08241293,0.13362956,0.109411255,0.1686281,0.102683045,0.14254566,0.13096894,0.13803864,0.13065745,0.18188164,0.142393,0.14065282,0.10780158,0.103049375,0.12699626,0.13344966,0.15175848,0.11833052,0.13605645,0.1307106,0.13515772,0.15008713,0.117048524,0.158263,0.15226881,0.163642,0.15464157,0.1417854,0.1244282,0.14395721,0.15621665,0.12967712,0.12691866,0.13057399,0.1331652,0.1293159,0.11030557,0.15534009,0.115323976,0.1840951,0.12459629,0.13965619,0.11982065,0.13650995,0.12306305,0.13736096,0.15499195,0.17970373,0.13045053,0.18804552,0.12934361,0.13597202,0.1080953,0.1383026,0.12491294,0.14077584,0.10336496,0.16463177,0.13644502,0.1530597,0.15909886,0.18506828,0.13647084,0.16367479,0.098182425,0.10035927,0.14708373,0.1460357,0.1713805,0.1231181,0.13777119,0.14223222,0.1471259,0.12923141,0.11951015,0.13415357,0.11489113,0.16527513,0.14356759,0.1396649,0.124994956,0.1338873,0.15584953,0.13777474,0.103978895,0.13841651,0.13837557,0.14293209,0.115053535,0.15561564,0.119011916,0.15236543,0.12794004,0.11641449,0.12809655,0.110811405,0.14076151,0.14406696,0.13279676,0.16023241,1,tachypnea_fast,fast_breathing_01
0.31099707,0.2174029,0.6990513,0.032474358,0.4463351,1.228618,0.23174246,0.37994692,0.6099338,0.14118184,0.6805556,0.38085938,22.851562,0.52422494,0.47577506,0.64583445,0.89903235,0.13444816,0.1344477,0.13786016,0.14083785,0.1388539,0.14035782,0.13436688,0.13478635,0.12653822,0.20160133,0.121560745,0.1192666,0.09295622,0.12538137,0.10512824,0.17016211,0.0981307,0.1539776,0.13019821,0.1475428,0.15538192,0.18413806,0.14304386,0.14047119,0.10175764,0.10894095,0.13682722,0.12974572,0.1476999,0.11574399,0.12940164,0.12932208,0.13661751,0.14411035,0.1103169,0.15111627,0.15106817,0.15834188,0.14976414,0.13361521,0.1264194,0.14144327,0.1532658,0.12169407,0.11701052,0.13350007,0.14462635,0.147114,0.11765318,0.14536898,0.12504968,0.18358421,0.12039493,0.12384908,0.1164404,0.13342458,0.13049991,0.15574193,0.15162897,0.18014218,0.1269164,0.18983625,0.11985624,0.13940006,0.109291896,0.13291812,0.12291228,0.1426121,0.10055953,0.16900748,0.13232145,0.1522325,0.16723627,0.18258175,0.13707711,0.16144744,0.096751146,0.10685798,0.1505067,0.14664525,0.17898037,0.118277796,0.13005513,0.1447642,0.1487384,0.12196835,0.12371579,0.13258922,0.11589013,0.1675028,0.14495122,0.13790505,0.12399931,0.13812874,0.15651447,0.13066378,0.10167917,0.13944763,0.13378221,0.15018943,0.115627855,0.14791583,0.12056129,0.15217495,0.12747534,0.11436531,0.12267591,0.11229659,0.14411798,0.14929804,0.13499562,0.16052844,1,tachypnea_fast,fast_breathing_01
0.31462392,0.17202286,0.54675704,0.033736065,0.44080633,1.2482021,0.21103346,0.35564092,0.59338915,0.16955818,0.6111111,0.38085938,22.851562,0.43828276,0.5617172,0.824891,0.91864336,0.13440438,0.13448814,0.13770744,0.14090738,0.13834187,0.14139101,0.1319443,0.13520998,0.12768146,0.20384032,0.11547193,0.12005992,0.09459365,0.12330511,0.10528836,0.17006244,0.09764311,0.1549469,0.13087258,0.14867122,0.15481992,0.180664,0.14180055,0.13826306,0.10160066,0.11570374,0.1389807,0.13056265,0.14954934,0.113251396,0.13398886,0.13117078,0.13746671,0.1353433,0.11437763,0.14925675,0.15057726,0.15762167,0.15281636,0.13183416,0.12646396,0.14085594,0.15374161,0.117915355,0.115410425,0.13375618,0.1455694,0.14852762,0.11567328,0.14163415,0.1256217,0.18163534,0.11870183,0.121857814,0.115466096,0.1330137,0.13313115,0.163457,0.15135853,0.18171774,0.11772526,0.19400117,0.10590968,0.13660638,0.11443407,0.12463435,0.11686365,0.14280745,0.09701732,0.1744588,0.13392626,0.15348245,0.18657759,0.18654945,0.13574746,0.16718973,0.092934355,0.12365544,0.15293393,0.14715539,0.17503442,0.11448845,0.13008212,0.14591865,0.15127735,0.11511642,0.11737014,0.12798642,0.116118826,0.16345315,0.13894828,0.13222559,0.12507297,0.13377611,0.1541254,0.12564749,0.10101935,0.14601478,0.13351734,0.16427737,0.12211446,0.14179048,0.12655804,0.15633014,0.12287206,0.106105655,0.11788599,0.112002715,0.1472766,0.15152544,0.1322189,0.15677188,1,tachypnea_fast,fast_breathing_01
0.31444034,0.23335694,0.7421342,0.03484632,0.44037417,1.2514445,0.1881761,0.37804744,0.49775788,0.18969715,0.6944444,0.38085938,22.851562,0.38948932,0.6105107,0.94291884,0.92730427,0.13352552,0.13547748,0.13830918,0.14031342,0.13761692,0.14279772,0.13230391,0.13430779,0.12388317,0.20216027,0.11013316,0.1187748,0.096916415,0.12011961,0.10417613,0.16723868,0.09678473,0.15536363,0.12937139,0.1482734,0.16263641,0.18055059,0.13965338,0.14392203,0.104758546,0.122279674,0.13701224,0.13069539,0.14697675,0.11418861,0.13851349,0.1290759,0.13933378,0.13424693,0.115696594,0.15212086,0.14886944,0.1582736,0.15146968,0.1319604,0.1270919,0.14442146,0.15204786,0.117459826,0.11835733,0.1362457,0.14400476,0.15345518,0.114650294,0.14155751,0.12591565,0.1811073,0.11609079,0.12142857,0.11315072,0.13214302,0.13490337,0.16109559,0.15063873,0.17793761,0.1166606,0.19320498,0.104226075,0.13528968,0.11431824,0.12200041,0.11299219,0.14309883,0.097305775,0.17505085,0.13685302,0.15294611,0.18507321,0.18765497,0.13464174,0.16323772,0.10134058,0.13404743,0.15220134,0.15174235,0.17371154,0.11576405,0.13373664,0.14653842,0.15119743,0.11055623,0.11604245,0.13092887,0.11430744,0.16770984,0.13748357,0.13226607,0.12439795,0.13908044,0.15328106,0.12680346,0.1003904,0.14789145,0.1293678,0.16187929,0.124560066,0.1414064,0.12493354,0.15210289,0.11893152,0.105686896,0.11710981,0.112390265,0.14777328,0.15120094,0.13397887,0.15404749,1,tachypnea_fast,fast_breathing_01
0.30603263,0.23151232,0.7564955,0.03458704,0.40024522,1.2918775,0.20381959,0.3660493,0.5568091,0.18665995,0.7083333,0.38085938,22.851562,0.30677286,0.6932271,1.1816477,0.93318194,0.13210134,0.13646118,0.13924338,0.13988964,0.13808958,0.14324257,0.13434264,0.13185358,0.1228523,0.19814274,0.104381755,0.11546068,0.09943124,0.11279139,0.10173799,0.16300553,0.096683115,0.15663634,0.13064359,0.1506663,0.16488451,0.17949659,0.14036687,0.1402327,0.11011153,0.1243713,0.13704707,0.13483515,0.14703134,0.11623269,0.14066087,0.12607741,0.14089522,0.13663664,0.11682056,0.15350418,0.14124055,0.16299666,0.14920622,0.13253754,0.12953618,0.15166359,0.15471734,0.11761764,0.11276323,0.1376754,0.14988486,0.14910361,0.11475998,0.14278439,0.1245505,0.17283118,0.114050865,0.12146254,0.11324083,0.13030578,0.14407493,0.16376077,0.15058997,0.17704992,0.12259399,0.1931009,0.10834285,0.12725967,0.11431375,0.1214047,0.11477786,0.15040109,0.096626066,0.17320324,0.13606879,0.15311155,0.18396015,0.18770415,0.13354686,0.16097485,0.10982934,0.13880369,0.14682056,0.15394542,0.16903305,0.12315637,0.13575827,0.14581573,0.15106057,0.10570447,0.120647125,0.13815622,0.116091326,0.1734894,0.13907413,0.13334502,0.12407247,0.1451901,0.14714575,0.12702829,0.10335161,0.14684024,0.13202271,0.15726227,0.12423251,0.14166515,0.12479832,0.14662471,0.11604956,0.10251648,0.11147076,0.11183756,0.14756519,0.14911206,0.13555516,0.14540684,1,tachypnea_fast,fast_breathing_01
0.30261996,0.26818737,0.8862183,0.035312053,0.41882578,1.2534665,0.21182548,0.3546624,0.59725946,0.16361822,0.7361111,0.38085938,22.851562,0.22105974,0.77894026,1.5093223,0.92222154,0.13530833,0.13704102,0.13927492,0.13586149,0.13447498,0.14431252,0.13567099,0.1324675,0.13693783,0.20292616,0.10117629,0.1024258,0.10780837,0.11021214,0.11101558,0.17615882,0.09803176,0.15584216,0.1335927,0.15662904,0.16625153,0.17307577,0.1395016,0.14037266,0.10940142,0.13105606,0.1341061,0.1392551,0.14521183,0.12230715,0.14472897,0.12841335,0.1420458,0.1320575,0.1210786,0.15251714,0.13555995,0.16706589,0.15154393,0.12877259,0.13079809,0.15065816,0.15019396,0.11674207,0.11108253,0.13644671,0.15811433,0.14139177,0.11292241,0.1382829,0.12427074,0.16131315,0.11628189,0.11114907,0.105732754,0.11986914,0.14906816,0.1656339,0.15141758,0.16886577,0.120628834,0.18666181,0.109679826,0.12231468,0.111308336,0.11024272,0.107022166,0.14724799,0.08686061,0.17328762,0.13872321,0.15066905,0.18352787,0.18932821,0.13283204,0.158452,0.11435165,0.1441224,0.14396413,0.1545932,0.17149171,0.127895,0.13534825,0.14659429,0.15224715,0.1048427,0.12241481,0.1422821,0.116419,0.17957124,0.13424309,0.13474356,0.1290784,0.15036847,0.14844058,0.12424935,0.099117145,0.14791946,0.13487558,0.15116744,0.12650661,0.14407083,0.12603386,0.14079289,0.1097673,0.10680017,0.108163334,0.115280755,0.15210253,0.15801424,0.13641489,0.14696264,1,tachypnea_fast,fast_breathing_01
0.30878383,0.27100104,0.87763995,0.034560107,0.41979355,1.2885096,0.24070625,0.3500631,0.6876082,0.13623026,0.7083333,0.38085938,22.851562,0.2129175,0.7870825,1.5468504,0.9235349,0.12966776,0.13975453,0.13898857,0.13810587,0.13058798,0.14508954,0.13701513,0.13318095,0.13313992,0.19312431,0.09832833,0.10146502,0.10825846,0.09680389,0.10196494,0.17321362,0.08067674,0.1531136,0.13476928,0.14960419,0.16121855,0.1696042,0.1382542,0.14389955,0.11498789,0.13056372,0.13243535,0.1410718,0.16094519,0.13005646,0.14720501,0.13023299,0.14679337,0.13075931,0.1227969,0.15251823,0.13539623,0.1709408,0.14379346,0.12943023,0.13802949,0.14956486,0.15296417,0.108592555,0.11054357,0.13618164,0.15609927,0.13681884,0.11227308,0.14074023,0.12280686,0.16178074,0.114208214,0.11571585,0.102011465,0.12788574,0.14900708,0.18037029,0.15523136,0.17652652,0.12200276,0.17859122,0.09682606,0.11572897,0.10764543,0.101887465,0.11250471,0.14336549,0.076591514,0.17002273,0.14725511,0.1463425,0.17887978,0.18143196,0.12994076,0.16262333,0.11744403,0.15116023,0.13999401,0.15424843,0.1749989,0.143683,0.1342906,0.14591196,0.14923012,0.10120675,0.12775542,0.1478469,0.11648123,0.19460577,0.13268183,0.13493201,0.13578397,0.1537634,0.13623627,0.11825269,0.09625001,0.14700907,0.13959825,0.14484587,0.12744102,0.15233873,0.12288571,0.14103417,0.11676692,0.10185255,0.09568835,0.123463765,0.15301995,0.16343503,0.1445843,0.14399588,1,tachypnea_fast,fast_breathing_01
0.3227723,0.32547772,1.0083817,0.03499626,0.43308946,1.3875644,0.23731248,0.3549106,0.6686542,0.13861175,0.625,0.38085938,22.851562,0.267059,0.73294103,1.3202857,0.9402052,0.12197955,0.14188702,0.14100498,0.13978662,0.13480817,0.1444074,0.13411833,0.13218957,0.12840554,0.1687266,0.074823774,0.09962951,0.10596745,0.08716419,0.10632565,0.15129617,0.065547995,0.15152907,0.1500476,0.14504007,0.15123053,0.15384172,0.13367029,0.15143336,0.116745025,0.12502828,0.12985823,0.13682579,0.17318033,0.1582569,0.14916141,0.13045973,0.14648403,0.13958621,0.12709485,0.15797226,0.13193318,0.19122393,0.143091,0.13552605,0.1477563,0.15350796,0.13699085,0.10323171,0.109900326,0.13721271,0.15762356,0.13140596,0.11093748,0.15313877,0.11133813,0.1769737,0.120530084,0.11255369,0.096002825,0.14036952,0.14698845,0.18104787,0.1611498,0.17478967,0.12926908,0.18684283,0.10122555,0.124750614,0.11902199,0.10489335,0.103953406,0.1534113,0.07535542,0.1717376,0.14896604,0.15394033,0.17913866,0.17843004,0.13176797,0.15895528,0.11548452,0.14896627,0.14020482,0.1532208,0.17268774,0.14304629,0.13245063,0.1466751,0.14760646,0.1078003,0.12368072,0.14717294,0.114728056,0.19316894,0.12860347,0.13396442,0.13235916,0.15162072,0.13193448,0.10977424,0.092755884,0.14617752,0.13759783,0.14506693,0.12596484,0.15046768,0.12204955,0.14152138,0.112819046,0.10339908,0.08631418,0.12365473,0.15030754,0.16918883,0.14412238,0.14358835,1,tachypnea_fast,fast_breathing_01
0.35813013,0.3133061,0.87483877,0.035852622,0.4486814,1.5652775,0.23620711,0.46009338,0.5133895,0.2079204,0.6666667,0.3125,18.75,0.27802607,0.7219739,1.2800404,0.9537278,0.1375555,0.14281392,0.1376475,0.13007793,0.14252312,0.14313403,0.13119118,0.1297534,0.14655526,0.17480882,0.09783528,0.12007926,0.1364812,0.114808336,0.112164915,0.15422389,0.09308991,0.15402906,0.15935569,0.16778038,0.1570095,0.13742825,0.14125682,0.1511894,0.11915473,0.12946308,0.14531444,0.12273389,0.17117245,0.15851472,0.14601953,0.13699824,0.14389387,0.15344161,0.12840083,0.14555094,0.123319924,0.17800492,0.15322334,0.13936009,0.13524939,0.15085347,0.124072544,0.10822582,0.11034557,0.13839217,0.1544185,0.13762891,0.1113356,0.1539924,0.10544512,0.16999497,0.10746886,0.109964855,0.09164962,0.120946445,0.13699421,0.15602258,0.14025313,0.1493163,0.1330851,0.19067976,0.11934958,0.1452975,0.14240365,0.11825797,0.101612724,0.16036327,0.086373575,0.1703538,0.14705803,0.15813541,0.17983033,0.17117533,0.13909587,0.15400547,0.11620115,0.14538687,0.1487586,0.14807472,0.16607495,0.1400066,0.13005985,0.14605188,0.14528769,0.11056337,0.12252373,0.14622764,0.11504996,0.18871666,0.12854262,0.13050365,0.12872542,0.14686188,0.12070756,0.108084165,0.08979647,0.14447033,0.13527514,0.14632943,0.12395185,0.13994333,0.12917854,0.14453927,0.10946036,0.10848573,0.07753696,0.12234209,0.14568314,0.16134126,0.13940442,0.1385977,1,tachypnea_fast,fast_breathing_01
0.37005562,0.3298375,0.89131874,0.04602635,0.45601097,1.6614964,0.2287086,0.47967732,0.47679675,0.24174334,0.5833333,0.3125,18.75,0.26476693,0.73523307,1.3289053,0.96292907,0.14237341,0.14259434,0.13584694,0.12789017,0.15274692,0.14624788,0.12975043,0.118475445,0.1497395,0.17768356,0.10975506,0.12798291,0.14682421,0.12263467,0.11393682,0.15812807,0.100199215,0.15463105,0.15974481,0.16966714,0.1599274,0.13583726,0.14217088,0.15071805,0.12297327,0.13479014,0.15316842,0.11381911,0.16808024,0.15431985,0.14347686,0.13801797,0.1436358,0.1527186,0.12897354,0.14460887,0.11987143,0.1705847,0.15419309,0.13486914,0.13244377,0.15018786,0.12288342,0.109783635,0.10794714,0.13822351,0.15144014,0.14007692,0.11328167,0.14693782,0.11337737,0.1707325,0.10303425,0.110706665,0.089573435,0.11782994,0.13389379,0.14530656,0.1344383,0.14338306,0.14362511,0.18640043,0.14207655,0.15387954,0.16165102,0.13263436,0.119298436,0.16298285,0.105167076,0.17006534,0.15620027,0.17213944,0.17958952,0.15520999,0.15624535,0.1556389,0.11968347,0.14258838,0.15927215,0.13394158,0.16545945,0.14316827,0.13855655,0.14925036,0.14774436,0.1344637,0.124524,0.14231676,0.119948626,0.16338456,0.14341082,0.13409595,0.12245528,0.14722095,0.11273511,0.106070094,0.094818346,0.14207771,0.13369751,0.14183322,0.11795966,0.14064965,0.116310544,0.14338379,0.09151747,0.11458186,0.07797593,0.106363535,0.13098386,0.12853612,0.11240597,0.11767915,1,tachypnea_fast,fast_breathing_01
0.4444415,0.4007229,0.9016325,0.049155388,0.45039722,2.3541393,0.23121095,0.7410284,0.3120136,0.43501565,0.4722222,0.3125,18.75,0.33043435,0.6695657,1.1073472,0.96741664,0.14309539,0.14837721,0.1346809,0.1227758,0.15281421,0.14741711,0.12936483,0.11813601,0.14409575,0.1625331,0.12315774,0.13094918,0.14562279,0.12180103,0.1249035,0.15090154,0.105396576,0.15827881,0.16153735,0.16616389,0.16489871,0.13719259,0.15394548,0.15843482,0.12557411,0.1353987,0.16281171,0.1185644,0.17535688,0.15729055,0.15235485,0.144782,0.15106155,0.15613599,0.12724374,0.14793265,0.12720537,0.1562812,0.15794194,0.13777748,0.13114949,0.15184908,0.11795409,0.10750592,0.10947409,0.13747358,0.14106305,0.13682067,0.114758596,0.14926068,0.104956836,0.1627839,0.09138574,0.11861643,0.09608045,0.11687608,0.12191283,0.124132566,0.12278589,0.13571471,0.1442678,0.18188019,0.14656797,0.15598822,0.16378963,0.13475268,0.11798315,0.16283076,0.10944655,0.16737042,0.152922,0.16786371,0.18092164,0.1525184,0.15857463,0.15651305,0.12777026,0.14963834,0.17153282,0.12737156,0.16756482,0.13712175,0.13944244,0.14846823,0.14433652,0.13556965,0.12662391,0.13674986,0.121624775,0.15398787,0.14553441,0.13234523,0.11857289,0.14510019,0.116731904,0.110125266,0.10230274,0.14107862,0.13096511,0.14525557,0.12348473,0.13735624,0.12387353,0.13793461,0.084879406,0.12018694,0.08696101,0.1029528,0.1262094,0.11787932,0.11115322,0.11764139,1,tachypnea_fast,fast_breathing_01
0.48467547,0.36997882,0.7633537,0.050771996,0.4689373,2.400652,0.21566108,0.847997,0.25431818,0.5178115,0.5277778,0.29296875,17.578125,0.36582613,0.63417387,1.0055971,0.96799946,0.13903965,0.15094788,0.13541995,0.123971425,0.15477777,0.14727324,0.12824652,0.11683354,0.14066426,0.1510543,0.1196279,0.12852609,0.13907638,0.117456175,0.121241726,0.14592847,0.11047014,0.15343626,0.15675655,0.16040897,0.16286823,0.13449259,0.15268105,0.15962657,0.13085309,0.14038189,0.17052321,0.11804145,0.18546973,0.15506515,0.15718843,0.14474234,0.15149835,0.1617587,0.12795407,0.14526823,0.13160786,0.15664418,0.15923437,0.14044277,0.12713161,0.15146771,0.12242357,0.11204722,0.11572192,0.13459966,0.1359162,0.13877921,0.12224969,0.15039414,0.1108061,0.15468778,0.08818559,0.12100573,0.10574434,0.116468996,0.115017466,0.118608,0.13191868,0.13776283,0.14296256,0.17907706,0.1565061,0.15752728,0.1709016,0.13969703,0.1230435,0.16157039,0.10841997,0.17013326,0.14992143,0.1648617,0.18748909,0.15450718,0.16218834,0.15910536,0.12512065,0.14967035,0.17508148,0.12475495,0.1623659,0.13670352,0.13798164,0.1493138,0.14482845,0.1329306,0.12542963,0.1355455,0.12324028,0.14385392,0.14763945,0.13055809,0.117628895,0.14295058,0.11384159,0.10775249,0.10630521,0.142642,0.1298171,0.14770791,0.123273276,0.13491678,0.11984609,0.13697356,0.07950984,0.12621304,0.09263664,0.10309571,0.12345083,0.1115407,0.10182118,0.11785041,1,tachypnea_fast,fast_breathing_01
0.48585877,0.40347952,0.83044606,0.05100083,0.48200053,2.377885,0.2131996,0.81553656,0.2614225,0.56236786,0.75,0.28320312,16.992188,0.47207206,0.52792794,0.75062364,0.9579905,0.13992617,0.15080339,0.13522582,0.12344174,0.15348999,0.14747153,0.12835124,0.11853031,0.14025193,0.15053758,0.12400271,0.12951843,0.14378156,0.11970341,0.12177353,0.14616531,0.1111034,0.15415111,0.15362352,0.15873507,0.16569261,0.1355399,0.15200832,0.16011922,0.12926918,0.14105785,0.17000856,0.11633693,0.18536927,0.15606816,0.15686536,0.14363603,0.15163718,0.16252796,0.12904267,0.14497685,0.1320586,0.15888664,0.15897508,0.14004108,0.12522332,0.1499405,0.12224114,0.111903384,0.1156692,0.13299079,0.13598645,0.14033028,0.12264634,0.14673704,0.110014796,0.15341537,0.08692945,0.121360675,0.10737747,0.11493228,0.11434514,0.118683256,0.13121188,0.13675861,0.14076675,0.1738063,0.15529963,0.15674677,0.16950554,0.13901833,0.121907845,0.1605335,0.11213292,0.16870292,0.14712383,0.16171436,0.18811125,0.15392524,0.16041605,0.1608127,0.12394513,0.15133718,0.17691404,0.12400947,0.16263425,0.13504507,0.13940416,0.14940114,0.14316227,0.13612324,0.123915374,0.1352302,0.12699437,0.14174274,0.14767581,0.13066055,0.11635249,0.14209725,0.11435443,0.10821105,0.11128074,0.14222035,0.12783086,0.1506662,0.12724148,0.13350506,0.12267319,0.13511564,0.08043382,0.12778115,0.10242767,0.10504794,0.12002323,0.10972843,0.106302,0.11994822,1,tachypnea_fast,fast_breathing_01
0.4889807,0.40519565,0.82865363,0.05170455,0.47882885,2.400652,0.22155404,0.8411697,0.26338804,0.49866387,0.625,0.26367188,15.8203125,0.57776475,0.42223525,0.5485885,0.9277933,0.14101213,0.15094484,0.13451014,0.12307797,0.15343903,0.14770924,0.12850639,0.11811112,0.13970377,0.14969453,0.12491605,0.13216732,0.14642647,0.119762056,0.12400845,0.14943801,0.114989646,0.1544808,0.15317379,0.15818429,0.16621262,0.1368664,0.15095957,0.16395378,0.12851983,0.14205007,0.16909538,0.116620675,0.18387118,0.15557823,0.1580208,0.14346342,0.15017371,0.16311,0.12858467,0.14498135,0.13345337,0.15704186,0.15659092,0.14001594,0.12435541,0.14842816,0.12121316,0.11149847,0.11547006,0.13237616,0.13462237,0.1406443,0.12298028,0.14510998,0.109826565,0.15221491,0.0876495,0.12069947,0.110058635,0.1146533,0.112803996,0.11875092,0.13067217,0.13394961,0.13967618,0.17052333,0.15585884,0.15734455,0.16978575,0.13920777,0.12369739,0.1592061,0.11443666,0.16929002,0.14548256,0.16093697,0.18926127,0.15419054,0.16122489,0.16017261,0.12298755,0.15190482,0.17732942,0.12270999,0.16187918,0.13823973,0.13857824,0.1487585,0.1437552,0.13848943,0.12568869,0.1346303,0.12743084,0.1447798,0.14767501,0.13049175,0.115781784,0.14264852,0.11317087,0.10826377,0.11207108,0.13931562,0.12863497,0.151861,0.12695387,0.13201556,0.12221068,0.13566361,0.078090996,0.12866516,0.103948526,0.10295108,0.118597925,0.109298624,0.10484993,0.12033755,1,tachypnea_fast,fast_breathing_01
0.4937432,0.39881876,0.8077453,0.050999105,0.5232656,2.3163664,0.23967096,0.8385258,0.2858242,0.47928095,0.6111111,0.2734375,16.40625,0.6142369,0.38576314,0.48737466,0.9261879,0.14059281,0.15180656,0.13452658,0.12225462,0.15375094,0.14792587,0.12811807,0.11787553,0.13812761,0.14536579,0.12295874,0.13281484,0.1452657,0.11789557,0.12776074,0.1478855,0.11748548,0.15517335,0.15248834,0.15939309,0.1650919,0.13765964,0.1518506,0.16434172,0.12825863,0.14243363,0.16861843,0.11724885,0.18642457,0.15854771,0.15834066,0.14234802,0.15212129,0.16529149,0.12998523,0.14453828,0.13418795,0.16028553,0.15658997,0.1409718,0.12394692,0.1493432,0.11967824,0.11192299,0.114358135,0.12815362,0.13488361,0.13953792,0.12198411,0.14658086,0.1085923,0.15274908,0.08464324,0.120051086,0.109129325,0.11249023,0.11121172,0.11826239,0.13048576,0.133592,0.13947465,0.16798474,0.15509942,0.15859793,0.17159207,0.13903667,0.1252047,0.16103569,0.11652571,0.16928814,0.14542542,0.1606221,0.188875,0.15412682,0.16246994,0.16176382,0.12473505,0.15213066,0.17772318,0.12251632,0.16267721,0.13944788,0.1379966,0.1481673,0.14294939,0.13633221,0.12778367,0.1339681,0.12588136,0.1448747,0.14472103,0.13057373,0.11616652,0.14294659,0.11223109,0.10823771,0.1113728,0.13840559,0.12837198,0.15160525,0.12647897,0.13281628,0.12181076,0.13668914,0.07635558,0.1285344,0.10399245,0.10153187,0.11776713,0.11319799,0.10393692,0.11766514,1,tachypnea_fast,fast_breathing_01
0.4935851,0.4117705,0.83424413,0.05115079,0.5246801,2.3163664,0.2584253,0.81477934,0.31717214,0.42539635,0.5694444,0.26367188,15.8203125,0.6527734,0.34722662,0.42652526,0.91367424,0.14056222,0.15191157,0.13433744,0.12214124,0.15365608,0.14835212,0.12815082,0.11751323,0.13838051,0.1432855,0.12248528,0.1330529,0.14686267,0.11824217,0.12834589,0.14744194,0.1178731,0.15561163,0.15210126,0.15870517,0.16492093,0.13681276,0.1517368,0.1644343,0.1303747,0.14259699,0.17017062,0.116807215,0.1895864,0.16026327,0.15664834,0.14097561,0.15245008,0.16199331,0.13189404,0.14419946,0.13223128,0.16204534,0.1555204,0.14028047,0.12466451,0.15090781,0.11981703,0.110680774,0.113269694,0.12616166,0.13471425,0.13995989,0.12264839,0.14827046,0.10792446,0.15370171,0.08071765,0.11995973,0.10911323,0.11268863,0.11152139,0.12050525,0.12978677,0.13103856,0.13916382,0.16309212,0.15386432,0.15899293,0.17127797,0.13795315,0.12802745,0.16171978,0.11727682,0.1691131,0.14638501,0.16218184,0.1884808,0.15446788,0.1630197,0.15945855,0.12488536,0.15251525,0.17780663,0.123000324,0.16451931,0.14080335,0.13935336,0.1481548,0.14294009,0.13765283,0.12845771,0.13426785,0.12578027,0.14620692,0.14448552,0.13135363,0.11563433,0.14301908,0.11118747,0.108303495,0.111131005,0.13757934,0.12855415,0.15116918,0.12603931,0.13339922,0.12169245,0.13510281,0.07570465,0.12841311,0.10304093,0.0997383,0.117780566,0.11427008,0.10463064,0.116690755,1,tachypnea_fast,fast_breathing_01
0.51551217,0.3030223,0.58780825,0.044629194,0.6158175,2.106659,0.2100576,0.46326756,0.45342606,0.24430119,0.5138889,0.48828125,29.296875,0.7482673,0.2517327,0.289995,0.8628768,0.14807399,0.11819212,0.12328077,0.13949966,0.15257974,0.12206627,0.12501954,0.13622774,0.089344054,0.20026621,0.10159419,0.16516268,0.097246744,0.22910757,0.17675246,0.12932779,0.16301325,0.14018357,0.16091013,0.19020988,0.08184321,0.11864617,0.08750681,0.15611598,0.13598491,0.11000871,0.19488652,0.09066852,0.07861391,0.10866892,0.14963329,0.08827145,0.08571299,0.13177942,0.15899344,0.10946984,0.09259605,0.12787816,0.18939045,0.13531868,0.13896908,0.108665295,0.10000438,0.12719028,0.121676326,0.071405604,0.121092446,0.11839847,0.13556233,0.107123785,0.08703723,0.27549866,0.107064396,0.17744508,0.15664144,0.07922484,0.10568897,0.18461272,0.1443271,0.13487051,0.10510532,0.2174207,0.12677798,0.16368079,0.096240655,0.22253563,0.16234192,0.14102176,0.15539952,0.12014055,0.18746,0.18191387,0.10349802,0.121663705,0.09469752,0.13502945,0.10816951,0.14224447,0.18341425,0.10211926,0.08905626,0.10969447,0.14282843,0.10423303,0.09034199,0.16336904,0.14310783,0.11602171,0.09133896,0.12457742,0.17674306,0.11836481,0.1291789,0.104568556,0.12090801,0.13111097,0.13898633,0.08536102,0.14498632,0.13560462,0.16143726,0.10576198,0.10220197,0.23933889,0.08277592,0.16443834,0.11802432,0.09613438,0.12770802,0.15445568,0.16808203,0.11499722,2,apnea_hold,apnea_01
0.4750462,0.22842473,0.48084742,0.032528073,0.54930794,2.106659,0.19474253,0.49766985,0.39130867,0.28589138,0.5972222,0.38085938,22.851562,0.73021984,0.26978016,0.31440964,0.8825849,0.14667626,0.120167576,0.12585707,0.13988598,0.14226194,0.13284637,0.13592146,0.13477856,0.090750515,0.19226503,0.10523161,0.15687756,0.100432694,0.22578192,0.17623988,0.13301164,0.15621077,0.13974333,0.15942168,0.1859015,0.084923245,0.118497945,0.091421194,0.1620748,0.14060143,0.11264823,0.18655933,0.09140501,0.082784116,0.11279823,0.15112378,0.086919695,0.091341086,0.13400364,0.16159897,0.11276723,0.09710297,0.13321781,0.18606797,0.13423422,0.14058818,0.116764836,0.10251431,0.13097917,0.12512484,0.073395774,0.12178569,0.11664078,0.13935556,0.11183885,0.0907174,0.26704055,0.11037919,0.17196615,0.15529616,0.084181726,0.109767914,0.17965187,0.1431786,0.13850297,0.11312146,0.18551439,0.14650007,0.13773532,0.120004095,0.18331821,0.15170594,0.121840246,0.12523615,0.10098258,0.18141015,0.15320903,0.12882748,0.12935075,0.112704396,0.15028867,0.119093314,0.15296371,0.15010475,0.106071495,0.11078512,0.13480994,0.13471605,0.122995704,0.1244408,0.17867808,0.12539507,0.13568152,0.10274204,0.13710472,0.17554463,0.13218315,0.13588478,0.12356871,0.14291884,0.13467605,0.15971021,0.094482616,0.1670866,0.12703827,0.1832721,0.11524649,0.12157803,0.17779516,0.094801694,0.14124596,0.0966101,0.11738182,0.15482427,0.12835994,0.17506401,0.11890343,2,apnea_hold,apnea_01
0.3896514,0.21096571,0.5414217,0.03121746,0.5240602,1.6534538,0.19468538,0.45159674,0.43110448,0.2681117,0.5833333,0.38085938,22.851562,0.6818674,0.31813258,0.38292003,0.9000522,0.14195992,0.12787464,0.13133228,0.14024714,0.14052427,0.13381653,0.13810526,0.13461979,0.09998376,0.1809171,0.11610173,0.1336233,0.10770929,0.20605424,0.17352232,0.13285899,0.1441493,0.12873884,0.15976265,0.16451107,0.09754633,0.12734318,0.10494398,0.17497969,0.15120138,0.12401779,0.16372809,0.09745881,0.09468025,0.1303359,0.15635723,0.08864494,0.105711095,0.14296806,0.16895524,0.119357504,0.11467773,0.13888007,0.17449602,0.1235169,0.14602521,0.13678236,0.111852,0.13929087,0.1344092,0.080043204,0.1190334,0.105822355,0.15261313,0.117552996,0.102107815,0.23363261,0.12050418,0.1630369,0.141647,0.102828816,0.12606633,0.16237526,0.1516228,0.14340259,0.110934265,0.17350368,0.14444658,0.13223514,0.12181054,0.17982537,0.15151279,0.11874187,0.11751877,0.111189775,0.179276,0.15427366,0.1315471,0.1269724,0.11252201,0.15257536,0.120449945,0.15076464,0.1456533,0.10894837,0.11515286,0.14095901,0.13590926,0.12190497,0.13017835,0.17762443,0.1238635,0.13486242,0.10482327,0.14259782,0.17571875,0.13538583,0.13646165,0.1259676,0.14330675,0.1455,0.16035709,0.099411584,0.16711201,0.12700547,0.18306245,0.12329035,0.12486674,0.16873188,0.09574954,0.13244176,0.10006508,0.11932861,0.15702124,0.12597457,0.17167513,0.12084442,2,apnea_hold,apnea_01
0.35743007,0.2192292,0.6133485,0.031206526,0.45962015,1.503205,0.17161904,0.49882147,0.34404904,0.31990215,0.5555556,0.38085938,22.851562,0.6555994,0.3444006,0.42220536,0.903791,0.1404485,0.13240871,0.13395673,0.13754706,0.14154299,0.1347903,0.13809973,0.13353741,0.10409031,0.18574972,0.12398391,0.12811875,0.11293665,0.1926239,0.1779268,0.13713332,0.14514308,0.122384086,0.16077591,0.12967579,0.105288185,0.1356155,0.11204258,0.17612433,0.14893165,0.13261442,0.15897061,0.10426472,0.10039864,0.13230282,0.16036078,0.0934435,0.115192525,0.15105104,0.16343945,0.12661584,0.121969536,0.14175808,0.16806619,0.11645775,0.147647,0.1405875,0.12048282,0.14291637,0.13685517,0.08732098,0.12732087,0.1043287,0.15654327,0.11824562,0.10463282,0.2191114,0.12638429,0.16333933,0.1236179,0.10555977,0.13125475,0.14682741,0.15879542,0.12947123,0.10506192,0.16804741,0.1386849,0.13944578,0.12451737,0.17771985,0.1575589,0.11686229,0.12738374,0.11392357,0.17572245,0.15979178,0.13533892,0.13253257,0.10975208,0.14228916,0.112533785,0.14438245,0.14920245,0.11907083,0.11935588,0.16091867,0.13364153,0.11384823,0.1403391,0.17440712,0.11723541,0.12406546,0.1111885,0.14417881,0.18433551,0.13830817,0.13515644,0.13399135,0.14307179,0.13895583,0.15772289,0.10975723,0.15732904,0.12600921,0.17017378,0.12084907,0.123712696,0.16392326,0.096533984,0.12837495,0.10324922,0.12567402,0.1552954,0.13149343,0.16834128,0.122356005,2,apnea_hold,apnea_01
0.32496998,0.20094128,0.6183379,0.031635836,0.44095445,1.3428122,0.18733941,0.40240273,0.46555203,0.25460938,0.6388889,0.38085938,22.851562,0.6248047,0.37519535,0.47031623,0.90667593,0.13963546,0.13555078,0.13765985,0.1336977,0.14158432,0.13528238,0.138618,0.13237369,0.09809906,0.1752752,0.12776625,0.13671188,0.12815227,0.1847178,0.18021476,0.13564962,0.15442891,0.11479838,0.1494623,0.11112561,0.11885896,0.1413793,0.116259426,0.16094503,0.13209154,0.13209645,0.16765682,0.115408525,0.10735822,0.14890455,0.15169835,0.10039172,0.13048738,0.15748286,0.13168561,0.1348536,0.1257008,0.14624996,0.19228564,0.13043879,0.14302434,0.14206767,0.13057262,0.12519425,0.14403145,0.1030519,0.1404213,0.11200494,0.13626266,0.11581345,0.09910823,0.20903149,0.12902233,0.15137585,0.117614254,0.11414539,0.13215,0.14039132,0.1594875,0.12166271,0.10331223,0.16831318,0.13751058,0.14174479,0.12584889,0.17653516,0.16564846,0.11573157,0.12954162,0.123721994,0.17428392,0.14220396,0.13619977,0.13289729,0.106564,0.13959897,0.10930318,0.14252737,0.15199864,0.12369482,0.12288294,0.15871976,0.1389884,0.111189365,0.14498018,0.17532612,0.114099614,0.121459104,0.11157495,0.14690034,0.1874641,0.1393122,0.13504834,0.13291103,0.14522928,0.14124273,0.15759952,0.112478524,0.15671447,0.12682354,0.16672686,0.118711606,0.124780275,0.16566372,0.098625384,0.12719533,0.10158416,0.12122677,0.15534154,0.13050652,0.16802575,0.115646616,2,apnea_hold,apnea_01
0.31408092,0.19940425,0.63488173,0.030940227,0.42337957,1.2599995,0.21054047,0.37640864,0.5593401,0.19392727,0.5555556,0.38085938,22.851562,0.5884654,0.4115346,0.53023714,0.9100285,0.13944726,0.13574891,0.13986681,0.13237593,0.13988265,0.13570222,0.1386024,0.13281518,0.097051404,0.16877548,0.12562162,0.14178926,0.13320214,0.18446597,0.17239971,0.13330297,0.15338735,0.117307,0.14835705,0.112539716,0.12461458,0.14082392,0.11725946,0.15702853,0.12792832,0.11774936,0.16962247,0.11732417,0.11152983,0.15478896,0.14778359,0.10918875,0.1348559,0.15885258,0.12323327,0.13988437,0.120372884,0.14755204,0.20326732,0.13554016,0.13988775,0.14711559,0.1337796,0.12802267,0.14969519,0.10669406,0.14322367,0.11511359,0.13298304,0.11905534,0.10049065,0.19451141,0.12484253,0.13401757,0.11878148,0.11892081,0.1346296,0.13989742,0.15890877,0.12873487,0.10365308,0.1583339,0.1390121,0.1393573,0.12903859,0.17509477,0.17107818,0.11117083,0.13371664,0.1258088,0.16643843,0.12768611,0.13808581,0.13043459,0.102981605,0.12919688,0.10241773,0.14692709,0.15472275,0.12849626,0.12641399,0.1616484,0.14012362,0.11028669,0.15197758,0.17850178,0.09566667,0.122049324,0.11419949,0.15149651,0.19769521,0.14306943,0.13376251,0.12506649,0.14838326,0.13452336,0.16188072,0.11665457,0.15738365,0.13055487,0.16151954,0.11931016,0.12475261,0.16486357,0.10025127,0.1240626,0.102933,0.1223132,0.15934402,0.1291452,0.17270616,0.114841245,2,apnea_hold,apnea_01
0.31839022,0.22322366,0.7011009,0.030937959,0.4374074,1.287625,0.19232544,0.41317788,0.46547854,0.23919941,0.5833333,0.38085938,22.851562,0.5527824,0.44721758,0.5927908,0.9172096,0.13831243,0.13592564,0.13942955,0.13389699,0.13875444,0.13652904,0.13853985,0.13287173,0.09811544,0.16780834,0.12863326,0.14340432,0.12982017,0.18545955,0.16736288,0.13134514,0.1501697,0.116654925,0.14601149,0.10862195,0.12465439,0.14020556,0.11567452,0.15964922,0.13360398,0.113489576,0.1781504,0.11656214,0.112109646,0.15136664,0.13983563,0.11741966,0.13298889,0.15597749,0.12516864,0.14072332,0.11913943,0.15231304,0.19655998,0.13867985,0.14061417,0.1435796,0.13132563,0.12905857,0.14982283,0.10586895,0.13973027,0.11298989,0.14439318,0.12540062,0.10459639,0.1972185,0.12241652,0.12863897,0.1170092,0.11356602,0.14153387,0.14051841,0.15919434,0.13318512,0.10474707,0.15841006,0.13570534,0.13850571,0.12951404,0.17375113,0.16767722,0.11220941,0.13096285,0.13041139,0.16603257,0.11824619,0.13763472,0.12769784,0.104771696,0.1282963,0.10366521,0.15223503,0.15591986,0.12954818,0.12954126,0.15837234,0.14319116,0.108014666,0.15404849,0.17957546,0.09464529,0.123149715,0.110691525,0.15143454,0.19674453,0.14039898,0.13309601,0.12471413,0.14775942,0.13993289,0.16678727,0.1163711,0.1552926,0.13061826,0.16624668,0.12037366,0.12719367,0.16494694,0.10184682,0.117793016,0.10494276,0.1172975,0.15571903,0.12628092,0.18114065,0.112932526,2,apnea_hold,apnea_01
0.32234633,0.21527828,0.6678478,0.03019072,0.45711708,1.301846,0.2061257,0.3644234,0.5656215,0.1911729,0.6388889,0.41992188,25.195312,0.5021053,0.49789473,0.6889455,0.93386424,0.13760081,0.1376844,0.13751785,0.13393193,0.13932788,0.13648023,0.13996412,0.13136277,0.0973209,0.1797215,0.121658035,0.143644,0.13234875,0.18316562,0.16049775,0.130521,0.14758854,0.115220934,0.14343724,0.108476505,0.12520969,0.13668217,0.11465801,0.16063902,0.13762423,0.117640175,0.1863194,0.11632306,0.11384025,0.15107957,0.13790034,0.11911714,0.13405316,0.16402066,0.12494885,0.13717385,0.11678208,0.14732176,0.19527088,0.12803265,0.13506524,0.13989225,0.13045831,0.13261746,0.15558335,0.106119744,0.13846569,0.11270512,0.15110992,0.12775065,0.105463095,0.20220573,0.12592141,0.122262836,0.1167545,0.110840335,0.12968326,0.13288356,0.17238876,0.13114595,0.10677927,0.1607315,0.14199145,0.14584792,0.12667195,0.1707473,0.16229469,0.10981098,0.13124065,0.13358589,0.16511777,0.11438046,0.14206259,0.12809217,0.10584669,0.1289316,0.10643544,0.15058641,0.16448994,0.12958834,0.13163927,0.15802357,0.12963112,0.11139377,0.15669678,0.1728879,0.09715364,0.13540187,0.10536513,0.15149173,0.1879852,0.15317237,0.12812464,0.12855779,0.14668308,0.14003651,0.1659498,0.12277018,0.15684162,0.13202901,0.16819261,0.12594822,0.1326261,0.16207442,0.10330465,0.10630262,0.10718373,0.11287757,0.15906487,0.12440051,0.17079468,0.102916986,2,apnea_hold,apnea_01
0.2936315,0.21850699,0.74415374,0.031030973,0.42351502,1.2281435,0.19785425,0.3818774,0.5181093,0.20049655,0.6944444,0.43945312,26.367188,0.4818421,0.5181579,0.7301388,0.9416877,0.14032933,0.1371235,0.13891181,0.13055666,0.13876759,0.13706808,0.13849762,0.1320903,0.100809254,0.19042546,0.13068116,0.1529933,0.14034474,0.17993772,0.15364143,0.12674241,0.15085314,0.11625535,0.13547266,0.10976337,0.1363613,0.13117217,0.11841727,0.15541382,0.14119709,0.10867148,0.19394802,0.11748523,0.118144885,0.15270239,0.12247645,0.12571357,0.14199887,0.15526411,0.12647454,0.15489577,0.11054297,0.13604307,0.19450171,0.13662498,0.11375735,0.14785424,0.13255529,0.1308476,0.1542644,0.12268832,0.14480332,0.120044395,0.14271112,0.13299683,0.110756926,0.19158666,0.12857641,0.09769099,0.12350975,0.117439196,0.12519443,0.12639743,0.16419065,0.116141796,0.10548945,0.16416602,0.1405651,0.14490905,0.123779885,0.1686772,0.15976505,0.1060068,0.1364038,0.13383965,0.16227822,0.11557839,0.14252008,0.1274773,0.10758914,0.13502473,0.101990364,0.14959575,0.1809913,0.12904914,0.13091943,0.1548014,0.11869361,0.111178994,0.1607596,0.17381433,0.09539423,0.1331207,0.105721205,0.1493445,0.18657964,0.1522363,0.12746148,0.12721875,0.14459153,0.14191976,0.15739675,0.123093314,0.15639098,0.13163726,0.17186135,0.12847039,0.13194469,0.16976762,0.099233754,0.102985516,0.109451964,0.11119572,0.1511227,0.12038133,0.18042237,0.10869916,2,apnea_hold,apnea_01
0.2859272,0.2178663,0.7619642,0.031115081,0.41715887,1.1334099,0.19568369,0.31951687,0.6124361,0.17027108,0.5833333,0.24414062,14.6484375,0.4715095,0.5284905,0.75181603,0.94344264,0.14284925,0.13640241,0.13847882,0.12909228,0.13989086,0.13844445,0.1367822,0.13160636,0.109850235,0.1810432,0.1513823,0.14855582,0.1400216,0.17423192,0.14975162,0.12182247,0.16112684,0.114200205,0.13714394,0.12778805,0.14012209,0.13157676,0.13566628,0.15590617,0.12478013,0.107527934,0.1956128,0.113729574,0.121049725,0.14745219,0.09800699,0.13463792,0.15687229,0.15041253,0.119934835,0.16134796,0.10880934,0.14172316,0.18718858,0.14126134,0.11054167,0.14905533,0.13558595,0.1302708,0.12941362,0.1331143,0.15197782,0.122016884,0.1490169,0.13727999,0.11128944,0.1807078,0.10143468,0.085122086,0.12102908,0.115001805,0.13083254,0.12634498,0.16966802,0.12845537,0.102682345,0.17882621,0.14426008,0.14787748,0.11840691,0.17440377,0.16063477,0.1042205,0.14276023,0.13422914,0.15235014,0.11159744,0.14633222,0.12853263,0.12801383,0.14047879,0.10651134,0.13488416,0.18433975,0.13265508,0.13329574,0.16079924,0.108672515,0.11422683,0.16693678,0.1604313,0.09574501,0.13233721,0.10529534,0.1389341,0.18733317,0.15379602,0.11840007,0.13116984,0.13908164,0.14098775,0.15194453,0.12319368,0.15995032,0.13411245,0.16087322,0.12842599,0.13196304,0.17002577,0.11067017,0.0978009,0.11090501,0.11694517,0.14782995,0.11918046,0.1721371,0.110013485,2,apnea_hold,apnea_01
0.29349914,0.19203956,0.65431046,0.030636216,0.41127977,1.1749926,0.21332416,0.34924603,0.61081344,0.16970293,0.6805556,0.25390625,15.234375,0.50332135,0.49667862,0.6865264,0.93310356,0.14305264,0.13940917,0.13657534,0.12738734,0.14117521,0.14019471,0.13523646,0.13010688,0.1161959,0.18393448,0.15687841,0.15060352,0.13120374,0.17290752,0.1397304,0.12669803,0.1683505,0.1073377,0.1403467,0.12817253,0.13732485,0.13891843,0.15919934,0.15706602,0.11376903,0.10446193,0.18363701,0.111849956,0.13090798,0.15246198,0.09972266,0.14293565,0.16565488,0.15173432,0.11291572,0.15985298,0.10351814,0.14063674,0.17813204,0.13577098,0.113013685,0.14779113,0.13244975,0.13630287,0.12797894,0.1349074,0.15220913,0.1167068,0.15055148,0.14694269,0.10119723,0.17625321,0.10733955,0.087997295,0.101587705,0.11293699,0.12403304,0.120268755,0.1669477,0.14327297,0.10481791,0.18066497,0.15552709,0.14380524,0.118362114,0.17450935,0.15988809,0.1058517,0.14430228,0.13292156,0.14786704,0.12030492,0.14645542,0.13062969,0.14010917,0.14425974,0.10624533,0.13323079,0.1835393,0.13267276,0.13473581,0.16091867,0.10479656,0.12021755,0.17228061,0.15889536,0.09516147,0.12910196,0.10372077,0.13706517,0.18569008,0.15103675,0.119479865,0.13188018,0.13935114,0.13989797,0.14206211,0.12081026,0.16281614,0.13296802,0.15962645,0.12862001,0.1271154,0.16907167,0.10239845,0.097037524,0.111716166,0.11721635,0.14415126,0.11620137,0.17182931,0.113437556,2,apnea_hold,apnea_01
0.2920315,0.20279375,0.69442415,0.032278255,0.407224,1.1603513,0.19360675,0.33095154,0.5850003,0.1801465,0.6388889,0.234375,14.0625,0.41228184,0.5877181,0.8860481,0.9389174,0.14258724,0.1405627,0.13643005,0.12655982,0.1425407,0.14439864,0.13362189,0.12717417,0.12210922,0.18310367,0.1617885,0.15345956,0.12862559,0.16883278,0.1310722,0.12828417,0.1679512,0.10445002,0.138078,0.12826191,0.13761735,0.13883625,0.16385187,0.1560838,0.11250756,0.1052145,0.18265225,0.1128683,0.13034864,0.15238318,0.10208744,0.14750291,0.16799445,0.15498385,0.10508351,0.15718018,0.1025483,0.13884468,0.17570354,0.13572802,0.11820923,0.15022078,0.13415113,0.13787965,0.12968126,0.13464694,0.15371342,0.11552426,0.15040535,0.15005952,0.09614953,0.174091,0.11157188,0.08500807,0.095175855,0.11508818,0.12533224,0.1166888,0.16573557,0.1444474,0.1240485,0.18025775,0.15958491,0.1545012,0.115630716,0.17176709,0.14966846,0.11459899,0.14537299,0.13223116,0.14624715,0.118528485,0.14059155,0.14395267,0.1619467,0.13720918,0.10937267,0.12648845,0.17040233,0.1331804,0.14580387,0.16308714,0.11415245,0.1394407,0.17734979,0.15479599,0.09799491,0.12015784,0.09455977,0.13347857,0.17342098,0.14641929,0.12988116,0.13959435,0.13604523,0.14164796,0.14039883,0.12698838,0.15649725,0.12636691,0.15807374,0.13983123,0.11445818,0.16179504,0.1013174,0.09419005,0.10411849,0.12102416,0.13163562,0.11529247,0.1653282,0.11983272,2,apnea_hold,apnea_01
0.2913284,0.17614795,0.6046371,0.03065732,0.40870082,1.2170782,0.19304079,0.37313518,0.5173481,0.23170272,0.5555556,0.234375,14.0625,0.46738678,0.5326132,0.7605981,0.93249995,0.1434147,0.14259316,0.13582025,0.12523983,0.14151178,0.14625415,0.13389996,0.12599407,0.14484577,0.17713802,0.16056113,0.16009925,0.12282593,0.16515599,0.12624425,0.13145797,0.16529027,0.1112163,0.1387335,0.13198547,0.12883736,0.14555722,0.1704094,0.14159082,0.11581367,0.106042325,0.17181629,0.11838324,0.13383119,0.14859182,0.11882285,0.15854469,0.16847858,0.15582903,0.11132296,0.1428671,0.09672597,0.13503487,0.16506821,0.13987938,0.13435796,0.15954868,0.12934484,0.13770908,0.12886539,0.14585856,0.1390803,0.1085373,0.1527803,0.15383244,0.08767938,0.16619669,0.10192442,0.08258018,0.09939664,0.124059826,0.12097007,0.12377341,0.16352339,0.14286382,0.12848184,0.17369035,0.16371883,0.15936339,0.114430994,0.16536841,0.14147058,0.116337605,0.14437187,0.13319884,0.13686536,0.11863701,0.14371805,0.14774618,0.16550802,0.13076577,0.10876226,0.12214868,0.17442603,0.13677196,0.14969367,0.16549936,0.11933862,0.14588659,0.17985326,0.15490358,0.09403613,0.1223911,0.096680745,0.122169144,0.16884254,0.15169305,0.13423258,0.14350936,0.13356176,0.1430519,0.1464707,0.1284947,0.15556574,0.122887954,0.1549843,0.14249767,0.11080235,0.15762566,0.107925646,0.08778684,0.10129937,0.12280124,0.13191429,0.11468223,0.16086997,0.121845365,2,apnea_hold,apnea_01
0.28510126,0.19379385,0.67973685,0.030481726,0.40725565,1.2027087,0.1871315,0.38345248,0.48801744,0.26306093,0.6944444,0.234375,14.0625,0.5093245,0.4906755,0.67467,0.92422515,0.14289147,0.14303532,0.13656868,0.12473994,0.14157486,0.14763053,0.13361588,0.12441933,0.15200709,0.16602893,0.15786363,0.16210553,0.12759697,0.15859072,0.12192673,0.13322073,0.16468108,0.11284055,0.13310876,0.1407443,0.12687397,0.14974988,0.1741859,0.12971775,0.11092258,0.107000336,0.17125526,0.12161265,0.13767795,0.14939088,0.12677173,0.16101943,0.16933791,0.15081683,0.11916078,0.14779249,0.10225376,0.11985523,0.15491264,0.14618362,0.1382134,0.16432773,0.12812531,0.1385616,0.13190763,0.15461488,0.12948379,0.09923145,0.15069762,0.15072322,0.078981735,0.16433759,0.10369521,0.08628367,0.10131617,0.12912904,0.12171647,0.12709847,0.1652524,0.14315614,0.14122559,0.1717999,0.16317537,0.16162412,0.10691442,0.16907799,0.13896638,0.11655234,0.1433826,0.13460155,0.13574219,0.11707721,0.1403335,0.15182059,0.1630032,0.1238934,0.11391618,0.11944108,0.17413402,0.14400116,0.1484787,0.16346769,0.13114324,0.15683775,0.17880729,0.15025267,0.09433855,0.113773786,0.09523942,0.12213319,0.16550411,0.15584262,0.14100608,0.1503599,0.12554832,0.14417954,0.1471766,0.13175404,0.15015021,0.1185391,0.15595116,0.15083086,0.10812875,0.14846292,0.10851939,0.077700436,0.099600896,0.12560359,0.1278821,0.11621341,0.15492691,0.1250918,2,apnea_hold,apnea_01
0.28591686,0.23091894,0.80764365,0.03080384,0.406491,1.2207761,0.17621067,0.38585863,0.45667157,0.23544495,0.5555556,0.234375,14.0625,0.5590205,0.44097948,0.58156914,0.91646755,0.14323923,0.142516,0.1367917,0.12459785,0.14116988,0.14753023,0.13501866,0.124463156,0.15511678,0.16769025,0.15763499,0.15875332,0.12665951,0.1649701,0.12350406,0.1302491,0.16421252,0.11248327,0.13277906,0.14079964,0.12725736,0.15301415,0.17285296,0.12980625,0.10927613,0.107286125,0.16953474,0.12329511,0.13132526,0.1495092,0.13105904,0.1634468,0.16994536,0.14235678,0.11996907,0.14804687,0.10331803,0.11888822,0.15388109,0.14766169,0.13923883,0.16898763,0.12600303,0.13741197,0.1316846,0.15401931,0.12918188,0.09756488,0.15051542,0.15185528,0.079064265,0.16088945,0.10482535,0.08426611,0.1016498,0.12844542,0.12260314,0.13142909,0.16272482,0.14393899,0.14582756,0.16144283,0.15689301,0.16174647,0.113641426,0.16782445,0.14766432,0.11546947,0.1379576,0.13441056,0.13296741,0.121237375,0.13812593,0.15619156,0.16235186,0.12155057,0.11321864,0.12011687,0.17392251,0.14359318,0.14826843,0.16407931,0.13630028,0.15767603,0.17605466,0.14456904,0.10130495,0.11491399,0.10305801,0.11758536,0.15938535,0.16190515,0.14192563,0.1558729,0.12402885,0.14513938,0.14802252,0.13455147,0.14754906,0.11122323,0.15514696,0.15025212,0.10930049,0.14516991,0.110519655,0.08618651,0.099628344,0.12918372,0.12171442,0.12104235,0.15426622,0.124387085,2,apnea_hold,apnea_01
0.2846922,0.26066342,0.9155973,0.030291645,0.39951158,1.1941719,0.20098504,0.3849454,0.52211314,0.2086563,0.6944444,0.234375,14.0625,0.6049937,0.3950063,0.50253725,0.90177816,0.14318788,0.14204393,0.13783753,0.124679476,0.14098161,0.14680512,0.13503797,0.12544629,0.15428302,0.16105148,0.15187177,0.16116221,0.13298005,0.16077542,0.13272394,0.12934113,0.15920117,0.11680935,0.13125758,0.14076407,0.12922129,0.1579669,0.17181714,0.12929124,0.10920581,0.10726417,0.16837303,0.12304076,0.12677722,0.15150768,0.13264646,0.16346793,0.164929,0.14028387,0.12446366,0.1433635,0.107880585,0.11861003,0.1510042,0.15438761,0.14395076,0.17712258,0.121809304,0.13686536,0.13038453,0.15474422,0.12730144,0.090132624,0.15178366,0.15092173,0.08854278,0.15590827,0.10654602,0.08819513,0.100793116,0.13036938,0.11566485,0.14097893,0.15908471,0.14191201,0.15020104,0.1656049,0.15529989,0.15439774,0.11602412,0.17256947,0.14916568,0.110386595,0.13681833,0.13312201,0.13154519,0.12112862,0.13649736,0.15762678,0.16602395,0.12190704,0.1107385,0.1196576,0.16990912,0.14142776,0.14840455,0.16526344,0.13831446,0.15641463,0.17533582,0.13744298,0.10218782,0.11692494,0.1040489,0.11790739,0.15949725,0.16173466,0.14145862,0.1567148,0.12449214,0.14278829,0.14696604,0.13366938,0.1471035,0.11163648,0.15461572,0.15268438,0.11186597,0.14771147,0.11773097,0.088240236,0.09961727,0.12684089,0.11794636,0.12139118,0.15394194,0.12657891,2,apnea_hold,apnea_01
0.28511158,0.20001599,0.7015358,0.030592682,0.3808215,1.221847,0.17610279,0.39405018,0.44690448,0.22752447,0.6111111,0.24414062,14.6484375,0.5997532,0.40024683,0.5112371,0.90485555,0.14157046,0.14275384,0.1384025,0.12513725,0.1406736,0.14768773,0.1341402,0.12632054,0.1508525,0.16119447,0.15171395,0.15674254,0.13439998,0.1551844,0.13216835,0.12777555,0.1552335,0.11807939,0.12476386,0.14179604,0.13051145,0.15892856,0.1798265,0.12680645,0.108401164,0.10771646,0.1658687,0.12598342,0.13445479,0.15821576,0.13029279,0.16307569,0.1619465,0.1342831,0.13072644,0.14514147,0.10852063,0.117148094,0.14979474,0.15594494,0.14891233,0.17834748,0.11844997,0.13189495,0.12920244,0.15543675,0.12971243,0.090005584,0.15194052,0.1478335,0.09046126,0.15758635,0.11320248,0.08920021,0.10137672,0.12798613,0.115663216,0.14029475,0.16098966,0.14024402,0.15103832,0.16479062,0.15061706,0.15271173,0.11603748,0.17092006,0.1499612,0.11735405,0.13738659,0.1314218,0.1290624,0.12333323,0.13412215,0.15748687,0.16582118,0.122953966,0.11297947,0.12463045,0.16776477,0.14050648,0.15353219,0.1642605,0.13923298,0.15775584,0.17360352,0.13941224,0.09962124,0.11441284,0.10493105,0.11853995,0.15459897,0.16239148,0.13944405,0.15627591,0.122126274,0.14178102,0.14627343,0.13364309,0.14978313,0.10779939,0.1528417,0.15380199,0.115916125,0.14578721,0.12396556,0.09385226,0.10408019,0.12513815,0.11284973,0.12552156,0.1525668,0.12804636,2,apnea_hold,apnea_01
0.29618612,0.23367757,0.7889551,0.030109018,0.42491204,1.2171894,0.22015741,0.3695382,0.5957636,0.1668182,0.6388889,0.24414062,14.6484375,0.6141953,0.38580474,0.48744237,0.9045081,0.14010447,0.14625527,0.13716577,0.12511308,0.13905768,0.14798266,0.13319208,0.12899719,0.15095074,0.15854873,0.15329705,0.15387665,0.12929292,0.15422098,0.12852874,0.12887871,0.15610854,0.11743271,0.12189972,0.14170353,0.12661916,0.15721431,0.18047845,0.12563013,0.11890229,0.1268901,0.16353638,0.12844849,0.14369492,0.15936409,0.1302802,0.16517492,0.16292001,0.13878424,0.1300076,0.14594969,0.10877204,0.11537007,0.14333272,0.15095274,0.14423783,0.1745707,0.116139375,0.12866569,0.13125654,0.15542263,0.1384773,0.08935978,0.14979003,0.14372928,0.085706316,0.14565998,0.116722755,0.091973886,0.11259553,0.12683655,0.12362497,0.136614,0.1644937,0.13936341,0.14950062,0.1691685,0.14857799,0.14766179,0.11659056,0.16206574,0.14758432,0.122877695,0.13605152,0.1314352,0.119131126,0.12475908,0.13234574,0.15879335,0.16773371,0.11940259,0.11398201,0.12784876,0.16543628,0.14122345,0.15848991,0.16424122,0.13807368,0.15611523,0.17261621,0.13981816,0.09594301,0.11507154,0.10607061,0.11874108,0.15392691,0.16145992,0.13855846,0.15499352,0.11302046,0.14360163,0.14200728,0.13484013,0.15326256,0.10582484,0.15234305,0.15416317,0.11554629,0.14788581,0.13716255,0.10451899,0.10978347,0.1271862,0.11557489,0.12840307,0.14932656,0.12924455,2,apnea_hold,apnea_01
0.2987386,0.20049067,0.6711241,0.033096574,0.43828776,1.2171894,0.20670776,0.38094968,0.54261166,0.17338903,0.6111111,0.24414062,14.6484375,0.62091017,0.37908983,0.47656888,0.9027203,0.13994902,0.14753811,0.13675581,0.12468868,0.14170253,0.14955552,0.12971798,0.12894121,0.14988127,0.15892215,0.1480252,0.15566273,0.13289301,0.14307787,0.1331346,0.13263865,0.15486781,0.118736,0.12253931,0.14076954,0.12818919,0.15994945,0.18355867,0.12447389,0.12206034,0.13021983,0.16512097,0.13093145,0.147415,0.1596616,0.12750852,0.16417825,0.16285826,0.14005917,0.124308795,0.14693518,0.1096404,0.12029636,0.14370722,0.14884731,0.14340726,0.17304906,0.11165296,0.13014679,0.12795612,0.15430665,0.14357142,0.09072597,0.15026861,0.14416932,0.083885014,0.13802917,0.11916209,0.09525005,0.114344835,0.12813301,0.12644885,0.13114859,0.1601733,0.13921395,0.15746479,0.16514221,0.14101432,0.1530034,0.11787205,0.15960036,0.14766915,0.13835074,0.14729036,0.12997416,0.122262284,0.1287959,0.13369316,0.15893084,0.16672699,0.122533806,0.13025616,0.14657524,0.16104583,0.14122608,0.15997475,0.15737122,0.13624114,0.151711,0.16641219,0.14521646,0.09830655,0.11573568,0.10472631,0.1219624,0.14524959,0.14631578,0.12696894,0.1533766,0.10859455,0.1415149,0.13209051,0.13284516,0.15864679,0.10147293,0.14837629,0.1477553,0.101086825,0.13898014,0.13887832,0.108348824,0.11719549,0.12803404,0.12611862,0.12914823,0.1588252,0.13201544,2,apnea_hold,apnea_01
0.32582968,0.2317652,0.71130776,0.03355575,0.44739506,1.3582366,0.20141223,0.39702266,0.50730664,0.20250215,0.625,0.24414062,14.6484375,0.65460557,0.34539443,0.42372245,0.8937219,0.1438763,0.14822601,0.13295655,0.123674,0.14291446,0.14905976,0.12839873,0.12950386,0.15249906,0.15638454,0.13899447,0.17013738,0.13622984,0.14242159,0.13827127,0.14349146,0.16185008,0.1223806,0.12638193,0.1367676,0.14458203,0.15991504,0.18189976,0.12344784,0.13225368,0.13667455,0.16751295,0.13418563,0.14653233,0.15755424,0.12677348,0.15892068,0.15957065,0.14169735,0.11743636,0.14371355,0.10664649,0.122689046,0.14382783,0.13996372,0.13656227,0.16864447,0.10911338,0.12745269,0.117718846,0.1485821,0.14608435,0.097017094,0.1515832,0.13778582,0.077368736,0.13271803,0.11650005,0.094520085,0.109989375,0.124344714,0.13238068,0.13263953,0.16311763,0.13779704,0.1629404,0.16568816,0.13188833,0.15600152,0.115957215,0.15751441,0.1530792,0.14196736,0.15001585,0.12804751,0.12664963,0.13467468,0.1334637,0.15911025,0.16742143,0.12555449,0.13255611,0.14893231,0.15914126,0.14099844,0.1587126,0.1537256,0.13579446,0.14898437,0.16048647,0.1463591,0.099529006,0.112906076,0.10467652,0.13018951,0.14219162,0.13737795,0.12197895,0.15294015,0.10799764,0.14316364,0.12765938,0.12861963,0.15995347,0.099320106,0.14781581,0.14785145,0.09734907,0.13908875,0.13987777,0.11034767,0.11817066,0.12920012,0.12866119,0.13161446,0.16050978,0.13374335,2,apnea_hold,apnea_01
0.32912546,0.25039858,0.7607998,0.037091672,0.4677726,1.3582366,0.24280542,0.39812958,0.60986525,0.17070389,0.5,0.24414062,14.6484375,0.66775024,0.33224976,0.40384108,0.8908024,0.1452513,0.14744893,0.13227329,0.123844154,0.14673673,0.14818703,0.12595677,0.12821582,0.15833688,0.15608716,0.13464786,0.17218043,0.13102348,0.1421619,0.14397228,0.14307234,0.16300435,0.12203298,0.1297792,0.14441277,0.14755537,0.15800378,0.1809165,0.12636654,0.13243732,0.13741618,0.16554105,0.13471828,0.1434608,0.15540273,0.12692565,0.15918411,0.15379424,0.14266886,0.11660759,0.14113872,0.10515818,0.13219956,0.14194462,0.135171,0.13484137,0.16605216,0.10972875,0.12891544,0.1145262,0.1452121,0.14805709,0.09452449,0.15094313,0.13834018,0.07682757,0.13484268,0.11839528,0.09500736,0.109707534,0.12488436,0.13296539,0.13357648,0.16255002,0.13740951,0.16909131,0.16364685,0.1273441,0.16737176,0.118522204,0.15493305,0.15875229,0.15139863,0.15905994,0.12596235,0.13358666,0.13801278,0.13989545,0.15898767,0.16689345,0.12763919,0.13553688,0.15204225,0.16261551,0.1423988,0.15403053,0.14689916,0.13368733,0.13975516,0.15588075,0.1500647,0.0952194,0.106019355,0.10491295,0.13890167,0.14065325,0.1303348,0.11751211,0.1471887,0.10637264,0.14255483,0.12301574,0.12184715,0.16290544,0.09856174,0.1502794,0.14085536,0.092501506,0.1369822,0.13973533,0.10874775,0.11386841,0.12718712,0.12948827,0.13641265,0.16045952,0.13172644,2,apnea_hold,apnea_01
0.3382344,0.27427027,0.8108881,0.03873655,0.49530265,1.3777342,0.2003677,0.4330222,0.46271923,0.23472537,0.6111111,0.25390625,15.234375,0.67564493,0.3243551,0.3920876,0.89041907,0.14669143,0.14726801,0.13205142,0.12255648,0.14869252,0.1461812,0.12445479,0.12911549,0.16225629,0.15485914,0.13261335,0.17623565,0.13182685,0.13937561,0.15027522,0.14439522,0.16594136,0.121034116,0.13364843,0.14910085,0.14542657,0.15720195,0.1806618,0.12571386,0.13197517,0.139795,0.16923995,0.13508672,0.14328179,0.15044767,0.12536114,0.1528901,0.15390937,0.14891964,0.11374308,0.13758889,0.10526838,0.1377957,0.14472447,0.13360913,0.13539428,0.16041392,0.10810874,0.1293552,0.1157774,0.14164992,0.1532394,0.09189361,0.15007919,0.1353484,0.07844285,0.13420334,0.12016486,0.09357893,0.10695508,0.123161845,0.13061897,0.13367595,0.16086896,0.1342422,0.17855828,0.16613616,0.12813716,0.16727112,0.112327546,0.15814687,0.16143404,0.15556236,0.16066067,0.12442304,0.1412329,0.14261924,0.13649328,0.15844803,0.1671394,0.13417585,0.13535519,0.15270731,0.1567788,0.14253391,0.15032306,0.1363615,0.13345191,0.13418852,0.14729209,0.15159999,0.1001917,0.10130572,0.10042589,0.14698163,0.1346418,0.12275033,0.11381598,0.14094053,0.10795215,0.14489521,0.124767154,0.11436156,0.16488256,0.09569456,0.15241693,0.1410319,0.08851456,0.1403127,0.14550804,0.11114557,0.117665485,0.12840179,0.12604144,0.13494655,0.16358297,0.13323894,2,apnea_hold,apnea_01
0.34231955,0.3077654,0.89905876,0.040447466,0.48429468,1.3998841,0.22766367,0.42182374,0.5397127,0.2127601,0.5277778,0.25390625,15.234375,0.66977465,0.33022538,0.400814,0.8924902,0.14834303,0.14570928,0.13106094,0.12361685,0.14859028,0.14600483,0.12502345,0.128428,0.17299837,0.1580087,0.14006788,0.17377618,0.12806037,0.14901279,0.14877933,0.14600255,0.16517834,0.120241344,0.13768849,0.14826295,0.14038211,0.15469156,0.18280648,0.12879427,0.13338506,0.14045784,0.16238582,0.13591307,0.14237154,0.13885795,0.12508593,0.14634208,0.15085572,0.15227324,0.12006842,0.13653581,0.09998912,0.13963827,0.13594599,0.13260917,0.1347717,0.14911047,0.10870615,0.13152741,0.11917534,0.13826215,0.15745221,0.09464477,0.15286644,0.13577348,0.07651976,0.13597912,0.12963474,0.096720435,0.11219215,0.120840624,0.12576804,0.12617539,0.16693206,0.13297206,0.18512763,0.16394363,0.1294096,0.16758172,0.10911182,0.16058677,0.15879686,0.15805876,0.16084667,0.11927925,0.14140232,0.14319198,0.13433672,0.15595217,0.17075258,0.13207322,0.13576238,0.15213886,0.15911204,0.14306752,0.14959392,0.13146259,0.12911575,0.13128546,0.14586997,0.16187628,0.10007055,0.100778684,0.10542634,0.1465296,0.13688701,0.12694669,0.11587197,0.1406058,0.10508001,0.14071453,0.12656859,0.11020417,0.16962095,0.10022256,0.15171464,0.13566475,0.09112509,0.13907616,0.14805676,0.11024725,0.114645146,0.1261419,0.12246469,0.13557681,0.16376223,0.13086598,2,apnea_hold,apnea_01
0.3542987,0.28255343,0.79750067,0.040483087,0.5176852,1.3969246,0.21624771,0.42591146,0.50772923,0.22105867,0.6111111,0.25390625,15.234375,0.61217904,0.38782096,0.49073046,0.9041431,0.14760332,0.14582938,0.13224888,0.12294974,0.14866655,0.14470686,0.12416365,0.12981571,0.18512882,0.15454361,0.1432942,0.16996352,0.12437485,0.15644112,0.1437435,0.14506431,0.16141662,0.11412964,0.13528654,0.1482883,0.13716811,0.150843,0.18730125,0.126337,0.13523577,0.14187576,0.1602162,0.13580865,0.14510897,0.13672748,0.11772314,0.14801697,0.1484391,0.16214868,0.121114455,0.13575378,0.10931959,0.14024639,0.13417725,0.14060742,0.13958447,0.14763099,0.105314575,0.12667297,0.12237234,0.13558514,0.16085602,0.10001853,0.1499658,0.13232979,0.0855383,0.13509806,0.13215907,0.09523997,0.109088846,0.11948567,0.121643,0.123339005,0.16496068,0.12947996,0.18844,0.1666878,0.13302927,0.16408615,0.10531834,0.1661418,0.15560001,0.16294429,0.15759376,0.11845687,0.14183389,0.14109668,0.13143633,0.15522704,0.17214726,0.13463989,0.13704051,0.15233259,0.15550561,0.14230832,0.14870805,0.11871147,0.12987496,0.12829201,0.14062957,0.16577199,0.10215817,0.10316211,0.10343339,0.14654593,0.12740184,0.12588422,0.119031064,0.13716927,0.100309074,0.14168142,0.12838699,0.10625197,0.17271206,0.10207122,0.15610524,0.1367195,0.09001665,0.14010487,0.15499167,0.11224591,0.114685096,0.121912755,0.121145085,0.13369457,0.17143573,0.13247602,2,apnea_hold,apnea_01
0.35203892,0.28953722,0.8224579,0.041976426,0.5121188,1.3981565,0.20420034,0.44070745,0.46334666,0.21506688,0.75,0.26367188,15.8203125,0.5565333,0.44346672,0.5860283,0.9135525,0.14682688,0.14557311,0.13202064,0.12429685,0.1478832,0.14448155,0.12558737,0.12909888,0.18590453,0.15516886,0.14393967,0.16592842,0.12240262,0.15786903,0.1455376,0.14526747,0.15328059,0.11637392,0.13368261,0.14792098,0.1354731,0.15042779,0.18680379,0.1266382,0.13763013,0.14532723,0.1604401,0.1341544,0.14621663,0.12921254,0.116304345,0.1487817,0.14612356,0.16438994,0.121856146,0.13801771,0.11113591,0.14204359,0.12491898,0.13987164,0.14715977,0.14793877,0.09897645,0.12670033,0.12335006,0.1332897,0.16100915,0.10077152,0.15057923,0.13349406,0.09111303,0.1363739,0.13454983,0.094929315,0.1095719,0.120953724,0.12370529,0.1237937,0.16631894,0.12970465,0.19471952,0.16507214,0.1339094,0.16285972,0.10520884,0.16927852,0.14873576,0.1639665,0.15720342,0.10940262,0.13962427,0.14052366,0.13197735,0.15408866,0.17578146,0.13399658,0.13651483,0.15033677,0.15500925,0.14000696,0.14735046,0.11967486,0.12605296,0.13170409,0.13693099,0.17081231,0.10397003,0.10814576,0.1109853,0.14603859,0.12522559,0.13049768,0.12024278,0.14099595,0.09693222,0.13837804,0.12806185,0.10702344,0.17613856,0.10347313,0.15458444,0.13556631,0.088751644,0.13826637,0.15552324,0.111762926,0.11119556,0.121295445,0.1209434,0.13296314,0.1718543,0.1321055,2,apnea_hold,apnea_01
0.35528648,0.2936788,0.82659715,0.042050425,0.5321417,1.3981565,0.25304326,0.42540678,0.5948266,0.17091554,0.6944444,0.2734375,16.40625,0.4791918,0.52080816,0.7356543,0.92862004,0.14622942,0.14562604,0.13250436,0.12418442,0.14798865,0.14456542,0.12515724,0.12964179,0.19207835,0.15445384,0.14451693,0.16341509,0.12221408,0.15861359,0.14323638,0.14196497,0.15189925,0.112727165,0.1334849,0.14673579,0.135642,0.14916174,0.18767834,0.12633444,0.1374655,0.14455555,0.1593214,0.1336952,0.14546935,0.12909986,0.11686275,0.15285154,0.14567935,0.16496341,0.12402348,0.13829689,0.11597969,0.14258006,0.118949406,0.14047047,0.14735672,0.1510037,0.09852713,0.12562098,0.12067554,0.13448624,0.16458645,0.102492236,0.14922254,0.13342562,0.09095908,0.13619974,0.13435206,0.09631262,0.10959481,0.12252567,0.1235196,0.123419665,0.16499811,0.12737577,0.19476584,0.16482036,0.13246024,0.16293347,0.10735811,0.16808765,0.15194242,0.16431165,0.15418752,0.1118867,0.1399633,0.13987088,0.13126434,0.15397325,0.1759049,0.13284968,0.13836582,0.1512404,0.1545985,0.13977143,0.14603932,0.11589049,0.12594366,0.1360321,0.13838872,0.17035219,0.10444805,0.10819775,0.11182015,0.14560792,0.11988218,0.12965196,0.12554131,0.14118296,0.09445474,0.13547096,0.12619577,0.109372854,0.17521748,0.10465211,0.15058137,0.13743763,0.09016244,0.1379577,0.15415196,0.11199804,0.11203677,0.12628956,0.123747416,0.1325778,0.16989467,0.13385572,2,apnea_hold,apnea_01
0.36688635,0.2889764,0.7876455,0.04082207,0.5624656,1.4216247,0.18600723,0.42359018,0.43912074,0.2030439,0.7222222,0.28320312,16.992188,0.39598972,0.6040103,0.92636704,0.93310964,0.14665276,0.14622594,0.13118754,0.12451381,0.14772761,0.14470193,0.12486248,0.130516,0.19965936,0.1519118,0.1436896,0.16287434,0.12361817,0.15658204,0.14815208,0.1384662,0.1508797,0.11830468,0.1362262,0.14277616,0.13334551,0.14662537,0.19017854,0.122947276,0.14331684,0.14259979,0.15123264,0.13633496,0.14386891,0.1302774,0.11547497,0.16412905,0.15235505,0.16159655,0.123058565,0.12952146,0.11492339,0.13777596,0.11870807,0.13917965,0.15138994,0.1483454,0.09986444,0.12398569,0.115757056,0.13573885,0.16718969,0.11347376,0.1409811,0.13605021,0.092584886,0.1336394,0.13405113,0.096253805,0.11157496,0.12944321,0.12424271,0.12110175,0.15918955,0.1260931,0.19429474,0.16342625,0.13180698,0.16374214,0.106958404,0.16759558,0.15309924,0.16329715,0.15356581,0.11148232,0.14094801,0.13937813,0.13086413,0.1544677,0.17522053,0.13449067,0.14153273,0.14784291,0.15195176,0.14188476,0.1429225,0.11561891,0.130555,0.13709341,0.13942632,0.16811793,0.10501054,0.110192336,0.11219735,0.14437729,0.12001762,0.12907949,0.12655659,0.14409027,0.09560273,0.13128068,0.120406106,0.10950564,0.1748956,0.10616687,0.14933258,0.13875462,0.08899916,0.13787529,0.15172839,0.11570164,0.115139835,0.1341692,0.12666593,0.13340293,0.16359112,0.13518028,2,apnea_hold,apnea_01
0.3695273,0.29108444,0.78772104,0.043108556,0.55993503,1.4279588,0.23131168,0.41159666,0.5619863,0.1437166,0.7222222,0.30273438,18.164062,0.3217584,0.6782416,1.1339544,0.9362053,0.14705867,0.14604911,0.1314776,0.12405593,0.1479107,0.14494032,0.12294121,0.13266768,0.20185207,0.14386599,0.1432597,0.1641836,0.12507638,0.15678981,0.15127778,0.1391895,0.15119478,0.12036092,0.13870022,0.14263573,0.1333762,0.14765097,0.19136044,0.119673416,0.14740749,0.14037125,0.14264171,0.13954775,0.14316998,0.13179572,0.11795027,0.16689204,0.1542643,0.15591313,0.123709716,0.12868287,0.11429237,0.13664645,0.11957375,0.1396635,0.15321195,0.15406659,0.10248815,0.1213974,0.110582046,0.13626839,0.16862556,0.11680769,0.1368051,0.13650508,0.09294471,0.13044967,0.13293402,0.09807973,0.114326485,0.13408722,0.12537551,0.12117994,0.1495193,0.123712674,0.19509406,0.15619086,0.134132,0.165856,0.11539896,0.16482124,0.16013631,0.15993151,0.14852792,0.11782346,0.14317833,0.13259166,0.12915683,0.15503846,0.17499751,0.13484026,0.14589997,0.14290704,0.14581606,0.14373975,0.13802135,0.11721699,0.12967281,0.1438289,0.15040633,0.1618388,0.10345993,0.1068374,0.110033065,0.13726516,0.121179596,0.123967774,0.12973282,0.14257833,0.09736853,0.1291971,0.11239246,0.10889665,0.17532688,0.119865365,0.14331298,0.14315435,0.09359677,0.13469553,0.15108448,0.1158842,0.11924001,0.14508457,0.13326551,0.13030575,0.15847868,0.13671158,2,apnea_hold,apnea_01
0.38288954,0.28216884,0.7369458,0.043555573,0.64095926,1.4303182,0.23471855,0.42062098,0.55802864,0.1694312,0.6388889,0.3125,18.75,0.31559297,0.68440706,1.153302,0.9287204,0.1472909,0.14614095,0.13004878,0.125371,0.14760265,0.14402908,0.12387517,0.13344148,0.20112921,0.13480149,0.14341836,0.16856615,0.13654967,0.1539609,0.15750302,0.14259252,0.1470282,0.121172436,0.13979399,0.136045,0.13222082,0.15252544,0.18843013,0.12093961,0.14729051,0.13745688,0.14117534,0.14201503,0.13973641,0.13387859,0.11892232,0.16523272,0.16083686,0.1513925,0.121782884,0.12630758,0.1138627,0.13163522,0.1221094,0.13241552,0.15153693,0.15548652,0.1038681,0.12272027,0.10700871,0.13156696,0.17033346,0.12404964,0.13363738,0.14058763,0.097248785,0.12762038,0.13235644,0.09935082,0.11473161,0.1393626,0.13121979,0.11929194,0.14723311,0.12313288,0.19480143,0.14738205,0.13370408,0.1656681,0.117937855,0.16606966,0.16310683,0.15983921,0.14446741,0.12099923,0.14518566,0.13007425,0.12959857,0.15561171,0.17483853,0.13331476,0.1481248,0.14042173,0.13588157,0.14565471,0.1377337,0.11916478,0.13191992,0.1441951,0.15108994,0.15442677,0.10591013,0.107091695,0.11110665,0.1369891,0.12127461,0.12380166,0.13023834,0.15003042,0.10005026,0.12834233,0.111000136,0.10989507,0.17464681,0.12374913,0.13942266,0.14422388,0.097249165,0.13115166,0.15213282,0.11757956,0.12367216,0.15077813,0.13592792,0.13040613,0.15288474,0.13556136,2,apnea_hold,apnea_01
0.39711726,0.2708248,0.68197685,0.04942839,0.6507564,1.7687684,0.20708576,0.4244956,0.48783958,0.16585839,0.5694444,0.3125,18.75,0.26897714,0.7310229,1.313129,0.9189,0.14622065,0.14290413,0.13159251,0.12925212,0.14572774,0.14250022,0.124133445,0.137821,0.19457038,0.1348618,0.13604242,0.15976211,0.1356374,0.16258085,0.15942562,0.1403547,0.13921088,0.12626909,0.14109106,0.13755614,0.133506,0.15227734,0.18402806,0.11933286,0.1469913,0.13645427,0.12785088,0.13898832,0.14446254,0.13144946,0.11767422,0.15778095,0.15332836,0.14713518,0.12837067,0.122717835,0.11878637,0.1333189,0.12024542,0.13432072,0.147998,0.16878955,0.10142082,0.120308466,0.119157724,0.12923983,0.16602837,0.124757364,0.12776332,0.13778947,0.10832738,0.12020932,0.13562047,0.108471975,0.1338636,0.15145293,0.1337314,0.124898106,0.14879262,0.124599606,0.188157,0.13265085,0.13419841,0.16276927,0.1292128,0.16096152,0.16914694,0.15480739,0.1362177,0.1253286,0.1471237,0.12803273,0.12585372,0.15725853,0.16131316,0.13574034,0.15071437,0.13741946,0.13448639,0.14418337,0.13471861,0.123765,0.13484854,0.13599493,0.15346058,0.14859964,0.11057758,0.10838847,0.111264534,0.1269305,0.12388272,0.1258351,0.13301559,0.15185732,0.10619114,0.12655471,0.10918158,0.11083516,0.16922034,0.12836312,0.13692701,0.14682294,0.11255231,0.12869614,0.1482885,0.12482946,0.14076345,0.16433772,0.14609747,0.12907594,0.15274402,0.13217492,2,apnea_hold,apnea_01
0.44299904,0.26841572,0.6059059,0.052686255,0.6632537,1.8984779,0.28794238,0.55823237,0.51581097,0.18832141,0.6111111,0.3125,18.75,0.30413955,0.69586045,1.1902686,0.9100684,0.1434313,0.14146619,0.13096839,0.13501142,0.14491877,0.14030416,0.12560068,0.13956574,0.18378471,0.12481373,0.13106199,0.15171918,0.13834383,0.16014187,0.16458885,0.13442631,0.12807794,0.13408703,0.14104235,0.14091276,0.13160649,0.15840566,0.16471922,0.12545706,0.14857402,0.13685074,0.13264337,0.13737032,0.14331317,0.13463242,0.12151073,0.14241517,0.14813995,0.14502862,0.13342647,0.12114603,0.12115616,0.12376881,0.119889684,0.13929011,0.14916457,0.16881657,0.1053797,0.112804376,0.1242805,0.12292849,0.16053762,0.12699626,0.12721229,0.13176407,0.12654465,0.11723273,0.13083279,0.12364309,0.15513788,0.17026639,0.14752841,0.1289335,0.15022156,0.11883476,0.18546335,0.1332413,0.1293863,0.15768184,0.12808254,0.16410066,0.16901636,0.15344475,0.13784876,0.12354894,0.14860038,0.12955745,0.12397143,0.15346889,0.15851144,0.13388169,0.15237524,0.1366357,0.12760814,0.14134932,0.13696544,0.12191322,0.13398343,0.13158949,0.14933647,0.14633565,0.11325215,0.10638855,0.11295823,0.12988403,0.12502828,0.1279154,0.13103758,0.15921633,0.10721129,0.12704536,0.1122101,0.11433199,0.16632947,0.12651955,0.13531557,0.1473336,0.11692313,0.12743151,0.15125743,0.12743883,0.14874195,0.16728403,0.14592813,0.13081424,0.1558536,0.133513,2,apnea_hold,apnea_01
0.45603848,0.2924579,0.641301,0.05756888,0.6881212,2.0562527,0.20364909,0.629774,0.32336852,0.26622877,0.75,0.3125,18.75,0.31264094,0.6873591,1.1626999,0.8993247,0.14340971,0.14032497,0.13164823,0.13555886,0.14329688,0.13878274,0.12647596,0.1420367,0.18211752,0.1298683,0.12735125,0.14826776,0.13485363,0.16102616,0.16409278,0.1354629,0.13596766,0.13084705,0.14243504,0.14232646,0.1297098,0.15506607,0.16307293,0.12553294,0.151957,0.13576666,0.1296579,0.13497834,0.14576921,0.13283357,0.12022377,0.13961871,0.14561753,0.14413002,0.13305177,0.11856914,0.12237429,0.12975857,0.12060691,0.1400361,0.14588302,0.17044689,0.10728573,0.113158494,0.12286327,0.12566082,0.16173194,0.12514597,0.12684716,0.13177516,0.12705764,0.116979845,0.1346019,0.123703,0.15712407,0.1712216,0.14662299,0.12952462,0.15401047,0.11765078,0.17840065,0.13274263,0.124717064,0.15064669,0.12639655,0.15972665,0.17094505,0.14856552,0.14203285,0.12170826,0.14850248,0.13552184,0.122953266,0.15151605,0.14707813,0.13724414,0.15746966,0.13598242,0.12725191,0.13710696,0.14001715,0.12520498,0.13098824,0.122638345,0.1456947,0.14598303,0.11844168,0.103723,0.11760638,0.12660608,0.12539491,0.13314505,0.13175203,0.15738538,0.11342677,0.121774584,0.113556646,0.11402162,0.16735332,0.12679994,0.13410956,0.14256701,0.12697689,0.12723888,0.14906016,0.13195439,0.15911838,0.17712246,0.15439588,0.13206775,0.15860216,0.12646376,2,apnea_hold,apnea_01
0.474309,0.3391116,0.7149592,0.05950109,0.6435144,2.2075155,0.24152812,0.74553835,0.32396472,0.34219995,0.7222222,0.3125,18.75,0.30963367,0.6903663,1.1723654,0.9016545,0.14319886,0.13927254,0.13151337,0.13683356,0.14302209,0.13805696,0.1269771,0.14234895,0.17559046,0.13749515,0.123688735,0.14175631,0.12890781,0.15824905,0.16778964,0.13420205,0.14623754,0.12649888,0.14504334,0.14539245,0.13073373,0.1500571,0.15713991,0.13188428,0.15811914,0.1342516,0.12869978,0.12939408,0.1520719,0.13323767,0.115254216,0.13445137,0.14222808,0.14375381,0.13337064,0.112792574,0.12744574,0.1325696,0.118654825,0.14209889,0.1394358,0.16359673,0.11007601,0.11318504,0.12257787,0.12623811,0.16763191,0.12741686,0.12646437,0.12944414,0.13003992,0.1176349,0.13900149,0.12424992,0.16024816,0.17622833,0.14981349,0.12872323,0.1566133,0.11295814,0.177105,0.1333735,0.123430066,0.1503611,0.12643044,0.15947555,0.16846192,0.14940421,0.14536732,0.11975776,0.1480207,0.13702255,0.12107712,0.14959352,0.14595619,0.1362524,0.15942961,0.13679878,0.124986514,0.1358764,0.13994657,0.12464281,0.1294392,0.12066367,0.14535247,0.14580242,0.11802349,0.10300213,0.11791038,0.12916389,0.1288766,0.13278028,0.13116315,0.16162501,0.11524339,0.1203645,0.111164376,0.11384503,0.16754007,0.12516187,0.13345538,0.14210412,0.12829033,0.12713832,0.14924406,0.13137269,0.16066095,0.17816405,0.15575644,0.13217744,0.1613542,0.12565647,2,apnea_hold,apnea_01
0.4731111,0.41361684,0.87424886,0.059817612,0.6359802,2.2075155,0.2257018,0.71824765,0.3142395,0.3549096,0.7361111,0.3125,18.75,0.29627195,0.7037281,1.2164775,0.8927866,0.1434517,0.13971737,0.13061033,0.13692266,0.14269567,0.13762182,0.12739906,0.14266904,0.17545167,0.13850157,0.12357508,0.14202493,0.12820858,0.15812352,0.1674792,0.13503245,0.14621244,0.13003178,0.14516851,0.14340991,0.13165252,0.15104832,0.15713482,0.13496618,0.15884575,0.13390255,0.13099344,0.12896162,0.15308125,0.13375987,0.1131148,0.13491787,0.1413275,0.14427179,0.13238685,0.1092299,0.12630296,0.1336248,0.11785961,0.14030325,0.13820666,0.16324516,0.1090764,0.11291249,0.12236208,0.12359319,0.16883095,0.12917633,0.12588082,0.1280047,0.13068683,0.117058665,0.13932288,0.12284948,0.16054344,0.17627813,0.15075085,0.12855479,0.15594605,0.114941515,0.17360997,0.13408257,0.12341163,0.15043156,0.12694016,0.15617332,0.16775998,0.14936273,0.14816645,0.117650695,0.14787768,0.13828878,0.12128804,0.14712426,0.14512488,0.13622649,0.16162209,0.13765386,0.12477409,0.13410908,0.14122002,0.12544152,0.12640794,0.11761955,0.14594421,0.1458157,0.11791167,0.104226284,0.12035408,0.1311589,0.13031864,0.13309436,0.12998804,0.16093703,0.11605533,0.11940886,0.11003353,0.113722794,0.16897815,0.1254511,0.1330159,0.13956736,0.12972386,0.12692983,0.14895548,0.13139011,0.16118866,0.17991903,0.15821476,0.1305147,0.16274302,0.12708372,2,apnea_hold,apnea_01
0.4798647,0.41062188,0.8557034,0.060363743,0.66704136,2.2075155,0.33569106,0.7392152,0.45411816,0.31473434,0.75,0.3125,18.75,0.26826352,0.7317365,1.3157855,0.89411896,0.1428032,0.13900651,0.13043632,0.13881712,0.14221995,0.13756533,0.12765697,0.14291845,0.17557664,0.13404636,0.123547025,0.14232701,0.12855467,0.15566789,0.1650467,0.13248645,0.14493808,0.13386017,0.14415307,0.14430481,0.13193285,0.14976925,0.157762,0.136798,0.1570317,0.13303342,0.13072827,0.12825869,0.15119772,0.13455497,0.11062335,0.1342696,0.1395745,0.14348312,0.13559888,0.110658,0.12427369,0.1310023,0.11904466,0.13923965,0.14095049,0.16206296,0.10928985,0.11131105,0.12301716,0.12211012,0.16711332,0.13105612,0.12785663,0.12994146,0.13046406,0.11999492,0.13619967,0.12818691,0.16173606,0.17473088,0.15010582,0.12906115,0.15585165,0.12943728,0.17190821,0.13302778,0.12359816,0.15241738,0.12862137,0.15471087,0.16319041,0.14947575,0.14915542,0.11574056,0.14642987,0.13847749,0.122106016,0.14441107,0.14399369,0.13538449,0.1634689,0.13875875,0.12418319,0.13523299,0.141014,0.12584415,0.12448957,0.11879712,0.14564182,0.14712954,0.11613052,0.11020199,0.11936509,0.13287923,0.13076481,0.13184807,0.13219585,0.16432022,0.11515912,0.11795927,0.10834309,0.11188914,0.16848415,0.12585738,0.13314968,0.14032617,0.12976411,0.12688024,0.1471872,0.12974189,0.16161218,0.18009458,0.16171348,0.12893893,0.16445805,0.12821594,2,apnea_hold,apnea_01
0.4864317,0.44846866,0.921956,0.061310336,0.6691303,2.2075155,0.33576682,0.7357392,0.45636666,0.33486983,0.7083333,0.3125,18.75,0.24215081,0.7578492,1.4181945,0.90001833,0.14219734,0.13911656,0.13060166,0.13930921,0.1416454,0.13720676,0.1278141,0.14382891,0.17294496,0.13181339,0.12641147,0.14401588,0.1311337,0.15368623,0.15964648,0.13155788,0.1444238,0.13391973,0.14213692,0.14540908,0.13146597,0.14515331,0.15519702,0.13638514,0.15759447,0.1339882,0.13260719,0.12922497,0.15024641,0.13623723,0.10869938,0.1381175,0.13976991,0.14529453,0.13406314,0.12140816,0.123805575,0.13155638,0.11873702,0.1374509,0.14295048,0.16357557,0.107164815,0.10971769,0.121566065,0.11998947,0.16583636,0.13226415,0.13000304,0.13078709,0.12766674,0.12127367,0.13380069,0.12890445,0.16232786,0.17469493,0.15350732,0.12542772,0.15904593,0.13131618,0.17384745,0.13049945,0.12146905,0.15100668,0.12766947,0.1528449,0.16139503,0.14719944,0.14975668,0.11558848,0.14634474,0.14109918,0.12266963,0.14575873,0.14344761,0.13883679,0.16358739,0.13807896,0.122218646,0.13497551,0.14034687,0.12607372,0.12291182,0.11808312,0.1432521,0.14611666,0.11965994,0.11071015,0.11810011,0.13120928,0.12968762,0.13145386,0.13465595,0.16361666,0.116588004,0.116214216,0.1095812,0.11214735,0.16795884,0.12697798,0.13330972,0.1427561,0.13012353,0.12746191,0.1440177,0.13262866,0.16181026,0.17913507,0.16169631,0.13099085,0.16357808,0.13528976,2,apnea_hold,apnea_01
0.49256358,0.4409476,0.8952095,0.062210694,0.7106751,2.2075155,0.34434173,0.72598714,0.4743083,0.2769776,0.8611111,0.38085938,22.851562,0.22668448,0.7733155,1.4841962,0.9063445,0.14237498,0.1385459,0.13000263,0.1401723,0.1411214,0.13714498,0.1284485,0.14390261,0.17694761,0.13359062,0.12429748,0.14235836,0.12831777,0.15354016,0.16090828,0.13006389,0.14725637,0.13235617,0.14384249,0.14764939,0.1297461,0.14961752,0.15075739,0.14221145,0.15863308,0.132671,0.13077389,0.12727802,0.14855558,0.13345699,0.108665384,0.13653244,0.13728973,0.14465426,0.13347165,0.11765726,0.12324326,0.13061339,0.1170815,0.13657327,0.14221746,0.16205184,0.10725782,0.10962866,0.122391455,0.12094284,0.16690376,0.13325787,0.12925544,0.13483417,0.12826818,0.12109124,0.13263693,0.13289134,0.16175264,0.17451547,0.15309654,0.12990177,0.157498,0.13324036,0.17228736,0.12966058,0.12144813,0.15106294,0.1296372,0.1499489,0.1602396,0.14405839,0.14943716,0.11573028,0.14639851,0.14177321,0.12289602,0.14618675,0.14217919,0.13990678,0.1641298,0.1355259,0.123940766,0.13491264,0.13897651,0.12933548,0.12144059,0.119035296,0.1417461,0.14556903,0.11972073,0.117301434,0.11951396,0.13083842,0.12794214,0.13236073,0.13792993,0.16678946,0.11597321,0.11462006,0.10746599,0.111820534,0.16755389,0.13045494,0.13462818,0.14338756,0.12885918,0.12670659,0.14076823,0.13412553,0.16004726,0.17918178,0.16320132,0.13127738,0.16414176,0.13395424,2,apnea_hold,apnea_01
0.49097016,0.47702846,0.9716037,0.062787905,0.7064752,2.2075155,0.32635623,0.74553835,0.43774572,0.3409517,0.75,0.390625,23.4375,0.22445548,0.7755445,1.4940779,0.9133822,0.14234172,0.13750057,0.13019265,0.1409669,0.14108333,0.13711241,0.12844898,0.1440197,0.17777318,0.13463052,0.12184387,0.14225271,0.12888412,0.15071177,0.16484132,0.12695831,0.14788795,0.13211632,0.14544344,0.14772083,0.12937793,0.15288992,0.14866684,0.14454101,0.1573939,0.12629789,0.1315361,0.12556554,0.14563887,0.13245176,0.10964399,0.13381888,0.13521954,0.14384308,0.13210544,0.11656749,0.12490535,0.13103771,0.11765345,0.13872443,0.14424644,0.16444926,0.10749452,0.10952181,0.1187231,0.1197888,0.16728659,0.13762607,0.12946406,0.13743697,0.1306188,0.121890046,0.13223371,0.13659723,0.15989229,0.17477243,0.1514695,0.13321033,0.1547354,0.132623,0.17306024,0.1305887,0.12083321,0.14965706,0.13060573,0.14908075,0.1595553,0.141665,0.14963357,0.11463834,0.147207,0.14372726,0.12383118,0.14797121,0.14081825,0.1426857,0.16478257,0.13375798,0.12296498,0.13520448,0.14030857,0.13105895,0.122545116,0.11708909,0.14010654,0.14316791,0.120993115,0.11735785,0.11861827,0.12918653,0.12666747,0.13359182,0.13933395,0.16656536,0.116953075,0.11317534,0.107549176,0.11317173,0.1666731,0.13189359,0.13341539,0.14564428,0.13253339,0.12638906,0.13798493,0.13424824,0.15895225,0.17894499,0.16432478,0.1322263,0.16171211,0.13398668,2,apnea_hold,apnea_01
0.48866454,0.3920216,0.8022305,0.06135792,0.6895496,2.2075155,0.34610963,0.71824765,0.48188064,0.29310852,0.7083333,0.41015625,24.609375,0.23381811,0.7661819,1.4532118,0.9209103,0.142107,0.13737234,0.13015299,0.1414513,0.14013675,0.13663438,0.12915175,0.14478144,0.17739804,0.13610758,0.121655025,0.14130545,0.13048252,0.15052447,0.16333807,0.12511657,0.14707854,0.13170582,0.14459677,0.14811864,0.12996353,0.15295953,0.14758329,0.14433306,0.15727963,0.12467988,0.1306962,0.12647495,0.14653477,0.1328229,0.1114732,0.13318944,0.13472742,0.1430863,0.13241588,0.11646106,0.12435266,0.12978725,0.11757573,0.14030412,0.14539585,0.16444424,0.10806862,0.109035686,0.11805318,0.12009631,0.1659983,0.13813639,0.12871386,0.1384914,0.1364127,0.12291031,0.13175419,0.13637449,0.15943262,0.17506096,0.15257569,0.13322468,0.15340886,0.13237081,0.17226008,0.12962547,0.12184903,0.14650036,0.13193104,0.14830305,0.16011515,0.13859689,0.14662033,0.11370379,0.14667107,0.14435928,0.1212422,0.1477103,0.13979991,0.14376912,0.16367799,0.12897593,0.12109238,0.13532269,0.14125925,0.13230893,0.12652497,0.115311965,0.13962552,0.14086796,0.12345514,0.11818858,0.11964625,0.12844945,0.1269767,0.1371455,0.14180699,0.16820796,0.12092784,0.11179612,0.1053343,0.11300366,0.16403417,0.13482992,0.13096379,0.14799193,0.13719057,0.12751164,0.13753422,0.13567032,0.1599787,0.18128794,0.16495416,0.13253818,0.15776975,0.13393775,2,apnea_hold,apnea_01
0.47898152,0.40813366,0.8520864,0.061699446,0.6720453,2.2075155,0.33569106,0.7392152,0.45411816,0.31891844,0.6527778,0.44921875,26.953125,0.25098744,0.7490126,1.3823524,0.92743486,0.14072433,0.1376549,0.13085805,0.14211135,0.14014694,0.13667196,0.12929356,0.14480157,0.17660686,0.13367797,0.12787178,0.13328461,0.12933524,0.15317236,0.16048841,0.122691095,0.14242725,0.13289177,0.14344928,0.15118317,0.12233641,0.14906575,0.14605486,0.14608446,0.15513876,0.12345611,0.12515375,0.1271539,0.15044527,0.13489331,0.11808903,0.13737369,0.13489942,0.14170538,0.13931753,0.11687947,0.12526037,0.12988393,0.11638259,0.14270116,0.14481571,0.1629583,0.11647543,0.10786772,0.11925584,0.1196156,0.15974098,0.13667601,0.12760338,0.14036538,0.1392306,0.12667571,0.13180532,0.13708,0.16207974,0.17776828,0.15184946,0.13024662,0.15120488,0.1348621,0.16896269,0.12971324,0.12594177,0.14597689,0.1376511,0.14998056,0.15680173,0.1353112,0.14574456,0.11455341,0.14493795,0.14386037,0.12247483,0.14425953,0.13856086,0.14198054,0.16311453,0.12681259,0.120112345,0.13881704,0.14509721,0.13498613,0.12920777,0.116531976,0.13920557,0.13804935,0.12463748,0.119143076,0.11889048,0.12401741,0.12715523,0.14072108,0.1430151,0.16872418,0.12119551,0.11056432,0.10539288,0.114871904,0.16248769,0.13612254,0.12856726,0.14915818,0.14262085,0.1294819,0.13502434,0.13593948,0.15915357,0.18129891,0.16621326,0.13145097,0.15445405,0.13293509,2,apnea_hold,apnea_01
0.48693275,0.4067303,0.83529043,0.06061317,0.70179707,2.2075155,0.2848562,0.7357392,0.38717008,0.35366905,0.7222222,0.46875,28.125,0.2723339,0.72766614,1.3007264,0.9316483,0.14092286,0.13821529,0.13060257,0.14181308,0.13896805,0.1365818,0.12989491,0.1453476,0.17016594,0.13151509,0.13557631,0.13511558,0.13738847,0.1548971,0.15703529,0.118976265,0.14165792,0.13515048,0.14193143,0.14902958,0.123557754,0.1430814,0.14662036,0.14206992,0.15224591,0.120374866,0.123624705,0.13419919,0.15595995,0.13863946,0.11883081,0.14502548,0.13656765,0.13955902,0.14066282,0.11526286,0.12415237,0.12413289,0.121571586,0.14620918,0.14402471,0.16219601,0.117097676,0.10521695,0.11819213,0.12022146,0.1588927,0.13707979,0.12692006,0.14160264,0.14080152,0.13171928,0.12788339,0.13648242,0.1609448,0.17588542,0.15286893,0.12772842,0.14954744,0.13410597,0.16914792,0.1276298,0.12776902,0.14052624,0.1383412,0.15127972,0.15443651,0.13454032,0.14240451,0.11440972,0.14401428,0.14319645,0.11888895,0.1420564,0.1367199,0.14413793,0.16364235,0.12530039,0.11459817,0.13876417,0.14691351,0.13665305,0.13517658,0.11883246,0.13798375,0.13478458,0.12873252,0.122812465,0.11863992,0.12042751,0.1257317,0.14256765,0.1441622,0.16999426,0.12695308,0.10865462,0.10485142,0.116040386,0.15906613,0.13621594,0.12634526,0.1511524,0.1460338,0.1301175,0.13382342,0.13749327,0.16122994,0.18403615,0.16674215,0.12859298,0.15291172,0.13482414,2,apnea_hold,apnea_01
0.48297974,0.39785695,0.8237549,0.059857327,0.6670582,2.2027607,0.31954575,0.7227114,0.44214848,0.2978307,0.8055556,0.48828125,29.296875,0.29333472,0.7066653,1.2264409,0.9322055,0.14035626,0.13805483,0.1305334,0.14243631,0.13849497,0.13716233,0.12994206,0.14516531,0.16947299,0.13098429,0.13753432,0.13301809,0.1384599,0.15581957,0.15465893,0.11637644,0.14006993,0.13550939,0.14089178,0.14695446,0.12488119,0.14256737,0.14621949,0.14224139,0.15250811,0.118539356,0.11938731,0.13467674,0.15653066,0.14039677,0.119838975,0.14882113,0.13613446,0.13685109,0.14158937,0.11623021,0.123739295,0.12023574,0.12230177,0.146833,0.14385484,0.16278638,0.11848546,0.103284456,0.11758024,0.121719755,0.15829366,0.13761479,0.12638097,0.14226316,0.14134479,0.13259669,0.12716815,0.13760313,0.16277838,0.17679206,0.15527731,0.1266623,0.15043847,0.13475183,0.16634458,0.12619705,0.12738901,0.14155547,0.1418727,0.15004562,0.15365699,0.13328993,0.14223608,0.11585725,0.14212741,0.14039792,0.11946453,0.13990587,0.1360323,0.1427095,0.16413562,0.12559588,0.11428777,0.13981189,0.1490961,0.13832249,0.13800956,0.12255378,0.13866264,0.13398694,0.12792854,0.12429108,0.11837903,0.11594779,0.12700467,0.14418082,0.14575727,0.17203952,0.12791513,0.10694198,0.10406035,0.11734801,0.15745254,0.13786276,0.12443502,0.15251608,0.14919437,0.12957808,0.13043939,0.139098,0.16065691,0.18413864,0.1673012,0.1281874,0.14980127,0.13393997,2,apnea_hold,apnea_01
0.48081452,0.40841186,0.8494166,0.060482346,0.6543239,2.2119024,0.3235491,0.7420073,0.43604568,0.35699475,0.8055556,0.49804688,29.882812,0.28280213,0.7171979,1.2630079,0.9252042,0.1397772,0.13867688,0.13092746,0.14223664,0.13825294,0.13682489,0.12970264,0.14572047,0.16743599,0.12968788,0.13581653,0.13316567,0.1393084,0.15086082,0.15495643,0.11628119,0.13986789,0.13751146,0.13923799,0.14675824,0.12621512,0.14297752,0.14411084,0.14304358,0.15458095,0.123436645,0.119454764,0.13240843,0.15643151,0.14043695,0.12705742,0.14693174,0.13671486,0.13521436,0.1376252,0.11900946,0.123230964,0.12223476,0.12238848,0.14502761,0.1469202,0.16378753,0.11969171,0.1035372,0.11816945,0.12438434,0.15605013,0.13691404,0.12661009,0.14208496,0.14245926,0.13158637,0.12395676,0.1373384,0.16264759,0.17770997,0.15784998,0.12688714,0.14606172,0.13697004,0.16789135,0.12590814,0.1265463,0.14006342,0.14302453,0.14842819,0.15362003,0.13323414,0.14133085,0.11598149,0.14199482,0.13996501,0.11929994,0.14224021,0.13292909,0.14558527,0.16496278,0.12648743,0.11083482,0.13828206,0.14813593,0.13848133,0.14363717,0.122269765,0.13727736,0.12760024,0.12848121,0.12592942,0.115788735,0.115037456,0.12398867,0.14173062,0.14679027,0.17295703,0.13271873,0.107476,0.103153385,0.11818968,0.15389308,0.13635877,0.12554544,0.15349188,0.15097035,0.12928952,0.128794,0.13980675,0.16176644,0.18707612,0.16855958,0.12710463,0.14881876,0.13678373,2,apnea_hold,apnea_01
0.47839704,0.41403148,0.86545575,0.062243525,0.6581262,2.216657,0.26757467,0.7179908,0.3726714,0.35856774,0.8333333,0.49804688,29.882812,0.2896377,0.7103623,1.2391244,0.9184594,0.14028159,0.13803731,0.12987715,0.14329945,0.13871153,0.1369521,0.13020395,0.14480564,0.16184911,0.12956043,0.13335408,0.1337652,0.14152896,0.1494194,0.15939036,0.11627021,0.14298347,0.13843475,0.14017168,0.14997062,0.12696245,0.1451592,0.13836999,0.14557698,0.15475121,0.12292406,0.11755313,0.13362403,0.15426719,0.14022239,0.13187467,0.14510854,0.1361914,0.12886225,0.13692057,0.12037226,0.11834401,0.12106483,0.12103646,0.1396799,0.14788967,0.16396308,0.12194457,0.102290295,0.116938904,0.124832496,0.15312582,0.13508937,0.12920666,0.14292403,0.1421774,0.1322464,0.12266338,0.13867044,0.16413738,0.18029805,0.16031854,0.12792411,0.14672577,0.1405113,0.1691721,0.124784976,0.1281091,0.13866317,0.14287655,0.14888173,0.15381096,0.13242064,0.14341778,0.11900546,0.14174488,0.14173634,0.11862618,0.14133604,0.13237098,0.14583552,0.16610454,0.12928048,0.11076687,0.13549335,0.1466642,0.13910529,0.15210041,0.121545,0.13588794,0.12388667,0.12692665,0.12547949,0.11571726,0.11945206,0.121970974,0.13872463,0.14539663,0.17265259,0.13766676,0.10876542,0.10637232,0.12173,0.1517966,0.13262996,0.12994102,0.15067717,0.1491606,0.13029513,0.1263516,0.13621998,0.16048954,0.1867903,0.16913444,0.12714638,0.14502642,0.13861075,2,apnea_hold,apnea_01
0.49086693,0.44117886,0.89877486,0.062720045,0.7097446,2.216657,0.28008166,0.7414923,0.377727,0.34168395,0.9444444,0.5078125,30.46875,0.27357572,0.7264243,1.2961768,0.90506375,0.14131378,0.13786462,0.13010904,0.14223829,0.13919255,0.13660221,0.1296825,0.14505154,0.16074297,0.12788272,0.13529211,0.13308144,0.14277436,0.15338351,0.16123834,0.117947094,0.148326,0.13839845,0.1423958,0.15111323,0.12450312,0.14281712,0.13861594,0.14566351,0.15320973,0.12014131,0.116039135,0.13277687,0.15378791,0.14334245,0.13909663,0.14764279,0.13327618,0.12583035,0.1355969,0.11741697,0.11703672,0.120971054,0.120395675,0.13640878,0.14069702,0.16541798,0.1296792,0.10192867,0.12044963,0.12964939,0.15576966,0.13079646,0.13674706,0.14039865,0.13599312,0.13399711,0.122217305,0.13444312,0.16069624,0.1779493,0.16000323,0.12879044,0.14667398,0.14039163,0.1674158,0.1251179,0.1280836,0.13894336,0.14351623,0.15034224,0.15490791,0.13175915,0.1450905,0.12013717,0.14207365,0.14410572,0.1180099,0.14200562,0.13046478,0.1467978,0.16615914,0.12926988,0.110890634,0.13677216,0.14567302,0.13857143,0.15410022,0.11949062,0.13539645,0.12023697,0.12590697,0.12408803,0.11271492,0.11926187,0.12081567,0.13639797,0.14641254,0.17200668,0.14069532,0.10828288,0.10666554,0.122826576,0.14979745,0.13112462,0.13186102,0.15041739,0.14903618,0.1310509,0.12611036,0.13565953,0.1602615,0.18814895,0.16928993,0.128097,0.14484477,0.13976786,2,apnea_hold,apnea_01
0.48915204,0.44867244,0.9172454,0.063341,0.7062719,2.216657,0.28684226,0.7405577,0.3873328,0.38335633,0.8333333,0.5078125,30.46875,0.2384089,0.76159114,1.433768,0.88845354,0.14134182,0.13789153,0.1299661,0.14232501,0.13987401,0.1361917,0.13004844,0.14437781,0.1580319,0.12805599,0.13561986,0.13314934,0.14265734,0.15450181,0.16104048,0.1190013,0.14907248,0.13852392,0.14262806,0.15151413,0.12364695,0.14295144,0.13736498,0.1462755,0.152979,0.12009346,0.11610598,0.13300598,0.15534842,0.14349802,0.1390179,0.14735475,0.13296194,0.1256326,0.13444066,0.11594706,0.1153217,0.12051847,0.121192016,0.13601747,0.14144692,0.1647449,0.13140135,0.10098633,0.12143543,0.13137618,0.15473074,0.13005055,0.13806185,0.14036663,0.13689582,0.13373771,0.121939644,0.1337352,0.15974498,0.17811044,0.1599379,0.12954856,0.14662072,0.14147516,0.16686177,0.1253357,0.12775517,0.13908352,0.14462426,0.1543359,0.15431206,0.13068226,0.15006757,0.1199956,0.14260717,0.14529812,0.117403,0.14163566,0.13021952,0.1471756,0.16418308,0.12791553,0.11090709,0.13588347,0.14516303,0.14091721,0.15772434,0.1177129,0.13236342,0.11869111,0.12520052,0.12273504,0.11176526,0.118057355,0.11971447,0.1349165,0.1426452,0.17521888,0.14653982,0.109063454,0.109811336,0.12353585,0.15142608,0.12860239,0.13444898,0.14863335,0.14843588,0.13103466,0.1272435,0.13379808,0.1583686,0.18549466,0.16750306,0.13058631,0.14486043,0.1379016,2,apnea_hold,apnea_01
0.4824197,0.44067276,0.9134634,0.06227926,0.6461004,2.239913,0.25506213,0.7325118,0.34820205,0.36421752,0.7638889,0.5175781,31.054688,0.18665381,0.8133462,1.6784997,0.8756881,0.1414295,0.13702878,0.13068697,0.14248274,0.14022006,0.13592601,0.1303452,0.14411832,0.15236798,0.12934051,0.13647199,0.13160938,0.14258638,0.15711711,0.15939258,0.120258585,0.15177047,0.13737227,0.14170876,0.15383957,0.12474788,0.14414944,0.13463815,0.1472959,0.15028542,0.120138966,0.11615986,0.13195442,0.15619439,0.14382541,0.14089909,0.13861449,0.1298758,0.12734292,0.13473308,0.11692426,0.11781608,0.12267383,0.12204411,0.13661699,0.13999628,0.16778411,0.13284968,0.10073835,0.12299671,0.13034216,0.15341502,0.12750247,0.1387762,0.13745977,0.13815925,0.13323008,0.12249427,0.13519466,0.16085266,0.17776962,0.1590617,0.13194858,0.14788757,0.14193887,0.1672197,0.12559842,0.12816733,0.13996278,0.14436066,0.15517768,0.15341488,0.13072194,0.1512931,0.119526,0.14226386,0.14688705,0.11826732,0.14129291,0.13034311,0.14627044,0.16289423,0.12819006,0.111094385,0.13582459,0.14519621,0.14154239,0.15663093,0.117050156,0.13180466,0.118903965,0.12486656,0.12272243,0.11262188,0.119460315,0.119220845,0.13535208,0.14177133,0.17468932,0.14770718,0.109926134,0.11029311,0.12351852,0.15233777,0.1283845,0.13338304,0.14772743,0.1521392,0.12913583,0.12792057,0.13358605,0.15742818,0.18333314,0.16647434,0.13145606,0.14525187,0.13731799,2,apnea_hold,apnea_01
0.47881094,0.42956427,0.897148,0.06087333,0.6152211,2.239913,0.28895575,0.7549214,0.38276273,0.40053207,0.6527778,0.52734375,31.640625,0.17670457,0.8232954,1.733276,0.8840177,0.14169055,0.1367412,0.13087218,0.14243586,0.14007424,0.13522974,0.13176818,0.14367914,0.15130872,0.12977023,0.13698241,0.13159518,0.14177382,0.15780374,0.15897892,0.122815244,0.15200533,0.13705355,0.14167789,0.1548365,0.12537557,0.14409249,0.13470182,0.14706677,0.14768653,0.12051662,0.116171025,0.13128217,0.15665382,0.1438101,0.14048488,0.13724075,0.12957405,0.12835474,0.13505612,0.11713084,0.11898155,0.12454661,0.122193165,0.13704737,0.13934474,0.16565403,0.13274789,0.10064965,0.12319417,0.13098894,0.15380329,0.12691832,0.13837914,0.13620827,0.14186281,0.1310281,0.122266725,0.1354654,0.16100115,0.17710756,0.15855733,0.13236049,0.14821665,0.14229439,0.16570103,0.12739424,0.12902845,0.13651066,0.14182429,0.15534164,0.14999168,0.13175583,0.15313944,0.116155475,0.1426265,0.15128826,0.120207585,0.13984941,0.1291061,0.14594409,0.16132303,0.1285451,0.11031147,0.13733506,0.1466977,0.14124063,0.15742743,0.11126333,0.12648259,0.1224606,0.12520818,0.12337995,0.11841613,0.1235225,0.11915253,0.13787249,0.14028466,0.17606376,0.14911427,0.10977073,0.112901546,0.12635872,0.15094095,0.12429617,0.13461308,0.14398152,0.15316935,0.12970784,0.12627204,0.13471286,0.15845633,0.1815415,0.16426304,0.13243912,0.14583229,0.1385437,2,apnea_hold,apnea_01
0.47372347,0.45493603,0.96034086,0.059164554,0.5744228,2.2200058,0.2901752,0.72312635,0.40127873,0.31611532,0.8472222,0.5371094,32.226562,0.215291,0.78470904,1.5357647,0.91222566,0.14131248,0.13655697,0.1317022,0.142131,0.14032026,0.13523687,0.13209414,0.14324926,0.1501995,0.13211815,0.13772836,0.12578742,0.13440514,0.15853488,0.15693045,0.12239524,0.15381363,0.13554652,0.14518455,0.15818752,0.12623088,0.1400589,0.13494258,0.14645758,0.14756915,0.11966878,0.11434501,0.1350124,0.15846148,0.14203644,0.14013258,0.13832393,0.12543532,0.13279633,0.13527317,0.1172105,0.123118386,0.12731399,0.12099897,0.1404957,0.13832246,0.16367877,0.13287263,0.09893102,0.12543303,0.13658942,0.15189043,0.12300701,0.14128138,0.13313556,0.1406599,0.13320807,0.11932409,0.13600379,0.16249922,0.17623523,0.15593384,0.1327397,0.14842293,0.14525221,0.16595642,0.1277926,0.12882173,0.13560537,0.14216703,0.15487304,0.14890943,0.1332565,0.15469673,0.114566654,0.14334747,0.15307756,0.12109273,0.13979349,0.12784643,0.14520043,0.16061763,0.12852195,0.11093016,0.13858023,0.14746442,0.14091615,0.15739828,0.11207013,0.12564507,0.123095036,0.12500094,0.12439578,0.11962704,0.12403196,0.11982672,0.13910829,0.14008485,0.1729461,0.14987011,0.11059771,0.11300553,0.12829234,0.1504366,0.12357889,0.13522485,0.1430306,0.15350579,0.13010788,0.12503539,0.13437451,0.15811384,0.18018496,0.16346137,0.13204649,0.1451748,0.13840097,2,apnea_hold,apnea_01
0.4665279,0.3477263,0.74534935,0.058526155,0.58396083,2.3188503,0.2832806,0.66201985,0.4279035,0.27117413,0.5833333,0.5371094,32.226562,0.25479415,0.7452059,1.3672993,0.9262741,0.14228125,0.13718766,0.13187248,0.1409355,0.14046454,0.13483155,0.13492054,0.14111517,0.15060975,0.1330214,0.13506669,0.12802805,0.14090428,0.15666556,0.15466715,0.12529457,0.15890075,0.13374518,0.1450265,0.15812546,0.12960085,0.14141282,0.13253099,0.14470236,0.14712854,0.121753186,0.119666934,0.13850044,0.15807146,0.14358336,0.14279933,0.14281191,0.12216218,0.12831603,0.13584627,0.12290517,0.12129875,0.12375636,0.124735564,0.13953534,0.14117862,0.15878674,0.13346086,0.10826501,0.118331775,0.1367016,0.14954008,0.12919483,0.14008851,0.1372112,0.1362803,0.13599847,0.12018854,0.1314877,0.15822892,0.17001446,0.15406686,0.130191,0.14616859,0.1430421,0.16317087,0.13761096,0.1280883,0.12970671,0.14255457,0.15347186,0.13933003,0.13159327,0.15996012,0.10878869,0.14597788,0.1600716,0.12571427,0.13179953,0.13056386,0.1415722,0.15685713,0.12789571,0.11278798,0.14546943,0.14806779,0.13741176,0.16086031,0.115115054,0.121377766,0.123031646,0.12510417,0.13333108,0.12686235,0.13228178,0.11727725,0.1452885,0.13770075,0.1713365,0.15202567,0.11241401,0.11549426,0.1397683,0.14508241,0.12172749,0.13718857,0.14314169,0.14712794,0.13384159,0.119294584,0.12839586,0.15442818,0.1706715,0.15749529,0.13072868,0.14363073,0.14682513,2,apnea_hold,apnea_01
0.46753928,0.40957838,0.87602985,0.05650167,0.62760866,1.9184186,0.31210607,0.52988094,0.58901167,0.16466612,0.6388889,0.546875,32.8125,0.337395,0.662605,1.0865009,0.9420866,0.1431594,0.13731667,0.13490152,0.13696724,0.14099263,0.13508154,0.1352297,0.14013582,0.14360853,0.14604385,0.13275713,0.1263498,0.15351138,0.15732175,0.14083113,0.12717482,0.16774258,0.12346158,0.14390968,0.16000806,0.13835198,0.1284769,0.13517542,0.14107814,0.14213543,0.12217875,0.12243462,0.1480222,0.15446204,0.13970554,0.15512942,0.15282151,0.12326174,0.120235056,0.1386224,0.14086118,0.12268959,0.13196664,0.12522288,0.14340863,0.1407006,0.15623799,0.13971864,0.11745401,0.11149617,0.14444312,0.14089797,0.12948696,0.13931054,0.15010835,0.12053138,0.14103954,0.11976072,0.11747588,0.1460493,0.14606254,0.14534505,0.12866308,0.14296974,0.15377098,0.16503043,0.14018463,0.12642159,0.13010713,0.14536275,0.1491401,0.13769712,0.13107918,0.16228296,0.10970719,0.14665723,0.16210441,0.1271295,0.13174815,0.13036563,0.1410243,0.1548103,0.12806031,0.11702739,0.14719462,0.14810114,0.13941547,0.16359743,0.11590031,0.12020951,0.11860549,0.1243306,0.13667785,0.12811877,0.13005349,0.116629906,0.1460163,0.13914868,0.16704543,0.15242,0.11682098,0.11458177,0.14212173,0.14402069,0.1296542,0.13680358,0.14315319,0.14557594,0.13581394,0.11375133,0.1250941,0.15168364,0.16784701,0.1550876,0.12878963,0.14062484,0.1478867,2,apnea_hold,apnea_01
0.46015602,0.34699586,0.754083,0.05647041,0.59880704,1.9594065,0.29254454,0.55724996,0.52497905,0.18613152,0.6666667,0.5566406,33.398438,0.402177,0.59782296,0.910863,0.9437039,0.14325796,0.13741055,0.13492504,0.13661358,0.14131658,0.13529395,0.1367883,0.13767277,0.14480524,0.14769036,0.13270448,0.12616396,0.15526408,0.15614656,0.14044681,0.12652826,0.16654132,0.12224364,0.14399144,0.16053063,0.13929662,0.12621033,0.13781708,0.14114888,0.14021035,0.12264409,0.12153022,0.14881407,0.15410861,0.14049505,0.15803874,0.15339,0.12495354,0.116976164,0.13918817,0.14348064,0.122767046,0.12827064,0.12456414,0.14325091,0.14110649,0.15498507,0.13962239,0.11911279,0.11236384,0.1448473,0.14046614,0.13563944,0.13913612,0.15052587,0.12029421,0.14181738,0.114974804,0.11601262,0.14549571,0.14369531,0.14339092,0.12785177,0.14116226,0.1559801,0.16090189,0.15156111,0.1259715,0.12811346,0.15334314,0.14917468,0.12671244,0.13177985,0.16469964,0.104635626,0.14584981,0.16323337,0.13113907,0.12141005,0.1385562,0.13996452,0.14965287,0.12969041,0.120118484,0.14820164,0.1436686,0.13929848,0.17603008,0.120149605,0.12380231,0.10827796,0.12615146,0.14503232,0.12865573,0.13367736,0.11466727,0.14655158,0.13929789,0.16857159,0.15444733,0.122655764,0.11538721,0.14741994,0.13573234,0.13471118,0.13585326,0.15025747,0.13916786,0.13866001,0.10898845,0.117218725,0.14590885,0.15077543,0.14376576,0.12767741,0.13790035,0.15886128,2,apnea_hold,apnea_01
0.4561778,0.3790243,0.8308697,0.05657732,0.5762109,1.9576831,0.29378417,0.6338134,0.46351838,0.25202584,0.7222222,0.25390625,15.234375,0.40220195,0.59779805,0.91080093,0.9361198,0.14239965,0.13918017,0.1352276,0.13490334,0.14182307,0.13544308,0.13650496,0.13711329,0.13948096,0.14949386,0.13303106,0.12850727,0.15917827,0.15847358,0.13135597,0.12713686,0.162433,0.12057098,0.14036267,0.16002275,0.14114834,0.12259172,0.14515398,0.14136247,0.13646139,0.12769818,0.12457242,0.14927027,0.15166654,0.14525452,0.16844808,0.15516612,0.13164051,0.11005594,0.14313081,0.147689,0.121914625,0.12655868,0.12751648,0.14047426,0.14447619,0.15861465,0.141542,0.11862646,0.11219355,0.14238381,0.13283834,0.13953857,0.1382231,0.15339461,0.119088195,0.14509994,0.10828842,0.113480315,0.14270596,0.12988532,0.13655414,0.12654269,0.1401028,0.16083944,0.1645707,0.15374535,0.12601611,0.12587759,0.15406676,0.14850895,0.12933767,0.12984213,0.1634309,0.106127374,0.14720717,0.16323094,0.1317383,0.121811904,0.14019223,0.14124537,0.1469063,0.1284192,0.12110847,0.1486081,0.14292419,0.14021693,0.1789203,0.120591626,0.12542394,0.104391485,0.12742144,0.1465631,0.12825684,0.13051836,0.109591775,0.14636359,0.13913469,0.16444406,0.15455216,0.12587729,0.11746821,0.14980324,0.1345697,0.13892725,0.13619436,0.14944327,0.13841826,0.13872878,0.10602889,0.11667814,0.14488615,0.15099578,0.14027983,0.12701644,0.13409483,0.16078074,2,apnea_hold,apnea_01
0.46611387,0.40693635,0.8730407,0.053337265,0.61912405,1.9394672,0.32705897,0.6610531,0.49475443,0.27390036,0.75,0.26367188,15.8203125,0.5242297,0.4757703,0.6458253,0.9201673,0.14103033,0.14072557,0.13597548,0.13410513,0.14261134,0.13531329,0.13629812,0.13685954,0.13444063,0.14595297,0.13342673,0.13329092,0.15720993,0.16175357,0.12596428,0.12513992,0.15999173,0.11955613,0.13641703,0.15818684,0.14206356,0.124154285,0.14267561,0.14099541,0.13606957,0.13074425,0.12668188,0.1529737,0.15211825,0.14637059,0.1681027,0.15753525,0.13794188,0.113069095,0.14719771,0.14822201,0.12529434,0.13237886,0.13213962,0.14027865,0.14708026,0.15386848,0.1450269,0.11621006,0.10886995,0.13836683,0.1327476,0.13585208,0.13599832,0.15364787,0.11839943,0.14762123,0.110270076,0.114573784,0.14016488,0.12570296,0.13707936,0.12698606,0.13927816,0.15779248,0.16576037,0.1531433,0.12797287,0.12549897,0.15585573,0.14824294,0.13186187,0.12897603,0.1620793,0.113199346,0.14739099,0.1627321,0.13123363,0.12230817,0.14090711,0.14106846,0.14394811,0.12753056,0.12242055,0.14972639,0.14086686,0.13965818,0.17992468,0.120598555,0.12474939,0.10536565,0.12699847,0.14600126,0.1264728,0.13037072,0.10834757,0.14569159,0.13805462,0.16306144,0.15429817,0.12922521,0.11854745,0.15073235,0.1340739,0.13987315,0.13576177,0.148998,0.13824202,0.13852672,0.10665499,0.117731094,0.14422344,0.15065438,0.1400963,0.1271429,0.13219664,0.15907253,2,apnea_hold,apnea_01
0.48342937,0.36749387,0.76018107,0.05203791,0.6306399,2.0345511,0.33189192,0.6768067,0.4903792,0.27298814,0.5833333,0.56640625,33.984375,0.5697051,0.43029487,0.5626364,0.91118246,0.14160006,0.13980822,0.13769285,0.13307425,0.14340967,0.13542733,0.13588953,0.13627572,0.12730101,0.14527132,0.13823934,0.13585128,0.16596232,0.15639435,0.12982337,0.12548651,0.16008505,0.12832828,0.13434106,0.15445434,0.13926247,0.12328237,0.13496155,0.13687737,0.13301827,0.13228735,0.13049094,0.15508264,0.14999567,0.14281732,0.16660142,0.15885825,0.13656002,0.1166737,0.14359559,0.1489522,0.12500338,0.1476779,0.13322285,0.14262071,0.14620885,0.1485715,0.14612392,0.12558919,0.107356496,0.1393005,0.13578407,0.13249947,0.13005169,0.1527892,0.119101204,0.14432201,0.11576075,0.111904204,0.1359688,0.12668349,0.14567402,0.12648615,0.13736637,0.15135784,0.16785884,0.15494357,0.12839018,0.12299353,0.1550379,0.15146483,0.13559893,0.1283141,0.1619131,0.11614907,0.14880535,0.16213939,0.13071689,0.12368755,0.14222512,0.14199731,0.14113374,0.12556146,0.124415934,0.15137088,0.14191657,0.13925529,0.18191344,0.11926667,0.12512173,0.10268953,0.12751484,0.14014328,0.12825565,0.12883705,0.10584645,0.14550169,0.1351938,0.15748674,0.15549739,0.13342233,0.12041641,0.15348193,0.13496637,0.14050376,0.13459575,0.14812419,0.13860847,0.13917115,0.10884816,0.117532596,0.1434674,0.15080023,0.13522191,0.12712565,0.12777334,0.15981184,2,apnea_hold,apnea_01
0.48466712,0.41356105,0.8532888,0.053485252,0.57908446,2.0436497,0.29529455,0.70125437,0.42109475,0.3145283,0.6805556,0.56640625,33.984375,0.55803245,0.44196758,0.5833382,0.9055384,0.14306903,0.13855042,0.13792163,0.13243768,0.14416541,0.13549252,0.13680878,0.13463895,0.13177042,0.14941229,0.13748024,0.13069662,0.16903584,0.15615065,0.13450721,0.12817593,0.16183114,0.1299374,0.13776617,0.15515971,0.13797382,0.12397735,0.1343277,0.13736032,0.1297453,0.13320397,0.12739065,0.15336198,0.14968432,0.13866295,0.17003125,0.15503772,0.13504745,0.11332439,0.14562884,0.14326711,0.12265448,0.15151134,0.12993024,0.14278352,0.14342318,0.14397043,0.14988798,0.13262084,0.109767094,0.14265206,0.13488403,0.12938626,0.12660128,0.15511192,0.11890887,0.14194244,0.119135536,0.10748165,0.13454255,0.12593383,0.14760414,0.12610659,0.13395879,0.1549759,0.1621916,0.15563695,0.13363498,0.124653906,0.16207695,0.15010019,0.13890037,0.12903494,0.16146472,0.121069685,0.14766735,0.15831918,0.12939951,0.119306654,0.14019097,0.13688198,0.13835853,0.12496787,0.13065425,0.15370189,0.14360435,0.13785681,0.1837576,0.12376152,0.12628525,0.10207504,0.12295496,0.13922493,0.1300352,0.13727394,0.10579597,0.14686371,0.13276415,0.15588,0.1552176,0.1390605,0.11930974,0.15493317,0.13920036,0.14057308,0.13268986,0.14350526,0.14119887,0.13696782,0.109551385,0.11290811,0.14126989,0.15116553,0.13442966,0.124590136,0.1261625,0.1552942,2,apnea_hold,apnea_01
0.4829402,0.3594027,0.744197,0.05249062,0.60433304,2.0553873,0.29817182,0.637749,0.46753785,0.25809026,0.6527778,0.5566406,33.398438,0.5944112,0.4055888,0.520184,0.9057697,0.14305428,0.13839506,0.1383762,0.13192765,0.14568557,0.13458826,0.13676861,0.13373473,0.1283397,0.14862812,0.13868839,0.13072681,0.1712784,0.1559515,0.13490564,0.12920773,0.16098063,0.13112713,0.13728653,0.15426588,0.13831921,0.11926073,0.13388863,0.13385375,0.127969,0.13397655,0.12892875,0.15377654,0.15159914,0.138261,0.17157608,0.15687697,0.13540044,0.11376806,0.1455911,0.14297621,0.12346649,0.1550933,0.13027528,0.14280877,0.14312288,0.14422932,0.15054542,0.1337103,0.10874136,0.14162089,0.13670929,0.12832008,0.1275452,0.15343557,0.12098808,0.1418131,0.11840209,0.10356533,0.13459255,0.12541327,0.14798076,0.12349435,0.13430747,0.15520163,0.16534697,0.15742554,0.13459574,0.12236312,0.16497628,0.14996289,0.14168528,0.13297516,0.16197081,0.123765185,0.15100175,0.15872525,0.12911853,0.11816489,0.13976932,0.13673005,0.13435104,0.12599923,0.12756862,0.15245186,0.14209831,0.13422686,0.18664734,0.122743085,0.12668711,0.10220969,0.12679479,0.13431314,0.12703352,0.14288746,0.10567757,0.14559937,0.13127014,0.15267876,0.15826645,0.14220463,0.120085925,0.1550704,0.13610984,0.13618694,0.13200985,0.14271136,0.1406022,0.13569245,0.11058725,0.10760884,0.14134283,0.14963222,0.13453956,0.122663595,0.12563604,0.1593385,2,apnea_hold,apnea_01
0.49817476,0.3588663,0.72036225,0.051554628,0.71728,2.0861323,0.2776521,0.70177096,0.39564493,0.32343057,0.6388889,0.2734375,16.40625,0.5632203,0.43677965,0.57408434,0.92137057,0.14424725,0.13758343,0.1385868,0.13117078,0.14608869,0.13415758,0.1372493,0.13347718,0.13063644,0.14963683,0.13806713,0.12995137,0.17128295,0.15311043,0.13660417,0.13576864,0.16226281,0.13593362,0.14120217,0.1551915,0.13556612,0.11867073,0.13086194,0.135711,0.12556432,0.13277073,0.12597202,0.15145276,0.14841165,0.13713823,0.171002,0.15700766,0.13439324,0.119628295,0.14924166,0.14065467,0.122749634,0.16355065,0.12927893,0.14072566,0.14522068,0.14262055,0.15249054,0.13402529,0.108662985,0.13878068,0.13362657,0.12390571,0.12747656,0.15193026,0.11886799,0.13928723,0.12057538,0.10017872,0.13372,0.123824626,0.14945213,0.12213761,0.13716154,0.15670228,0.16518776,0.15613122,0.13474086,0.12374742,0.16391419,0.14976244,0.14175013,0.1380826,0.16136895,0.1262681,0.1510992,0.15933879,0.12776132,0.11498472,0.14054574,0.13359909,0.13146365,0.12707852,0.12797119,0.15267864,0.13789402,0.13243037,0.18631433,0.12404745,0.12856445,0.10647632,0.12854403,0.13503127,0.12808353,0.14496534,0.10898101,0.14474948,0.12977968,0.15409245,0.15955818,0.14259215,0.11948896,0.15478827,0.13358662,0.13387014,0.13634576,0.14232069,0.13588618,0.13543637,0.113830134,0.10634412,0.1414296,0.14767587,0.13323484,0.119916335,0.12967812,0.15923528,2,apnea_hold,apnea_01
0.5037465,0.3645296,0.7236369,0.05169822,0.75112236,2.0531704,0.32471612,0.6518053,0.49817964,0.23426569,0.5555556,0.26367188,15.8203125,0.5871169,0.4128831,0.5325313,0.924212,0.14455675,0.13723561,0.13908152,0.13080597,0.14626104,0.13357042,0.13729559,0.13411371,0.13115525,0.14961794,0.13564229,0.13090579,0.16741918,0.15038219,0.13681374,0.14276752,0.16270185,0.13901727,0.14435948,0.15747394,0.13098133,0.11816054,0.13131832,0.13831517,0.1256602,0.13371426,0.124945045,0.1500237,0.14336216,0.13663676,0.16815077,0.15552118,0.13374314,0.12451169,0.15078318,0.14124689,0.123501845,0.16602866,0.13052857,0.14030296,0.14451292,0.14274056,0.1554109,0.13398305,0.10907593,0.13843696,0.13150734,0.12206107,0.12887126,0.15360145,0.11018492,0.13916598,0.12444105,0.10487891,0.13233912,0.120715566,0.14751543,0.12163464,0.1395488,0.1555194,0.16668925,0.15642838,0.13256927,0.123259366,0.16216198,0.14885738,0.14318135,0.13882823,0.16331136,0.12920004,0.15096694,0.15874931,0.1271907,0.11738833,0.13951102,0.13276662,0.12991878,0.12336948,0.127118,0.15176994,0.13412169,0.13154303,0.18318912,0.1261731,0.12860735,0.110938966,0.13057126,0.1337856,0.13020572,0.14792083,0.10974972,0.14315069,0.13297905,0.15364173,0.1558305,0.14222442,0.11918832,0.15373832,0.1318565,0.13248143,0.13855967,0.14200912,0.13436337,0.13342649,0.11705,0.10588535,0.14139876,0.14814992,0.13460413,0.12132347,0.1340852,0.16014136,2,apnea_hold,apnea_01
0.4945207,0.37570295,0.7597315,0.05239957,0.703553,2.0871258,0.27725568,0.6785334,0.40861022,0.2834432,0.5833333,0.52734375,31.640625,0.5624658,0.43753418,0.5754249,0.9329206,0.14410888,0.13680942,0.1395258,0.13141097,0.14572333,0.13349934,0.13793199,0.13411593,0.13027932,0.15120041,0.13362026,0.13003135,0.16751891,0.14976576,0.13730985,0.14002514,0.16308665,0.13877957,0.14370838,0.15688093,0.13120894,0.119598754,0.13086243,0.13740297,0.12585194,0.13467345,0.125845,0.14937039,0.14099817,0.13532166,0.16568741,0.15502883,0.13310821,0.124773316,0.14883743,0.14188138,0.12627499,0.16603036,0.1308888,0.14153172,0.1464515,0.14300977,0.15253067,0.13486421,0.10903059,0.14024398,0.13226001,0.122819595,0.12719712,0.15422343,0.110807426,0.13912258,0.1262319,0.10586216,0.13293639,0.122184835,0.14832692,0.12325318,0.1400953,0.15528175,0.16879961,0.15704052,0.12728907,0.120746,0.15629818,0.14665255,0.14409171,0.14354609,0.16433536,0.13193145,0.151103,0.15833148,0.1242383,0.11905425,0.14198156,0.134163,0.12916276,0.12353474,0.12839736,0.1488756,0.12762904,0.12922771,0.18358608,0.12537491,0.12870908,0.115795374,0.13151808,0.13587578,0.13504417,0.15126912,0.11079964,0.13927501,0.13276538,0.151825,0.15804796,0.14416526,0.12048485,0.15347107,0.12857443,0.1304894,0.14171477,0.14092223,0.12787907,0.13018401,0.12348017,0.105971985,0.141998,0.14713313,0.13155718,0.122401565,0.13719168,0.16258393,2,apnea_hold,apnea_01
0.48524857,0.41566098,0.8565939,0.0526005,0.68879807,2.0696592,0.28390285,0.680044,0.41747716,0.29899684,0.5,0.5078125,30.46875,0.58967894,0.41032106,0.528177,0.92310935,0.14344397,0.13625394,0.14012948,0.1318315,0.1450186,0.13283901,0.13795038,0.13579753,0.13452551,0.15357012,0.12632489,0.12558565,0.1624131,0.15063505,0.13687764,0.14224413,0.16448753,0.13682964,0.14223592,0.15756267,0.13147978,0.1244768,0.12831505,0.1387117,0.12745932,0.14344457,0.12633821,0.14356183,0.13408487,0.13129432,0.16829805,0.14939842,0.13118276,0.1247353,0.14973539,0.14426443,0.12841292,0.17190403,0.12696767,0.13832481,0.14845632,0.14250343,0.15299354,0.13745031,0.11001454,0.14061238,0.13004352,0.12109919,0.12843995,0.15484442,0.10842681,0.13477209,0.12964846,0.104438856,0.13589121,0.12127036,0.1482516,0.124599,0.14228693,0.15984061,0.1659288,0.15623315,0.124138795,0.12110304,0.15368888,0.14878307,0.1446162,0.13941546,0.1656059,0.13334809,0.14823706,0.15823244,0.12591104,0.120401725,0.14121416,0.12911282,0.12820303,0.12162435,0.12767161,0.14679319,0.12699851,0.12950322,0.17943168,0.12786818,0.13010058,0.11798399,0.13348192,0.13418071,0.14041956,0.15210716,0.11414057,0.13712388,0.13519542,0.14931558,0.15167466,0.14281932,0.12238711,0.15244113,0.12806785,0.1293392,0.14511478,0.14134379,0.12826174,0.12893498,0.12916842,0.10621875,0.14290811,0.14806698,0.13423707,0.12391089,0.14152631,0.16633688,2,apnea_hold,apnea_01
0.499583,0.3771281,0.75488573,0.05275701,0.75869495,2.0696592,0.27687293,0.6311675,0.4386679,0.27139455,0.6111111,0.48828125,29.296875,0.62080306,0.37919694,0.47674137,0.9067577,0.14235279,0.13539413,0.1400423,0.13400352,0.14527278,0.1323757,0.13789451,0.13599128,0.13352922,0.15074162,0.12161927,0.12822145,0.15777193,0.15192167,0.13709587,0.14067467,0.16471729,0.13681558,0.13956252,0.15682238,0.13109286,0.12383874,0.12557048,0.13526647,0.12770887,0.14588183,0.12583376,0.1395625,0.133532,0.13121289,0.16802517,0.14648333,0.13284184,0.12436579,0.15381248,0.14332259,0.13222496,0.17035484,0.126311,0.13647635,0.14868797,0.14091223,0.14958866,0.13775694,0.114038445,0.13902985,0.12803371,0.11825133,0.13528925,0.15579073,0.11287275,0.13298286,0.13190332,0.106662266,0.13593364,0.12523457,0.14994775,0.12368375,0.14608367,0.1674098,0.16633375,0.15593745,0.12214891,0.1206127,0.15089197,0.15305592,0.14421026,0.13922526,0.16671224,0.13373566,0.14728452,0.16039257,0.12800486,0.120708995,0.14050455,0.12708412,0.12832674,0.124310516,0.12803844,0.14429775,0.12511744,0.12893586,0.17764693,0.1265995,0.13049622,0.11881697,0.13409182,0.13401084,0.14331128,0.15524516,0.11430791,0.13494694,0.13494402,0.14744796,0.14925608,0.1423919,0.12325773,0.15209164,0.12732545,0.1277588,0.14564332,0.141219,0.12642705,0.12856841,0.13186309,0.10406234,0.1448951,0.14823323,0.13478899,0.12408947,0.1431311,0.16720662,2,apnea_hold,apnea_01
0.49771282,0.35342985,0.710108,0.054316353,0.7437916,2.0714967,0.25581586,0.7008771,0.3649939,0.3507991,0.5555556,0.46875,28.125,0.65250266,0.34749734,0.42694005,0.88755506,0.14322634,0.13505569,0.13938707,0.13414744,0.145124,0.1318356,0.13759494,0.13719375,0.13449453,0.1511898,0.1185319,0.12961695,0.15792897,0.15582441,0.1379821,0.14295569,0.1659723,0.13580085,0.14130153,0.15905827,0.13128506,0.12296675,0.12516105,0.1333871,0.12562247,0.14526457,0.12629293,0.14054789,0.13390918,0.13083398,0.16426696,0.14790791,0.13334888,0.12621439,0.15489769,0.14179613,0.13328084,0.16945462,0.12677196,0.13679005,0.14697772,0.14024025,0.14742462,0.13650806,0.1132088,0.13702773,0.12765338,0.119170435,0.13331068,0.1572001,0.1137828,0.13388251,0.13321593,0.10757381,0.13638067,0.12543488,0.14806914,0.123701744,0.1467906,0.1654033,0.16108032,0.1517051,0.11736781,0.1277339,0.14810756,0.156133,0.14373049,0.14145784,0.16675755,0.13553792,0.1459982,0.16194727,0.12905508,0.115864314,0.13802105,0.11995787,0.12785715,0.12988037,0.12554868,0.1416256,0.12394262,0.12921794,0.17466448,0.12959704,0.13377845,0.123907134,0.13800451,0.13268964,0.14919963,0.15337001,0.11693518,0.13394976,0.13394839,0.14231521,0.14233635,0.14068186,0.12665951,0.15015899,0.12848525,0.12438068,0.14706925,0.14251599,0.12782496,0.13127011,0.13763149,0.10540315,0.1457176,0.14405291,0.13636884,0.12270925,0.1478413,0.17073323,2,apnea_hold,apnea_01
0.5044359,0.372276,0.73800457,0.052051615,0.80561453,2.0385897,0.28153825,0.6586736,0.42743212,0.26736504,0.5416667,0.45898438,27.539062,0.6706016,0.32939842,0.3995801,0.8710396,0.14347176,0.13462162,0.1392735,0.13437977,0.14516869,0.13142766,0.13741247,0.13790151,0.13353518,0.1490522,0.114741795,0.13471183,0.15630732,0.1551437,0.1355033,0.15053691,0.16351701,0.13643134,0.1439131,0.16066684,0.13107231,0.119888976,0.12326777,0.12988745,0.12527783,0.1508661,0.12396783,0.13812247,0.13160169,0.1293806,0.16500778,0.14803912,0.13377097,0.13100249,0.1564146,0.14053634,0.13809034,0.16804752,0.12570679,0.13642855,0.14450617,0.13698317,0.14594541,0.13564523,0.11655353,0.1355043,0.13019346,0.11700054,0.1331618,0.15698868,0.11712914,0.13644654,0.13716279,0.10874143,0.1386673,0.12008255,0.14563325,0.12115245,0.14841545,0.1663551,0.16065039,0.1538469,0.11307586,0.13000959,0.1486788,0.15632692,0.14300616,0.14120887,0.16636676,0.13420692,0.14632362,0.16211638,0.13137579,0.11441572,0.13861537,0.11671903,0.12398714,0.12759818,0.12689628,0.14457497,0.12441265,0.12767656,0.16627511,0.13176909,0.13688,0.1287395,0.14058197,0.13374497,0.15297131,0.1521803,0.119255565,0.13664396,0.13455264,0.13974996,0.13525379,0.14092939,0.12486465,0.1479783,0.1276553,0.12882212,0.14133747,0.14625272,0.13105315,0.13015094,0.13865,0.10949816,0.14676225,0.14204574,0.13393046,0.12301789,0.14980224,0.17139651,2,apnea_hold,apnea_01
0.49401355,0.36395,0.73672074,0.051019732,0.7516746,1.9943804,0.24460158,0.6690013,0.365622,0.29714584,0.6111111,0.45898438,27.539062,0.68512756,0.3148724,0.37815022,0.8588117,0.14226222,0.13415107,0.13990432,0.1353535,0.1449341,0.1317812,0.13748588,0.13775451,0.13207293,0.15130825,0.112518296,0.13595885,0.15497604,0.15034743,0.12994346,0.15138315,0.1592411,0.13523589,0.14395721,0.15968491,0.13278142,0.12056522,0.12192055,0.13002528,0.123524375,0.15448533,0.12477377,0.13831882,0.12992322,0.12563019,0.16121297,0.14511201,0.13488497,0.13358718,0.16138689,0.14265089,0.14074597,0.17084274,0.12594357,0.13874015,0.14718133,0.13351165,0.14321424,0.13871685,0.11517403,0.13176063,0.12888722,0.119564086,0.12906048,0.15918572,0.12156568,0.13501748,0.13761118,0.11559894,0.14086339,0.11715769,0.14443931,0.119395316,0.15004486,0.17009148,0.16059323,0.15355954,0.111605,0.13434702,0.14868872,0.1526877,0.14078465,0.14471209,0.16354741,0.13440129,0.14650334,0.16050528,0.13220811,0.112824865,0.13901304,0.114511415,0.123133086,0.12845445,0.12789346,0.14535914,0.123541236,0.1267865,0.1654245,0.13367447,0.1391985,0.1333411,0.14095956,0.13591172,0.15690884,0.1519159,0.12042844,0.13765948,0.13501215,0.13685016,0.13140725,0.14047274,0.12512247,0.14625624,0.12841143,0.12997657,0.13913113,0.14671844,0.13301593,0.13053162,0.13971978,0.10923565,0.14689575,0.13931131,0.13305698,0.12169173,0.14969887,0.17182486,2,apnea_hold,apnea_01
0.494602,0.3951579,0.79894114,0.049330294,0.75318223,2.0060892,0.30685893,0.6845851,0.4482407,0.26216242,0.6805556,0.44921875,26.953125,0.66329026,0.33670974,0.41054258,0.85992694,0.14205578,0.13410726,0.13999923,0.13540569,0.14457989,0.13168776,0.13755909,0.13802657,0.13185443,0.15165095,0.11224675,0.13690986,0.15458496,0.1487432,0.13015138,0.15017077,0.15909123,0.13487054,0.14398685,0.15939175,0.13307242,0.120626464,0.12293556,0.12932001,0.12334241,0.15485546,0.12537517,0.14056857,0.1282196,0.12496482,0.16056342,0.1437049,0.13514742,0.13377054,0.16213906,0.14315164,0.14151216,0.17402716,0.12565953,0.1392071,0.14702924,0.13320072,0.14194083,0.13944113,0.11424129,0.12994884,0.12849127,0.12004182,0.12920564,0.15945289,0.11985052,0.13477702,0.13762751,0.11737954,0.14178981,0.115432516,0.1454721,0.11838496,0.15073454,0.17012514,0.16140446,0.15529066,0.1118277,0.13417372,0.14710413,0.14829157,0.1381405,0.14704889,0.15941793,0.13316551,0.14881217,0.1608536,0.13400774,0.11191133,0.13909388,0.11445377,0.122187614,0.12942529,0.1285682,0.14703342,0.12337026,0.12368684,0.16149282,0.13335516,0.14093895,0.13642335,0.14422646,0.13682678,0.15994443,0.15433049,0.122141354,0.13986531,0.13723557,0.13011059,0.1244573,0.14196919,0.1234247,0.14559536,0.12814052,0.13278843,0.13656503,0.14704512,0.13208188,0.13003725,0.14003675,0.111936964,0.14851221,0.13890372,0.13274957,0.118734844,0.15072264,0.17423086,2,apnea_hold,apnea_01
0.4939748,0.36872157,0.74643797,0.049208246,0.7499476,2.0060892,0.2385737,0.6354107,0.37546375,0.3025825,0.5833333,0.44921875,26.953125,0.58570945,0.41429058,0.5349315,0.876901,0.14201972,0.13436937,0.1396331,0.13557793,0.1442973,0.13257037,0.13754258,0.1373867,0.13211463,0.15158065,0.110688284,0.13707513,0.1548145,0.1467811,0.13087404,0.15025233,0.1590423,0.13493136,0.14537707,0.15933715,0.1333878,0.12092968,0.12315642,0.1296671,0.12346477,0.15480661,0.1269266,0.1408124,0.128346,0.12594168,0.1601026,0.14408028,0.13516144,0.13340627,0.16212909,0.14312409,0.13994434,0.17281713,0.12607916,0.13884039,0.14714757,0.1315521,0.14144008,0.13948637,0.114073314,0.1297091,0.12888762,0.120855495,0.13048899,0.15986241,0.118518084,0.13477293,0.137966,0.11702665,0.14175045,0.11655986,0.14646654,0.11757828,0.15060723,0.17006022,0.16079895,0.15543896,0.11024768,0.13590525,0.14729433,0.14773889,0.13762985,0.14681457,0.15798707,0.1326758,0.14932422,0.1605515,0.13345796,0.111991085,0.14058155,0.115316495,0.12188581,0.12904333,0.13367985,0.1494661,0.12425465,0.12292437,0.16129126,0.13386495,0.1408351,0.13828027,0.14508705,0.13725433,0.15963194,0.15387008,0.12395015,0.13882017,0.13919726,0.12917295,0.12202655,0.14202672,0.12378245,0.14545192,0.12778193,0.13387813,0.1363688,0.14707232,0.12490436,0.13028386,0.13964023,0.11070534,0.1489676,0.13973428,0.13296553,0.11692537,0.15022652,0.1743547,2,apnea_hold,apnea_01
0.4941138,0.38240877,0.7739285,0.04912206,0.7460604,2.0060892,0.20948851,0.701837,0.298486,0.3648626,0.6805556,0.43945312,26.367188,0.48225027,0.5177497,0.72929204,0.89057887,0.14183646,0.13510819,0.13947451,0.1352769,0.14413929,0.1331909,0.13672203,0.13775678,0.131926,0.15113778,0.110186584,0.13913903,0.15459092,0.14657451,0.1307026,0.14881447,0.15944855,0.13468677,0.14443904,0.15944926,0.13277854,0.12107519,0.12527537,0.12954071,0.12408596,0.1543247,0.13325983,0.14141068,0.1288784,0.12626816,0.16014865,0.14311984,0.1354256,0.13359332,0.16205725,0.14351012,0.13890553,0.17121571,0.1289501,0.13784313,0.147654,0.13129286,0.14068916,0.13913132,0.11454496,0.12890446,0.12847006,0.122195944,0.13040824,0.15988135,0.1146709,0.13462442,0.13772121,0.11654465,0.14152427,0.11751924,0.14607833,0.11770744,0.15014218,0.16958158,0.16038695,0.15562753,0.104908355,0.1376532,0.14904301,0.14959194,0.13765602,0.14537874,0.16154486,0.13254926,0.14724298,0.16051741,0.13171056,0.11229003,0.14085206,0.11740135,0.12199206,0.128993,0.136735,0.14570393,0.12508705,0.12553822,0.16245882,0.13602625,0.14003657,0.13836743,0.14685161,0.13642333,0.15479685,0.15135318,0.123724796,0.13561372,0.14074884,0.12982449,0.12158511,0.1417411,0.12473923,0.14152583,0.12845826,0.13503778,0.13805066,0.1503272,0.124291286,0.1299078,0.14037402,0.109608695,0.1468832,0.1398872,0.1327833,0.1192489,0.15007943,0.17435873,2,apnea_hold,apnea_01
0.5050272,0.31930953,0.63226205,0.050067022,0.8122739,2.0199094,0.18636774,0.66211903,0.28147164,0.31905082,0.6388889,0.41015625,24.609375,0.37397534,0.62602466,0.9835654,0.8974621,0.14162444,0.13505718,0.13873091,0.13602982,0.14346315,0.13461758,0.13660116,0.13716327,0.13267529,0.14967257,0.10714283,0.13945575,0.1557201,0.14822125,0.13078444,0.14897913,0.16319971,0.13324799,0.14138694,0.16021854,0.13041319,0.120300084,0.124011904,0.13325565,0.12331451,0.1547638,0.13377254,0.13488118,0.12884277,0.12802236,0.16119193,0.14501192,0.13307762,0.13529721,0.16429064,0.14104407,0.13482782,0.17303252,0.12775055,0.13500106,0.14846253,0.13184741,0.1414624,0.1389771,0.11528737,0.123721205,0.1277972,0.1228954,0.13504015,0.16355467,0.11714331,0.13377367,0.13804811,0.11697864,0.1411132,0.11644386,0.14443912,0.1186497,0.1493773,0.17093058,0.15713798,0.15332104,0.10317598,0.14217997,0.14806263,0.15214056,0.13851884,0.14195956,0.1631006,0.13009524,0.14549732,0.1610685,0.12876265,0.111668535,0.14109468,0.12347378,0.12252433,0.12756737,0.14523713,0.14389405,0.12662038,0.12606739,0.16470163,0.13638474,0.13875318,0.14204146,0.15204678,0.13515855,0.15331067,0.15174697,0.12470864,0.13166277,0.14264444,0.12828043,0.12158681,0.13963893,0.12842676,0.13723592,0.12936755,0.1353632,0.13894293,0.15185526,0.12309836,0.12934506,0.13874015,0.11158166,0.14351696,0.13970047,0.13044739,0.118911624,0.14839776,0.17322166,2,apnea_hold,apnea_01
0.5018626,0.31328398,0.6242425,0.04734028,0.82673675,2.0199094,0.21717596,0.68542403,0.31684905,0.35281417,0.6944444,0.41015625,24.609375,0.30758825,0.6924118,1.1789932,0.89416206,0.1409711,0.1354235,0.13872711,0.1359746,0.14343514,0.13407342,0.13517186,0.13840117,0.13082708,0.1450602,0.10627853,0.1402146,0.15496798,0.14914563,0.1343689,0.15045938,0.1623307,0.13156621,0.14285937,0.1582835,0.12626216,0.119204216,0.12008351,0.13730092,0.12190933,0.15340477,0.1352152,0.13366918,0.1268863,0.12663706,0.16337107,0.14661773,0.13404846,0.14215775,0.16872309,0.13819906,0.1370543,0.17888816,0.12425554,0.13301213,0.14824098,0.1270051,0.1442474,0.13480599,0.11999925,0.12052438,0.12849715,0.11690084,0.14009291,0.16361202,0.122205295,0.13213818,0.13566399,0.121470965,0.13885586,0.11506609,0.1438925,0.11709189,0.14684317,0.17383613,0.16152547,0.14799798,0.09403912,0.14715144,0.1455779,0.15636118,0.1413287,0.14532329,0.16773753,0.13255538,0.14041476,0.16363285,0.12101122,0.10934766,0.13571502,0.13358818,0.11941203,0.12816224,0.1462331,0.13176054,0.12582134,0.12691072,0.16601905,0.13883337,0.13383652,0.14731471,0.16063826,0.12564275,0.15057555,0.15486804,0.12574573,0.119091615,0.14572532,0.1264935,0.12146078,0.14132369,0.13053077,0.12400686,0.13113128,0.13424824,0.1450061,0.15801667,0.12790518,0.1258929,0.14439684,0.11303489,0.13784431,0.14309071,0.12817895,0.12127117,0.14782234,0.1725069,2,apnea_hold,apnea_01
0.45083964,0.35246187,0.7817899,0.047559977,0.7436946,1.6507603,0.18220632,0.5180462,0.35171828,0.24097553,0.6805556,0.41992188,25.195312,0.28708223,0.71291775,1.2479866,0.8984139,0.14076449,0.13351856,0.13815197,0.13727851,0.14221177,0.13503052,0.13554774,0.13774355,0.13952346,0.13438168,0.10167925,0.14288768,0.14864592,0.14633715,0.1428219,0.1586614,0.16058522,0.13755505,0.1453146,0.1598221,0.11172303,0.117899954,0.10860664,0.14545347,0.11572941,0.15720002,0.13131203,0.12394743,0.12378674,0.1246852,0.15993944,0.14702605,0.12839444,0.15176041,0.1745824,0.12349421,0.13879116,0.19045267,0.12380233,0.12386417,0.14791633,0.1202367,0.1489398,0.13558944,0.12288606,0.11128582,0.13413455,0.1088584,0.14706473,0.16379604,0.12974171,0.12914932,0.1409677,0.12701638,0.13314798,0.12137216,0.14490685,0.11517873,0.14628805,0.17713259,0.1561367,0.14269318,0.09224709,0.1487117,0.14459589,0.16043821,0.1437087,0.14711185,0.16301452,0.13100624,0.13915433,0.15959567,0.12033893,0.11253201,0.1281077,0.14242293,0.11825392,0.1264411,0.14917885,0.1319204,0.12643102,0.12410321,0.16677861,0.14526418,0.13148876,0.15247415,0.17105629,0.124753416,0.15174317,0.1621537,0.12549788,0.11406638,0.14810605,0.12151668,0.12729323,0.13978934,0.13186231,0.11513684,0.12914534,0.12216931,0.15008657,0.16002664,0.13298403,0.12533556,0.14463416,0.117027305,0.13323393,0.14040987,0.12793864,0.11815908,0.14349554,0.17516547,2,apnea_hold,apnea_01
0.46204793,0.35702592,0.7727032,0.04277733,0.74410653,1.6581777,0.24886288,0.56155443,0.4431679,0.26823246,0.7777778,0.4296875,25.78125,0.35136613,0.64863384,1.0459265,0.9038114,0.14037834,0.13301526,0.13815214,0.13765875,0.14212683,0.13297857,0.13475934,0.13881266,0.13992973,0.13452876,0.10097833,0.1419685,0.14756317,0.1453001,0.1447773,0.16132781,0.15731789,0.13622539,0.14650619,0.15831012,0.11018515,0.11858265,0.10424989,0.14725517,0.11467868,0.1558815,0.13242732,0.123090275,0.12714072,0.12452294,0.15756376,0.15014575,0.12180508,0.15185462,0.17804752,0.1184202,0.14012533,0.19279662,0.12297976,0.122632824,0.1497742,0.11928655,0.15015171,0.1371573,0.12292456,0.10875127,0.13292992,0.10463046,0.14709167,0.16336298,0.13426423,0.13121377,0.14328574,0.12732203,0.1327792,0.123162,0.14280601,0.114166565,0.14454803,0.18093091,0.16456236,0.12347575,0.09067113,0.15447251,0.13887985,0.16528979,0.15114343,0.14886986,0.15686439,0.14001687,0.13802278,0.16198538,0.11339468,0.12025884,0.111227706,0.15191132,0.10915238,0.12385132,0.15340365,0.13235642,0.12138085,0.11684319,0.15532881,0.14768232,0.12106203,0.16426255,0.1751458,0.118553646,0.15430897,0.1682321,0.13241224,0.10328582,0.14691792,0.11174726,0.12764922,0.14667286,0.13179532,0.10511135,0.13003877,0.11095592,0.1596702,0.15960273,0.1378428,0.12349272,0.15071006,0.12192101,0.12669648,0.14945391,0.13152353,0.11474663,0.14054945,0.17739923,2,apnea_hold,apnea_01
0.45147052,0.26839876,0.59449893,0.04364198,0.7127822,1.6581777,0.22946301,0.49375144,0.46473384,0.21582519,0.7083333,0.43945312,26.367188,0.39593628,0.60406375,0.92650205,0.9037508,0.14042228,0.13080722,0.13881984,0.13855955,0.14063802,0.13362248,0.1358903,0.13887748,0.14190087,0.1264135,0.10390972,0.14299516,0.14961085,0.14385353,0.14738333,0.16179885,0.1540305,0.13953355,0.1466729,0.15803464,0.10935234,0.123781435,0.09075482,0.1469408,0.11033794,0.15475458,0.13495332,0.12548554,0.12100244,0.11894358,0.15012026,0.15082566,0.11743534,0.15515815,0.17803138,0.1215229,0.13874896,0.19479181,0.12570602,0.12520766,0.14881323,0.11529109,0.14979076,0.14157045,0.12337689,0.10970317,0.13210362,0.09813014,0.14995958,0.16431582,0.1354696,0.1321958,0.1453415,0.12959963,0.13138328,0.12734617,0.14636515,0.11453175,0.14260897,0.18402667,0.15838867,0.12324307,0.09434317,0.15307333,0.1366497,0.16356002,0.14946038,0.1475999,0.15312259,0.13805789,0.13600534,0.1597656,0.11502473,0.124746844,0.10769418,0.152568,0.113192454,0.12313937,0.15661305,0.134415,0.12561941,0.11683868,0.15274765,0.15005352,0.11706163,0.1624025,0.17545034,0.12180604,0.15560633,0.16952975,0.13229641,0.1103125,0.15002184,0.111543156,0.128557,0.14696425,0.12842804,0.104286335,0.13177198,0.10810206,0.15970597,0.15953948,0.1397165,0.1290841,0.14918129,0.120916136,0.12510169,0.1467824,0.1323256,0.11508941,0.13925101,0.18061161,2,apnea_hold,apnea_01
0.43958277,0.32876447,0.7479012,0.043361373,0.6692742,1.6581777,0.22208129,0.5563889,0.39914757,0.24295051,0.6944444,0.43945312,26.367188,0.44620517,0.5537948,0.8069764,0.8956068,0.14078243,0.12801917,0.13908966,0.1403871,0.13972399,0.13470608,0.13618156,0.13823439,0.14571084,0.12945345,0.10280992,0.1380876,0.15096915,0.13700004,0.15161419,0.16452415,0.15487292,0.13943881,0.15006022,0.1595867,0.1060435,0.12250639,0.08855908,0.14442153,0.111116745,0.15275295,0.1355628,0.11944414,0.11672077,0.11421665,0.14846118,0.147686,0.10826453,0.15453649,0.17706856,0.123621136,0.13456514,0.1931007,0.11882446,0.12959369,0.14734341,0.11912701,0.14576888,0.14590083,0.12576135,0.115056746,0.1324336,0.10028425,0.15245321,0.16571206,0.13665047,0.13437925,0.14519273,0.12885962,0.1332465,0.1332993,0.14799567,0.11500515,0.14317217,0.18878189,0.1575429,0.123169616,0.0909337,0.15314388,0.13348205,0.16653985,0.1452782,0.14911364,0.1534539,0.1284301,0.1360519,0.16096075,0.1183113,0.12707293,0.108104035,0.15679888,0.115062036,0.12438568,0.15685524,0.13289823,0.12709698,0.118174694,0.15385038,0.15071689,0.119167194,0.16099587,0.17793612,0.124330945,0.15722513,0.16711499,0.13265309,0.11034494,0.15141088,0.11203276,0.13093835,0.14511639,0.12908116,0.1027722,0.12940328,0.10798806,0.163797,0.16031387,0.13940904,0.12906465,0.14899373,0.11784767,0.12599342,0.14288153,0.12677255,0.11363932,0.14057255,0.17977369,2,apnea_hold,apnea_01
0.41673106,0.3378869,0.81080323,0.04351736,0.6340882,1.6311243,0.24276572,0.4783816,0.50747293,0.20676458,0.6944444,0.43945312,26.367188,0.48227257,0.51772743,0.72924584,0.8865041,0.13977654,0.12753917,0.13775125,0.14172395,0.13932545,0.13477263,0.1360355,0.13853095,0.15348591,0.13273916,0.08395868,0.13412286,0.13957639,0.1427202,0.15054363,0.17412485,0.1547004,0.12252864,0.15656108,0.16682439,0.1052088,0.11875726,0.09389208,0.14642511,0.11271075,0.15627682,0.13047121,0.10929374,0.11645476,0.117568865,0.15126841,0.14241427,0.108128116,0.15434784,0.18783511,0.119244814,0.13722433,0.18522744,0.11385363,0.12448582,0.14510946,0.12523675,0.14675564,0.13845618,0.13209158,0.11013641,0.12510899,0.095386036,0.16125518,0.16981453,0.13753416,0.14060597,0.14961304,0.12904035,0.13606152,0.13501053,0.1404388,0.10878789,0.1479065,0.19095686,0.15861458,0.12229881,0.089004464,0.15426669,0.12992357,0.16587734,0.14329867,0.15014446,0.1545337,0.1261845,0.13577145,0.16250108,0.11881151,0.1271415,0.108866185,0.15843496,0.11531757,0.12659977,0.15552354,0.12875779,0.12615328,0.11996072,0.15406255,0.15033703,0.11893213,0.16195722,0.17888758,0.12635687,0.15456891,0.16686201,0.13107243,0.11006052,0.15167207,0.11107144,0.13684317,0.14186613,0.13147406,0.10037771,0.12734856,0.1072941,0.16543405,0.16190118,0.13834445,0.12768136,0.15126562,0.12128757,0.12713587,0.13993259,0.12547848,0.112778574,0.14326592,0.17910273,2,apnea_hold,apnea_01
0.4066966,0.2947332,0.7247004,0.04334393,0.6091672,1.573575,0.22182341,0.4819897,0.46022436,0.18965335,0.7361111,0.43945312,26.367188,0.49996248,0.50003755,0.6932222,0.88870794,0.13767807,0.12947051,0.13666004,0.14251336,0.1385898,0.1345761,0.13517426,0.13939188,0.1536726,0.13070503,0.07402318,0.14293844,0.12512349,0.14886811,0.14850193,0.17670593,0.15348995,0.11222011,0.15280005,0.16611615,0.10465004,0.11706796,0.09949023,0.14545843,0.11379585,0.15745847,0.13314493,0.11245338,0.119448416,0.124105655,0.15023105,0.14215636,0.11297533,0.1553305,0.18935713,0.11407904,0.14269412,0.18042894,0.1172558,0.12011762,0.14335965,0.118630186,0.15373269,0.12946413,0.1367441,0.10477805,0.12593909,0.09511944,0.16306491,0.16936624,0.14131474,0.14490214,0.15411878,0.13919345,0.13742056,0.13412413,0.12844877,0.10597355,0.14959861,0.19002844,0.16139457,0.122174464,0.07880353,0.15534909,0.11874891,0.1701695,0.14002725,0.15191148,0.15450726,0.12041725,0.13977666,0.16839229,0.11999506,0.12768953,0.11072324,0.16056614,0.11703343,0.12998533,0.15030697,0.12604508,0.12181484,0.12294067,0.15290488,0.14580087,0.11998375,0.16369453,0.1838527,0.12650427,0.1544486,0.16204642,0.13328476,0.10727586,0.15083557,0.113436885,0.13932844,0.13678253,0.13340865,0.09742234,0.11863826,0.10453255,0.16807833,0.16730317,0.13209057,0.13463353,0.15600617,0.12305683,0.12815666,0.13941404,0.12533799,0.10960278,0.14582132,0.17806056,2,apnea_hold,apnea_01
0.40597716,0.28273106,0.696421,0.042563748,0.60102576,1.573575,0.24004863,0.47996354,0.5001393,0.24630673,0.6666667,0.4296875,25.78125,0.50857025,0.49142975,0.67615193,0.9029391,0.13749497,0.12955463,0.13654497,0.14265306,0.13633525,0.1349365,0.13488688,0.14133666,0.15124285,0.12994336,0.073217414,0.14472839,0.12321571,0.15154213,0.14813997,0.17574018,0.15365617,0.11142342,0.15450579,0.16599064,0.104088575,0.118438855,0.09983376,0.14635268,0.11531531,0.15757188,0.13243017,0.113802806,0.11632748,0.1253486,0.14916472,0.14066441,0.11308104,0.1558784,0.18894568,0.114711955,0.14272118,0.18151538,0.117859714,0.11969498,0.14277172,0.11515896,0.15448824,0.1301946,0.13706239,0.105521224,0.124438636,0.09587296,0.16107796,0.17030756,0.13804905,0.15025531,0.15513991,0.14106824,0.13741122,0.13536814,0.12542018,0.10677402,0.1477209,0.19002439,0.15986066,0.118260615,0.07371939,0.16630086,0.10916773,0.17301884,0.13816419,0.14792217,0.15253742,0.115322456,0.1323406,0.1662291,0.11951426,0.12500317,0.11368607,0.15714937,0.11712715,0.1322885,0.15355206,0.12920432,0.1222445,0.12773542,0.14851825,0.14449091,0.12154559,0.1616291,0.18041134,0.12505649,0.15774718,0.15698683,0.13537829,0.107396595,0.14775252,0.1078239,0.14526954,0.13358834,0.13644294,0.09920726,0.1204681,0.11003147,0.16790691,0.17191452,0.1346466,0.13834044,0.15760757,0.13590229,0.12958683,0.14152206,0.11783505,0.10972432,0.14345208,0.17890646,2,apnea_hold,apnea_01
0.3937258,0.30913034,0.78514117,0.041867007,0.5910874,1.5635839,0.22946301,0.48236325,0.4757058,0.19446845,0.7083333,0.4296875,25.78125,0.5187523,0.48124772,0.6563288,0.91700166,0.13508591,0.12903064,0.13687749,0.14503689,0.13633238,0.13524017,0.13502596,0.14090331,0.15175252,0.12572767,0.067872666,0.15437973,0.11895248,0.15300325,0.14747274,0.17101108,0.14858755,0.10078526,0.14859042,0.1638889,0.10409262,0.11599362,0.101534344,0.14039335,0.115822315,0.16257226,0.13943104,0.113267064,0.11649661,0.12642106,0.14344239,0.13861413,0.11246511,0.15094501,0.18903391,0.11529024,0.1435018,0.17327811,0.11760064,0.12491065,0.135649,0.11479449,0.15776938,0.12813368,0.13936234,0.11105349,0.12902968,0.101938166,0.16354783,0.17719057,0.13921273,0.15579195,0.15212324,0.1523121,0.14115432,0.13786127,0.12068859,0.106130935,0.14448678,0.19304109,0.15861517,0.11827356,0.074989825,0.16877969,0.111130826,0.17377448,0.1403267,0.14610308,0.15225081,0.11451047,0.130478,0.16236769,0.12072069,0.12349279,0.11188437,0.15703322,0.11585204,0.13041323,0.15768732,0.12863909,0.124658905,0.127401,0.15094092,0.14835893,0.12207205,0.15968837,0.17916839,0.12414877,0.1595985,0.1583332,0.13335592,0.11022592,0.14788418,0.103373975,0.14604962,0.1352054,0.1370325,0.09805431,0.12290675,0.1131274,0.16519384,0.16925372,0.13709776,0.13762413,0.15449484,0.13371713,0.13051642,0.14351161,0.113740616,0.11040745,0.14088087,0.18217719,2,apnea_hold,apnea_01
0.3854969,0.25420058,0.6594102,0.04085347,0.5713274,1.5182273,0.20447558,0.48848772,0.418589,0.23162727,0.5833333,0.41992188,25.195312,0.5589656,0.4410344,0.58166736,0.9172747,0.13387871,0.12923564,0.13675125,0.14566234,0.13583282,0.13535124,0.13558581,0.14070877,0.15399675,0.12425261,0.06880178,0.15535398,0.12016785,0.15491433,0.15096235,0.16820766,0.14716491,0.090440355,0.14106421,0.15835628,0.106740184,0.11455107,0.099092826,0.13322985,0.11407258,0.16379027,0.14557369,0.107941985,0.12444274,0.12472228,0.14669628,0.14511828,0.1157634,0.14506797,0.19322485,0.11040821,0.1435211,0.16908512,0.11471455,0.13123678,0.1331649,0.113859266,0.15684876,0.128452,0.1388886,0.10896699,0.13539512,0.10319759,0.16604365,0.17417951,0.14246577,0.15560658,0.14518051,0.15122184,0.1439425,0.14117447,0.11903435,0.10369005,0.14819549,0.19967796,0.15711325,0.11653694,0.07597295,0.17346478,0.11312376,0.17462859,0.14172526,0.14421049,0.14845537,0.10955675,0.12973358,0.16165859,0.11964626,0.118960746,0.11236669,0.15919264,0.11632071,0.13319464,0.16218038,0.12819548,0.12546602,0.1260567,0.15002337,0.1481687,0.12155664,0.15788335,0.17751408,0.12617776,0.15942544,0.15671417,0.13244228,0.11375154,0.142452,0.10183538,0.14926471,0.13650925,0.13849369,0.1014426,0.12659276,0.11819145,0.16312352,0.1725696,0.13881797,0.13935548,0.15031147,0.13673598,0.13347487,0.14172652,0.107062116,0.1095276,0.13542621,0.18289132,2,apnea_hold,apnea_01
0.38652053,0.2712066,0.7016615,0.04121222,0.5821797,1.5182273,0.2415025,0.4855825,0.49734592,0.22949715,0.5833333,0.38085938,22.851562,0.57693934,0.42306066,0.55001813,0.9162532,0.1341116,0.12955835,0.13653754,0.1453417,0.13633549,0.13574325,0.13595012,0.13948253,0.15473384,0.12483673,0.071232654,0.15503906,0.12060239,0.15678285,0.15170865,0.16861269,0.14752132,0.08831595,0.14003293,0.15800741,0.10602437,0.11425576,0.101277195,0.13645546,0.11407126,0.1614882,0.14514513,0.10726471,0.12416941,0.124643005,0.14734578,0.14567293,0.11740226,0.14506744,0.1939814,0.109831445,0.14118169,0.17111638,0.11534973,0.13070954,0.13170876,0.11413328,0.15548332,0.12874168,0.13857754,0.10737142,0.13680169,0.10476317,0.16563323,0.17438018,0.14083217,0.1553213,0.1438653,0.15046726,0.14482374,0.13749598,0.11849294,0.102649316,0.1512162,0.19950122,0.15889797,0.1172022,0.08509802,0.17108801,0.11509751,0.17438093,0.14399204,0.14742582,0.14857765,0.102927044,0.12899925,0.16089153,0.11778337,0.116958685,0.109007865,0.1592083,0.11686424,0.13617973,0.16103332,0.124736704,0.12877208,0.12513152,0.1533021,0.1548643,0.12217899,0.15642439,0.18177786,0.12232129,0.15593058,0.15788718,0.12892659,0.12150036,0.13923892,0.10193196,0.15078127,0.13792117,0.1362319,0.10112161,0.13178085,0.11777566,0.1621826,0.17085664,0.13773702,0.13920806,0.14516021,0.13434912,0.13415559,0.14015472,0.10558322,0.1061533,0.13563173,0.18432505,2,apnea_hold,apnea_01
0.3879358,0.2429015,0.6261384,0.039699182,0.60081816,1.5182273,0.20186958,0.48952714,0.41237667,0.21218817,0.5694444,0.38085938,22.851562,0.60423344,0.3957666,0.5037947,0.91063446,0.1345758,0.13095859,0.13669743,0.14363517,0.13740076,0.13729244,0.13602592,0.13686997,0.15514976,0.1254953,0.085743494,0.1528797,0.12160906,0.15226619,0.15254414,0.17276879,0.14811513,0.08600239,0.14164811,0.1543788,0.100884505,0.11098736,0.10371098,0.14235765,0.11338875,0.15437976,0.14533089,0.10701493,0.12636304,0.12822501,0.14948252,0.15486157,0.11631158,0.15004767,0.19689755,0.108864315,0.14458263,0.16993694,0.113230616,0.13255942,0.1291078,0.11143977,0.15746847,0.1310423,0.13740002,0.10552073,0.13901593,0.10500343,0.1652348,0.1712262,0.14042346,0.15252605,0.14394855,0.14986582,0.14123368,0.13542032,0.11587221,0.10237186,0.14793159,0.19619927,0.15965375,0.120501615,0.0911429,0.17092331,0.11895618,0.1754994,0.14375392,0.15052313,0.14805499,0.09623328,0.13307701,0.16283238,0.11505814,0.11564464,0.11638339,0.16469337,0.11685142,0.13898198,0.16312945,0.12647797,0.12859888,0.12683834,0.1535945,0.15525138,0.12044352,0.15791292,0.17987813,0.12274796,0.14983647,0.1595998,0.124301255,0.1254342,0.13518104,0.103617355,0.15598947,0.14029013,0.1339114,0.102724515,0.13482529,0.11948286,0.15796566,0.17089833,0.13393676,0.14236465,0.13869916,0.1341895,0.13386315,0.13564105,0.097859606,0.102691956,0.1330558,0.17866105,2,apnea_hold,apnea_01
0.36697477,0.24780488,0.67526406,0.039500196,0.5603009,1.488179,0.24562082,0.4786796,0.51312155,0.2275483,0.5416667,0.48828125,29.296875,0.6592209,0.34077916,0.41669667,0.89976853,0.13603349,0.13290039,0.13612461,0.14044432,0.13709213,0.13870196,0.13680977,0.13524757,0.15798162,0.13303415,0.09302025,0.14999714,0.12719457,0.15083036,0.15242322,0.18052629,0.14665464,0.078834996,0.14891033,0.15336981,0.09565802,0.111073405,0.1112488,0.15171526,0.1105326,0.15112641,0.15145609,0.111303456,0.12729883,0.1301637,0.15092555,0.15754667,0.10753417,0.15578005,0.1965304,0.10861093,0.14354737,0.17289226,0.10370933,0.1342484,0.12581411,0.112044945,0.16556965,0.13053711,0.13321802,0.103643,0.13925447,0.10941554,0.160321,0.16977276,0.13660753,0.15442792,0.14180288,0.15011087,0.13979185,0.13030122,0.10316619,0.1049057,0.13928026,0.1858726,0.15793018,0.11958285,0.103583194,0.16904318,0.12205328,0.16803187,0.14448062,0.15191954,0.14870436,0.093177676,0.1336708,0.1602987,0.10972146,0.113331035,0.12190201,0.16720161,0.11712289,0.13555944,0.16203843,0.1281556,0.13015814,0.13179933,0.15223925,0.16320798,0.12148162,0.15892807,0.18198854,0.121122755,0.14833865,0.16022214,0.12193511,0.12873301,0.13345294,0.1034849,0.15856975,0.14215161,0.13484739,0.10414961,0.13953069,0.11851559,0.15689763,0.16917275,0.13278964,0.13995412,0.1347415,0.13378435,0.13153636,0.13260965,0.09838925,0.10127434,0.13046648,0.1780868,2,apnea_hold,apnea_01
0.36243883,0.2261423,0.6239461,0.03736975,0.53887475,1.488179,0.22995766,0.4829084,0.4761931,0.19324896,0.6527778,0.48828125,29.296875,0.70109034,0.29890966,0.3551185,0.8859401,0.13552104,0.13309789,0.13719507,0.1399415,0.13752335,0.14013357,0.13810706,0.13236402,0.15324633,0.1352719,0.095963545,0.15219831,0.12929766,0.14635062,0.15258023,0.17800719,0.1461646,0.07861059,0.15040651,0.15093797,0.09273797,0.112666056,0.11473797,0.15376301,0.11032919,0.14718392,0.1512817,0.112087585,0.12679759,0.13160878,0.1495579,0.15897325,0.10579666,0.15548888,0.19686599,0.10936923,0.14095716,0.17375913,0.10812807,0.13532674,0.12664963,0.11482712,0.16751255,0.13119757,0.13443324,0.10453987,0.13996956,0.10965258,0.16011398,0.1706527,0.13503051,0.15738364,0.13931166,0.15129104,0.13871177,0.12432099,0.10035019,0.108951084,0.13843313,0.18503626,0.1589105,0.124087766,0.11591348,0.1613631,0.13327949,0.16438559,0.145152,0.14452283,0.14792141,0.09205344,0.13558705,0.15650845,0.108118445,0.11836095,0.12823026,0.17747688,0.118615694,0.124102645,0.16766511,0.13425975,0.13389188,0.13392207,0.14542694,0.16580437,0.1195974,0.15438257,0.18166131,0.11909275,0.13567743,0.1701784,0.12261583,0.13335578,0.1291677,0.109256186,0.16610917,0.14585288,0.13046631,0.10872643,0.14323159,0.12425711,0.15223765,0.17179608,0.12238958,0.13651922,0.12161147,0.13528317,0.12993282,0.13372816,0.103203334,0.10065991,0.11613168,0.17298202,2,apnea_hold,apnea_01
0.35032475,0.22882603,0.65318257,0.0375121,0.50342476,1.453746,0.22051391,0.48168802,0.45779404,0.21466957,0.625,0.47851562,28.710938,0.73998624,0.26001376,0.3011237,0.8709636,0.135177,0.13287757,0.13920638,0.14075147,0.13679108,0.14111932,0.13884188,0.13191944,0.1506498,0.13644266,0.10419647,0.1427275,0.14325874,0.14506902,0.1512503,0.1599042,0.14657024,0.090954386,0.14885232,0.14143969,0.09598571,0.12389827,0.116898574,0.15491986,0.115244955,0.13179602,0.15405537,0.11452933,0.13372156,0.1312901,0.13692825,0.15758717,0.1124902,0.1440488,0.19405028,0.10843842,0.12620898,0.17853084,0.11951688,0.14286412,0.12048778,0.12660722,0.168989,0.13830443,0.12834382,0.11718079,0.14016038,0.11077624,0.15933582,0.17175305,0.12861551,0.15644354,0.12590311,0.1542377,0.13552104,0.13317303,0.1254572,0.11101047,0.13323832,0.18430406,0.15307128,0.1263881,0.11813088,0.15964226,0.1360417,0.16036987,0.14344494,0.14148508,0.14721577,0.09294429,0.13616125,0.15583181,0.107556835,0.12034535,0.13733138,0.17842506,0.120995775,0.12423676,0.16585062,0.13545196,0.13467947,0.13482825,0.1435145,0.1665597,0.12094678,0.15138559,0.18041025,0.11686061,0.13060682,0.17271161,0.12578714,0.13531895,0.12719233,0.11082768,0.1654673,0.14677182,0.13575268,0.11452955,0.14270769,0.12211129,0.15077236,0.17085308,0.11866472,0.136115,0.119990334,0.13348617,0.13116683,0.13347647,0.109885454,0.102599554,0.11399249,0.17183912,2,apnea_hold,apnea_01
0.34464368,0.2519522,0.73105127,0.039325938,0.45953828,1.4759424,0.23142791,0.48426032,0.47789982,0.22990571,0.5833333,0.46875,28.125,0.72922957,0.27077043,0.3157667,0.8744104,0.13543311,0.13433962,0.13849586,0.14070757,0.13789576,0.14034799,0.13912992,0.13250393,0.152633,0.13858108,0.10543473,0.14358358,0.14867403,0.14741679,0.14890537,0.15494785,0.14747232,0.09326136,0.14025721,0.13886707,0.10059609,0.12677802,0.12519228,0.1588945,0.1173487,0.12582669,0.15544525,0.1165929,0.13648005,0.13217147,0.13527955,0.15941599,0.11537243,0.14161721,0.18801448,0.10814992,0.122862324,0.17678076,0.12332683,0.14679518,0.11887294,0.12779248,0.16494764,0.13579881,0.12772933,0.12352709,0.13584845,0.11101238,0.15577608,0.17168015,0.1254046,0.15564072,0.12783259,0.1467163,0.13276279,0.13828008,0.13406588,0.120359816,0.12864569,0.18102129,0.15512338,0.1280615,0.11852752,0.15106454,0.14386961,0.1600453,0.13905773,0.13151303,0.14717345,0.10524303,0.13902885,0.15242967,0.12150734,0.13054588,0.13524148,0.17367679,0.12361073,0.12500276,0.1634616,0.1306441,0.13597538,0.13140664,0.13834539,0.16244243,0.13004023,0.14413048,0.17689393,0.11244774,0.121951856,0.17536949,0.13248043,0.14015026,0.11982643,0.117212914,0.16508798,0.1514813,0.13284987,0.121760994,0.14117575,0.118282795,0.14777519,0.16762993,0.112866364,0.13566472,0.11765313,0.13393126,0.13725618,0.13324341,0.12615892,0.10797294,0.113232516,0.17088366,2,apnea_hold,apnea_01
0.34680694,0.26074013,0.7518308,0.03933464,0.48561752,1.4759424,0.22429335,0.4862764,0.46124664,0.21818735,0.6527778,0.46875,28.125,0.7291571,0.2708429,0.3158661,0.8777632,0.13645713,0.13488598,0.13828264,0.14014739,0.13765222,0.14074299,0.13883097,0.13296369,0.1576922,0.13689508,0.10494692,0.14216204,0.15362926,0.14610083,0.14462534,0.15253213,0.14270324,0.10193182,0.14071336,0.13777824,0.11223232,0.13447863,0.120158404,0.157524,0.1164677,0.12628838,0.15695226,0.109911345,0.13799891,0.13223739,0.13716345,0.15845197,0.12340621,0.14247908,0.18496563,0.1083127,0.12596479,0.17202841,0.1276054,0.14997268,0.11619721,0.12755153,0.1644276,0.13574335,0.12789913,0.12187525,0.13513078,0.10813642,0.14881302,0.16759521,0.12470206,0.15409163,0.1292559,0.14221366,0.13637635,0.137115,0.13750757,0.13171808,0.12633808,0.17805311,0.15338877,0.12986284,0.118191,0.15022913,0.14770572,0.15989342,0.13839142,0.13023001,0.14662844,0.10821251,0.1327407,0.15107417,0.1229308,0.1339988,0.13937728,0.17233208,0.123754576,0.124095805,0.1627707,0.12961638,0.13834107,0.1319303,0.13647303,0.16274425,0.13140108,0.14282352,0.17432758,0.111292675,0.120345,0.17428105,0.13295697,0.14438102,0.1183047,0.11778366,0.16233265,0.14977951,0.13694938,0.12406947,0.13799895,0.11700421,0.14689738,0.16689473,0.11585618,0.13505559,0.11834839,0.1311687,0.13778406,0.13546824,0.13215047,0.10896143,0.11230937,0.17062925,2,apnea_hold,apnea_01
0.34852827,0.29255733,0.83940774,0.03930153,0.49660698,1.4759424,0.23991129,0.48397142,0.49571374,0.266066,0.7083333,0.45898438,27.539062,0.69474554,0.30525446,0.36420962,0.8888612,0.1359702,0.1349959,0.13892287,0.13998164,0.13821737,0.13973762,0.13838422,0.13386215,0.15886377,0.13520755,0.10738995,0.13967408,0.15679476,0.1451951,0.14201063,0.15209247,0.13602899,0.10480712,0.1418278,0.13753799,0.11018253,0.13757564,0.11813203,0.15504329,0.11587084,0.12980641,0.15423295,0.10798194,0.14241818,0.13081184,0.13949727,0.1601532,0.122703746,0.14071919,0.18403001,0.10947465,0.12463968,0.17239672,0.12603638,0.15549393,0.11497586,0.13015552,0.16339256,0.1372129,0.1320405,0.12018971,0.13595898,0.104219936,0.14480704,0.16387299,0.13307016,0.15248059,0.12581983,0.14361861,0.13829249,0.13589405,0.14058061,0.13048944,0.12986876,0.17674679,0.15438578,0.1314553,0.11840909,0.14461221,0.15074533,0.15995432,0.13898994,0.13082805,0.14866173,0.111231856,0.13190602,0.14953674,0.12610944,0.13915075,0.13727893,0.17222078,0.123705715,0.12419473,0.15624356,0.12208981,0.13822924,0.13245578,0.13489132,0.16292803,0.13275105,0.14044936,0.17491725,0.10837401,0.11971898,0.17429101,0.13127415,0.1455055,0.115208864,0.1181132,0.16341181,0.14946307,0.1372103,0.12583387,0.13567294,0.113361806,0.14933749,0.16800776,0.11719732,0.13501689,0.11976539,0.1313252,0.13930947,0.13500103,0.13528699,0.112716794,0.112309605,0.17157224,2,apnea_hold,apnea_01
0.35036007,0.32815117,0.93661124,0.03873048,0.50262964,1.4759424,0.22373188,0.48735467,0.45907402,0.22906305,0.75,0.38085938,22.851562,0.62994003,0.37006,0.4621307,0.9014399,0.13681982,0.13328822,0.13842553,0.14094819,0.13845702,0.13920662,0.13900499,0.13360743,0.15925562,0.13968788,0.110764794,0.13274136,0.1553732,0.14644308,0.1411218,0.15230821,0.14038977,0.103542104,0.1451233,0.14248088,0.10942564,0.1355486,0.111732654,0.15635458,0.11576697,0.13221508,0.14239794,0.10526383,0.14149827,0.12942614,0.14224534,0.16092831,0.117858574,0.14151064,0.18253337,0.10819542,0.12407259,0.17293864,0.11795956,0.15645218,0.114073575,0.13260955,0.16333428,0.13902518,0.1302149,0.120957024,0.13716553,0.09805797,0.15117238,0.16482869,0.14330886,0.15459195,0.12650257,0.14396013,0.13729443,0.13371855,0.1398287,0.12902255,0.13392654,0.17611313,0.15407315,0.13820153,0.11964719,0.1432345,0.15041311,0.15974891,0.13777009,0.13141191,0.14554782,0.11279076,0.13219935,0.14810437,0.12679848,0.14187983,0.13892859,0.17301728,0.12520652,0.12594481,0.15241444,0.12132338,0.13946998,0.12881388,0.13311729,0.16140597,0.13284284,0.13532124,0.1751287,0.10818414,0.1202198,0.17555356,0.13176507,0.14602137,0.113118544,0.11809875,0.16537035,0.15122722,0.13786724,0.12919664,0.13531356,0.11074846,0.1453082,0.16737893,0.11724214,0.13776524,0.12273634,0.13213128,0.14097865,0.13291268,0.137873,0.10925765,0.11334957,0.16921446,2,apnea_hold,apnea_01
0.3374104,0.21458314,0.6359708,0.036640774,0.4901004,1.4395066,0.16910839,0.4345626,0.38914618,0.2836517,0.5972222,0.38085938,22.851562,0.6020471,0.39795294,0.50741965,0.9053869,0.13701864,0.13306123,0.13971505,0.14041874,0.13893539,0.13739124,0.13876413,0.13527855,0.15710892,0.1480111,0.11400215,0.1334715,0.15154132,0.14865637,0.13894306,0.14836918,0.134741,0.106509164,0.1436509,0.14443822,0.11179935,0.13728619,0.12061637,0.15173037,0.12150577,0.13144708,0.14156634,0.10756928,0.14203979,0.12746318,0.13795926,0.1561033,0.12024238,0.13426664,0.18130293,0.10898388,0.1261638,0.16967565,0.12073502,0.15722367,0.11121383,0.13331738,0.16549416,0.14042585,0.12864608,0.13013753,0.14297585,0.097274385,0.14174414,0.16121858,0.143864,0.16215876,0.12621017,0.14424604,0.13377155,0.13835528,0.14291526,0.12726419,0.1369087,0.16951253,0.16076025,0.14539768,0.12374419,0.13641302,0.15058364,0.15315783,0.13363463,0.13435711,0.14747724,0.11674404,0.12992074,0.14423157,0.12973806,0.14216322,0.13737015,0.17038472,0.12478369,0.1311942,0.13978425,0.1211665,0.13538165,0.12903303,0.12929294,0.16107748,0.13391685,0.13053733,0.16740993,0.10802019,0.1205808,0.17832285,0.12764545,0.15259255,0.10846251,0.12022018,0.16723035,0.15414008,0.13209115,0.13237993,0.13483778,0.10599953,0.1476091,0.1692846,0.121610366,0.13966557,0.12753041,0.13030596,0.1436838,0.13166457,0.14292128,0.1110456,0.11633491,0.1709655,2,apnea_hold,apnea_01
0.32072473,0.22888605,0.7136527,0.034315784,0.46827975,1.249965,0.18321146,0.39354843,0.46553728,0.2048562,0.5972222,0.390625,23.4375,0.48462445,0.51537555,0.724381,0.9200139,0.1368583,0.13222195,0.14023232,0.14101224,0.13999808,0.1370983,0.13921434,0.1343811,0.16367733,0.15517882,0.117343284,0.13363993,0.15028979,0.13996477,0.13201457,0.14836101,0.13264191,0.11146794,0.13798343,0.14140148,0.11519362,0.13661492,0.12519479,0.14626317,0.122160874,0.13543764,0.13790952,0.10918946,0.13906626,0.12989987,0.13473435,0.14965715,0.12776035,0.124997094,0.1731066,0.1113436,0.1261443,0.16665642,0.12401614,0.16618279,0.10379371,0.13661762,0.16722745,0.1405581,0.1228886,0.1367225,0.14776248,0.09290623,0.13350566,0.16174784,0.13742585,0.16754575,0.12947689,0.14211448,0.13204114,0.14298306,0.1501177,0.13304284,0.14288713,0.16736452,0.16217475,0.15636949,0.12813653,0.13794349,0.14896496,0.15084921,0.12990531,0.13771087,0.1487678,0.1213656,0.1258213,0.13914602,0.13281976,0.14543419,0.14710769,0.1563362,0.13322437,0.13225333,0.13635309,0.12429133,0.13444424,0.12820314,0.121384285,0.16004084,0.13679698,0.12640813,0.16141708,0.10788313,0.12489601,0.17875247,0.12956448,0.15397806,0.105137706,0.11521518,0.16721357,0.15332958,0.1299669,0.13821605,0.14421622,0.10634902,0.13718075,0.1596141,0.12492481,0.14415126,0.12634046,0.13081989,0.14388527,0.13171673,0.1482581,0.10411136,0.12191081,0.16769175,2,apnea_hold,apnea_01
0.30895674,0.22274849,0.7209698,0.031511948,0.47973895,1.254211,0.14564303,0.38653323,0.37679303,0.2539763,0.5555556,0.40039062,24.023438,0.41664606,0.58335394,0.8755182,0.92816204,0.13902916,0.13263941,0.13886058,0.13984461,0.14034551,0.13633019,0.13847798,0.13516998,0.16391316,0.16091785,0.11785917,0.14083365,0.14927138,0.13945183,0.1300602,0.15408741,0.14436205,0.11331926,0.1355235,0.1429393,0.114840336,0.13792711,0.13070773,0.13093275,0.1284265,0.13604653,0.13850842,0.10895413,0.13946332,0.13137798,0.13395934,0.14837326,0.1308824,0.12875289,0.16839907,0.107402496,0.1303042,0.16610543,0.12135296,0.16353929,0.10187649,0.13029751,0.16385368,0.1345942,0.12193074,0.13731262,0.15821895,0.092555225,0.12842126,0.15058681,0.1385003,0.16640384,0.124962494,0.14415877,0.13331947,0.14306815,0.15197223,0.12770507,0.15193613,0.16439019,0.1672294,0.15626587,0.13373026,0.13940735,0.15267321,0.1481329,0.1192617,0.13392183,0.15298365,0.12948161,0.11833668,0.13958795,0.1334792,0.15020129,0.15634389,0.14765844,0.13233325,0.13639586,0.13000593,0.122812025,0.12704296,0.13240558,0.11432927,0.15566032,0.14471652,0.12238703,0.14807115,0.10947986,0.11975472,0.17478217,0.13239297,0.16313635,0.09547124,0.115207754,0.16716543,0.15020554,0.13014829,0.14755705,0.14684127,0.10760514,0.13321455,0.15870747,0.11483764,0.14497465,0.12788221,0.13015182,0.14161596,0.13895848,0.15778387,0.11246236,0.12431028,0.16470535,2,apnea_hold,apnea_01
0.2900995,0.26786953,0.9233712,0.030084165,0.4848274,1.0377917,0.23301177,0.34864303,0.6683391,0.1368247,0.6666667,0.41015625,24.609375,0.3291502,0.6708498,1.1112411,0.9217081,0.1400214,0.13251667,0.13747089,0.14013888,0.14211917,0.13551372,0.13714585,0.13513494,0.16480255,0.15528849,0.11941432,0.14573929,0.14816414,0.1444001,0.127772,0.14770691,0.14776008,0.11931511,0.13221678,0.15675673,0.11094158,0.14444827,0.1377445,0.12654558,0.12745576,0.13701671,0.14112693,0.100651756,0.13312821,0.1339225,0.13165967,0.14153501,0.13681364,0.13066815,0.15574257,0.10542123,0.12816226,0.1586391,0.12177134,0.1673417,0.09192192,0.13262166,0.16395304,0.13242349,0.12213976,0.14357425,0.16340926,0.094208755,0.12836164,0.143273,0.13494845,0.16490431,0.11789008,0.14820099,0.13262329,0.15187342,0.15512437,0.14044344,0.15683472,0.153119,0.16655757,0.15783226,0.13504593,0.14878152,0.1570951,0.1434552,0.11398435,0.13929221,0.16586587,0.13296777,0.11812753,0.13529086,0.13325308,0.1497623,0.1636819,0.12506281,0.13710494,0.13780901,0.12782806,0.1216389,0.12900412,0.13391563,0.11008224,0.15697743,0.1476426,0.121168375,0.1470234,0.10960405,0.12089205,0.17580806,0.12759237,0.16358438,0.09638517,0.1064904,0.1623788,0.13943323,0.13447376,0.14661655,0.15261385,0.111550376,0.123342186,0.14994843,0.1144742,0.14133717,0.12934208,0.13305743,0.13926479,0.13784693,0.16428715,0.11648133,0.12993492,0.16588718,2,apnea_hold,apnea_01
0.290525,0.31230935,1.0749826,0.027961874,0.48497158,1.0645071,0.17207153,0.32026026,0.5372865,0.18075918,0.75,0.43945312,26.367188,0.3652584,0.6347416,1.0071503,0.9209735,0.14147496,0.13245049,0.13586661,0.14019623,0.14308658,0.13519497,0.13462472,0.13659655,0.16683887,0.15615556,0.11923222,0.15439257,0.1454667,0.14365205,0.1301301,0.14550528,0.15406473,0.12031223,0.13239756,0.16081098,0.11021573,0.14113589,0.1373672,0.12616837,0.12856284,0.13671638,0.14111829,0.10202994,0.13336203,0.1342835,0.1332669,0.14017516,0.13705984,0.13061008,0.15344563,0.10395607,0.12555996,0.15786386,0.11955694,0.16564274,0.09223837,0.13230506,0.16480081,0.12825511,0.12082082,0.13950154,0.16231908,0.09564952,0.124495596,0.14385855,0.13274698,0.16308807,0.116339736,0.14816871,0.1329751,0.1523722,0.1582388,0.14494301,0.1568954,0.1527793,0.16556513,0.15501142,0.13195515,0.15924567,0.15910494,0.14746563,0.10961206,0.13889362,0.16909774,0.13384876,0.11604384,0.14374904,0.13053264,0.15056299,0.16853598,0.12131723,0.129703,0.13765036,0.13494772,0.12053781,0.12637274,0.13461438,0.10651969,0.15354025,0.15229204,0.120940536,0.13918257,0.10007513,0.11840754,0.17370401,0.1268518,0.16173343,0.09647561,0.10445481,0.160779,0.13833559,0.13818891,0.14376196,0.14817092,0.12181529,0.120741695,0.15026659,0.106549576,0.13261566,0.12997884,0.1363352,0.14277847,0.14924708,0.1630636,0.12937497,0.13023627,0.16275193,2,apnea_hold,apnea_01
0.29002276,0.2358972,0.81337476,0.029247403,0.47101653,1.0932367,0.18659458,0.34075403,0.5475932,0.1543476,0.6111111,0.45898438,27.539062,0.42916256,0.57083744,0.8459195,0.9264175,0.14226848,0.13269901,0.13358927,0.14159456,0.14340565,0.1350554,0.13410914,0.13690603,0.1656993,0.15950513,0.11931584,0.16406631,0.14390162,0.14497703,0.12880921,0.14599478,0.15367909,0.119529076,0.13079904,0.16127889,0.11193482,0.14125673,0.1374187,0.1245166,0.12118094,0.13552998,0.14473602,0.11113207,0.13412312,0.13297331,0.13228703,0.13927546,0.1416573,0.12899978,0.1494383,0.09377442,0.1281192,0.15892187,0.12017725,0.16190514,0.09560881,0.12777232,0.16329992,0.12824337,0.1193439,0.13263631,0.15741976,0.1076897,0.12277065,0.14605296,0.1319909,0.15362324,0.115024105,0.14846559,0.13992372,0.15817414,0.15706877,0.14690332,0.15551062,0.15753151,0.16700923,0.1552042,0.13014133,0.16184156,0.15669441,0.1455698,0.113866076,0.13718492,0.17124078,0.13551219,0.115727626,0.14710581,0.12717545,0.14723715,0.16802716,0.116759576,0.13242699,0.13744278,0.13788675,0.121342726,0.12770359,0.13420758,0.10870757,0.15313779,0.1519524,0.11888811,0.1371018,0.09754371,0.11966312,0.17592974,0.12562805,0.16283579,0.10016599,0.105127595,0.15869129,0.13490994,0.13614725,0.14171915,0.14795542,0.12525791,0.11736894,0.15094729,0.10682162,0.13298792,0.12693201,0.13497117,0.14242177,0.15094316,0.16366662,0.1348787,0.12952897,0.16305234,2,apnea_hold,apnea_01
0.28641745,0.19943759,0.6963178,0.029440895,0.46137756,1.0932367,0.2015659,0.31924,0.63139296,0.13053972,0.5416667,0.46875,28.125,0.4643234,0.5356766,0.76717395,0.923878,0.14258882,0.13387038,0.13326693,0.14081013,0.14233339,0.13552415,0.13443062,0.13738786,0.16803917,0.16007139,0.12089507,0.16568321,0.14187892,0.1453135,0.12742397,0.14346127,0.15398988,0.12630245,0.12789518,0.15861559,0.11408502,0.1440552,0.13579631,0.1271166,0.12319937,0.1341968,0.14727227,0.11476308,0.13393809,0.13005164,0.13354307,0.14156689,0.14493407,0.12988155,0.14002731,0.094958715,0.13229795,0.15853986,0.12011313,0.1634171,0.09933901,0.12635866,0.16130275,0.13027044,0.11771778,0.13325754,0.1548698,0.11173194,0.12607251,0.14204878,0.13970588,0.14221999,0.107241355,0.14421716,0.14396289,0.15830933,0.15478523,0.14855137,0.15388678,0.15779848,0.15892833,0.16243286,0.12933172,0.1609384,0.1527754,0.14392394,0.11364975,0.13814008,0.1647503,0.13425355,0.115161225,0.14902623,0.12702228,0.14919083,0.1646176,0.11536743,0.13356736,0.13116461,0.14818153,0.13530086,0.13043454,0.12949756,0.108456366,0.15311581,0.14981158,0.11310804,0.13343546,0.09564982,0.1291978,0.17414832,0.12873912,0.16845815,0.109738365,0.10803713,0.1437697,0.137442,0.13312626,0.14022161,0.14563423,0.13782161,0.11218898,0.15629628,0.10695811,0.13838655,0.11841267,0.12639256,0.14479959,0.1585822,0.16125667,0.13951649,0.12045063,0.1649798,2,apnea_hold,apnea_01
0.28676072,0.22249907,0.77590495,0.030141944,0.46215266,1.0828938,0.1793642,0.31007585,0.5784527,0.16220793,0.6388889,0.44921875,26.953125,0.5447562,0.45524386,0.607417,0.914932,0.14225191,0.13519694,0.1339678,0.13968068,0.14309083,0.13609678,0.13417618,0.13616294,0.15796775,0.171441,0.12108596,0.15639848,0.13799784,0.1500327,0.12370301,0.14629327,0.15081842,0.1256369,0.1341801,0.15946284,0.11425658,0.1462011,0.13226022,0.13439107,0.1354974,0.12760465,0.15104763,0.12268898,0.134819,0.12322224,0.13609216,0.14378259,0.13812163,0.1318315,0.13654931,0.09636447,0.13774441,0.15551677,0.12476417,0.16864458,0.108200684,0.1320385,0.14084855,0.13467985,0.11797716,0.13624631,0.15200675,0.1136892,0.12503353,0.1492907,0.14492422,0.14735039,0.10250472,0.13133116,0.14653361,0.15924777,0.15185949,0.14732216,0.14317168,0.15359032,0.16215256,0.17000987,0.1301573,0.1599307,0.1509199,0.13976184,0.117651545,0.1400468,0.16394065,0.14322014,0.11118392,0.14361885,0.12758666,0.15073147,0.16364072,0.112956114,0.1325543,0.13051304,0.14928415,0.13762388,0.13097651,0.12548667,0.117708296,0.15343839,0.15123764,0.11310684,0.12625591,0.097067125,0.13479775,0.1737429,0.12698327,0.17254516,0.112282135,0.10869968,0.13858709,0.13777226,0.13108832,0.14110953,0.14335921,0.1392916,0.10960992,0.15032855,0.1118002,0.12887073,0.10849265,0.122734286,0.15097658,0.15731104,0.16031775,0.14039017,0.12287769,0.16711707,2,apnea_hold,apnea_01
0.2903626,0.2004542,0.69035816,0.03079424,0.4807461,1.0912349,0.21057908,0.30115828,0.69923055,0.10532907,0.5972222,0.43945312,26.367188,0.59110236,0.40889764,0.5257661,0.9109086,0.14258674,0.134956,0.13408875,0.13914984,0.14330803,0.13784851,0.1347415,0.13419054,0.15653256,0.18094361,0.119945236,0.15420513,0.13691205,0.14897944,0.12485896,0.14810982,0.15192364,0.12781753,0.13311931,0.15671057,0.11356983,0.14551827,0.13165842,0.13252936,0.13628474,0.12716636,0.150024,0.12149733,0.13539736,0.12117769,0.14128664,0.1431784,0.13687474,0.13183472,0.13967001,0.09316097,0.1412014,0.15513009,0.12441788,0.17019732,0.10880782,0.13229865,0.13761106,0.13602223,0.1173996,0.13705783,0.1501789,0.111952364,0.122730896,0.14679247,0.14766811,0.14195544,0.10233501,0.12911728,0.15205248,0.15799828,0.15079077,0.14628303,0.14402089,0.15525089,0.15516108,0.17670156,0.13102147,0.14811268,0.14804532,0.14249407,0.1179998,0.14401756,0.16031161,0.14333047,0.120080754,0.14762317,0.12810485,0.14909793,0.16247964,0.1253129,0.14864656,0.124053076,0.1462534,0.13958709,0.13577236,0.119495995,0.12378717,0.15242521,0.14723758,0.11788172,0.12056811,0.10511614,0.14330818,0.1691653,0.133618,0.17712978,0.121329926,0.11875537,0.11874058,0.1383739,0.12807605,0.1403749,0.13708335,0.13248461,0.104366824,0.15615217,0.12275551,0.13941948,0.1083013,0.10444043,0.14777121,0.15548278,0.15687348,0.13756005,0.117440656,0.1614285,2,apnea_hold,apnea_01
0.29104593,0.20989922,0.72118926,0.03003894,0.46969786,1.0821446,0.18061677,0.31610218,0.5713873,0.17025371,0.6527778,0.41992188,25.195312,0.6663469,0.33365306,0.40594482,0.89248955,0.14372517,0.13631716,0.13328189,0.13739902,0.14397052,0.13752563,0.13435933,0.13430384,0.15698676,0.18270968,0.121728,0.14891909,0.1349343,0.15090235,0.12379886,0.14941868,0.15340766,0.13194382,0.13594821,0.16045357,0.117276326,0.14118284,0.13406447,0.14148028,0.15158404,0.122025385,0.14385223,0.1216027,0.13861291,0.11853226,0.14526513,0.1409767,0.1372303,0.1357139,0.13001107,0.099912174,0.14401323,0.15137438,0.12705047,0.17317514,0.11398752,0.13559404,0.13361247,0.13677873,0.11263236,0.1338063,0.1407166,0.104191296,0.11709651,0.14577529,0.1578316,0.1439862,0.109878585,0.11440471,0.14700352,0.15636688,0.14950916,0.14319435,0.14463173,0.15231742,0.15592282,0.18116483,0.1290532,0.14330594,0.14492452,0.14317197,0.12083968,0.1411799,0.1655742,0.14890152,0.124673806,0.14700517,0.1258993,0.14763701,0.16053233,0.12592952,0.152905,0.1272292,0.14116393,0.13624828,0.13318107,0.11687533,0.13116845,0.14645365,0.14424942,0.124259986,0.12534131,0.10308886,0.1438153,0.17232578,0.13256858,0.17526273,0.11963556,0.118263885,0.11524064,0.14065877,0.12535347,0.14047441,0.13464193,0.13266861,0.10381362,0.15524982,0.12116696,0.1383488,0.11773194,0.10186,0.14978963,0.15313935,0.15399726,0.1344517,0.12128512,0.16244717,2,apnea_hold,apnea_01
0.29851377,0.2383954,0.7986077,0.030935874,0.48645598,1.0938642,0.20700729,0.35208473,0.5879473,0.14585039,0.6805556,0.234375,14.0625,0.6619317,0.3380683,0.41259292,0.9029751,0.14487252,0.13598391,0.13233538,0.13721965,0.14372665,0.1378487,0.1343137,0.13427107,0.15748492,0.18707807,0.120507844,0.14462107,0.129408,0.15191537,0.12610132,0.14184903,0.16125794,0.14023113,0.13953686,0.1660345,0.117316715,0.13795033,0.1336627,0.14973044,0.15402867,0.12070748,0.13904765,0.12295913,0.13017964,0.12220874,0.1510642,0.1318781,0.13156472,0.14280906,0.12917292,0.10150652,0.13912767,0.15782748,0.1242911,0.17133258,0.1115131,0.13383506,0.12716173,0.13698678,0.11590181,0.1357709,0.13593231,0.10201123,0.114403486,0.14904849,0.15868394,0.14096496,0.122492224,0.10953878,0.14822699,0.15438066,0.14845736,0.1420329,0.14437589,0.14923854,0.154922,0.18130022,0.12823825,0.13979399,0.14357536,0.1430136,0.11732031,0.1403728,0.16806664,0.14886744,0.12742566,0.14757645,0.12797365,0.14727594,0.16031918,0.12215675,0.16249779,0.12692973,0.13784786,0.13663942,0.13319914,0.12081232,0.1306603,0.14502363,0.14416389,0.124507226,0.12669955,0.10340542,0.14330642,0.1703463,0.13322634,0.17437036,0.12126531,0.118601285,0.11483291,0.14177907,0.12664478,0.13835442,0.13324603,0.13470712,0.104669094,0.15248094,0.12178604,0.1408332,0.12435181,0.096715905,0.14628825,0.15323764,0.15615389,0.13109496,0.12242222,0.16078289,2,apnea_hold,apnea_01
0.30240875,0.20655806,0.6830426,0.030636443,0.4968844,1.0938642,0.21271162,0.35386023,0.6011176,0.1440282,0.5972222,0.38085938,22.851562,0.6608741,0.3391259,0.41419193,0.9007587,0.14369534,0.13563934,0.13420023,0.1370095,0.14396997,0.13644882,0.1332049,0.13581517,0.15500093,0.19356452,0.11913982,0.14244284,0.12662798,0.14674723,0.12439087,0.14052567,0.1593646,0.13866739,0.13740627,0.16641441,0.11774682,0.13619924,0.12906557,0.14992414,0.15165915,0.11879657,0.1384811,0.12239333,0.12615578,0.13638112,0.15341026,0.13030522,0.12681963,0.14372034,0.14500444,0.099716194,0.13908036,0.1550476,0.122631356,0.16875981,0.10942785,0.1340391,0.124469034,0.13438737,0.12689288,0.13909152,0.1460554,0.11068681,0.11614489,0.14645691,0.15655999,0.13681877,0.12089217,0.111522466,0.14975657,0.15265223,0.15270095,0.14091592,0.1398555,0.14616032,0.1520023,0.18178147,0.11847328,0.14283775,0.1426736,0.14303672,0.11522174,0.12914817,0.17471266,0.15693381,0.13019237,0.1493448,0.1352509,0.1524107,0.16222872,0.11826252,0.16510905,0.12337423,0.14065419,0.14337993,0.12782045,0.1191788,0.124965705,0.13124548,0.14315759,0.122047335,0.112042464,0.106297344,0.14312437,0.17031874,0.13510245,0.17286457,0.123642914,0.11858866,0.11182351,0.14089571,0.13062966,0.14018323,0.12615022,0.14263481,0.10037522,0.15604451,0.12386095,0.14152893,0.13078792,0.095167115,0.14652981,0.155488,0.15722875,0.13442065,0.12309569,0.15843481,2,apnea_hold,apnea_01
0.297659,0.20463671,0.68748695,0.029596096,0.4460591,1.1476779,0.22479406,0.33201674,0.6770564,0.11229204,0.6666667,0.38085938,22.851562,0.6069462,0.39305386,0.49931523,0.89269733,0.14369662,0.13396926,0.13416676,0.13836949,0.1425674,0.13536787,0.13495044,0.1363394,0.14948907,0.19777644,0.1085684,0.14605996,0.12715547,0.14681882,0.121458225,0.13930452,0.15719487,0.14523277,0.1374353,0.16752613,0.12403613,0.14141023,0.12960097,0.146662,0.1536352,0.11106138,0.13910715,0.12784871,0.124112405,0.13621467,0.14999202,0.11150238,0.12891395,0.1415393,0.13690646,0.10227792,0.13241398,0.14836775,0.12609123,0.16889569,0.11215726,0.14098823,0.12395612,0.13376686,0.12896946,0.14245436,0.14692263,0.1161259,0.111985,0.14800408,0.15828747,0.13948956,0.12017597,0.11212535,0.14886269,0.15756688,0.15727942,0.14301397,0.14060602,0.14528096,0.15084907,0.1865491,0.11443487,0.14266674,0.14102161,0.13588808,0.114617646,0.12542555,0.17172427,0.15649228,0.12870054,0.14786671,0.13713971,0.15320152,0.1562919,0.11914993,0.16703856,0.1214458,0.14127566,0.145082,0.12600037,0.11730578,0.12348665,0.1272942,0.14196993,0.120239906,0.11994569,0.10678838,0.14704663,0.16985863,0.1379473,0.17147896,0.12423087,0.11781942,0.11082528,0.13970935,0.13621983,0.14256166,0.12992376,0.15241127,0.09597444,0.15640762,0.1248274,0.14014842,0.13378027,0.09615959,0.14836602,0.15526652,0.15777391,0.13706836,0.11643348,0.1577949,2,apnea_hold,apnea_01
0.3004381,0.17308599,0.576112,0.030110354,0.4536989,1.1481655,0.23993936,0.32104167,0.7473776,0.102802515,0.6527778,0.38085938,22.851562,0.57971907,0.4202809,0.5452116,0.88341624,0.14343871,0.13208595,0.13473366,0.13964084,0.14292154,0.13374859,0.13366199,0.13894181,0.15159447,0.2004851,0.10689683,0.14961247,0.12819654,0.14245647,0.120406605,0.13496542,0.15358962,0.1489887,0.13719824,0.16769004,0.12262269,0.14013219,0.12879466,0.14452128,0.15358299,0.11500957,0.13549426,0.12896043,0.12585084,0.12932754,0.14586706,0.104778595,0.12793124,0.1368666,0.13563494,0.10148864,0.12996525,0.15355453,0.12888874,0.16987877,0.11193882,0.1409805,0.12809244,0.13359913,0.12669936,0.14273739,0.14807913,0.12267465,0.10900784,0.1522617,0.16091688,0.13864127,0.11897388,0.11459886,0.15235265,0.15741886,0.15470387,0.14356227,0.13647288,0.15374519,0.14996046,0.19251214,0.11211609,0.14729014,0.14114964,0.13307245,0.11396085,0.13071367,0.16598201,0.1546139,0.12917922,0.15051672,0.13691275,0.15325943,0.14599435,0.12311429,0.1715133,0.122830704,0.14084476,0.14175682,0.122945584,0.1110382,0.12596989,0.10495379,0.14031242,0.13419822,0.11568455,0.1075429,0.14231423,0.15867202,0.13789731,0.16749129,0.12401101,0.13211322,0.10690376,0.1446219,0.12996188,0.1409383,0.12945352,0.1582563,0.09912062,0.15654665,0.12727746,0.14028323,0.14087838,0.10393188,0.15251972,0.16098201,0.15485707,0.13790534,0.11624264,0.15744223,2,apnea_hold,apnea_01
0.3258322,0.17232041,0.5288624,0.03080156,0.53100747,1.2283641,0.19418947,0.37850317,0.5130458,0.17200083,0.6666667,0.38085938,22.851562,0.5739947,0.42600527,0.5551351,0.85903674,0.14548925,0.13157296,0.13233082,0.14018194,0.14357126,0.13452071,0.13170777,0.13962491,0.15358314,0.19883263,0.12822801,0.1619557,0.13444088,0.13878599,0.11819537,0.13916142,0.15597536,0.14795998,0.13188432,0.16734755,0.115009874,0.12920398,0.123985164,0.1411152,0.15662459,0.1283548,0.12753654,0.124268144,0.13230997,0.13062932,0.14562647,0.095186554,0.12664448,0.14896339,0.13689072,0.09605441,0.12952687,0.14982222,0.12401948,0.16568388,0.10251318,0.15050767,0.12409683,0.14037704,0.11553918,0.13661262,0.14865646,0.1251303,0.115833126,0.15310664,0.15712638,0.12913658,0.1212116,0.12578508,0.16175158,0.16103737,0.14547706,0.13709074,0.13706748,0.15261124,0.14859231,0.19521499,0.12142692,0.15279603,0.13114901,0.13280168,0.11609617,0.13649368,0.1691233,0.14352456,0.12850934,0.15317056,0.13752776,0.15151176,0.14212741,0.12574744,0.17271122,0.1254904,0.14840876,0.1400479,0.12314137,0.11208906,0.12879539,0.1010832,0.13880183,0.13881357,0.11562553,0.10793246,0.14179142,0.1493924,0.13395359,0.16444084,0.12633465,0.13967945,0.10363311,0.14314315,0.12963727,0.13270852,0.12392875,0.16170649,0.10210329,0.1563738,0.12870476,0.13917966,0.14625818,0.1056217,0.15392718,0.16682914,0.14089398,0.13932264,0.119257204,0.15494585,2,apnea_hold,apnea_01
0.33218354,0.28324857,0.85268694,0.032011654,0.52697414,1.2518458,0.20056467,0.35229427,0.56931007,0.12751195,0.6388889,0.38085938,22.851562,0.6095515,0.3904485,0.49503183,0.8450087,0.1470165,0.13274004,0.13019538,0.13879675,0.144624,0.13353746,0.12980814,0.14102545,0.14843524,0.20215431,0.15079337,0.17486322,0.1319004,0.1342725,0.120302185,0.14413908,0.16667569,0.13850181,0.12184478,0.16620705,0.111124724,0.11792604,0.12428845,0.14673698,0.15433337,0.12725343,0.13175163,0.12419884,0.13340834,0.14243503,0.14714257,0.09503109,0.12646632,0.15464838,0.13856886,0.091533765,0.132878,0.14828295,0.12359352,0.15953754,0.101500705,0.15477856,0.118120916,0.13435215,0.115921795,0.12565361,0.1478176,0.12627399,0.11481328,0.15300445,0.15221995,0.12308434,0.12183016,0.13041988,0.16181721,0.16686146,0.12731421,0.13809225,0.14232928,0.14629726,0.15169129,0.19192015,0.12667203,0.15811042,0.12518342,0.1304451,0.12064508,0.14306617,0.1663903,0.14462714,0.13215925,0.15757181,0.13162984,0.14515035,0.12585011,0.118229255,0.17922375,0.1406377,0.1477921,0.13586621,0.12603079,0.10929375,0.13499513,0.091366045,0.13579729,0.14575446,0.115684226,0.10590042,0.14102404,0.14107247,0.12532583,0.16365795,0.12301281,0.14776018,0.10441496,0.15303245,0.11468488,0.12942235,0.12251327,0.16142,0.11315596,0.15963148,0.12967665,0.13535656,0.15327536,0.113441676,0.16138966,0.16858298,0.12980594,0.1326741,0.12374608,0.15117438,2,apnea_hold,apnea_01
0.33091116,0.17786296,0.5374946,0.031979453,0.5149487,1.2518458,0.2192963,0.38836703,0.5646625,0.155643,0.6527778,0.30273438,18.164062,0.6247732,0.37522677,0.47036654,0.85191244,0.14700627,0.1328791,0.13010064,0.13853994,0.14508545,0.1345582,0.12772095,0.14071786,0.14939983,0.20048441,0.15212403,0.1749834,0.12813082,0.13169101,0.123572335,0.14561301,0.16693194,0.1387509,0.12398798,0.16627173,0.10914009,0.11535876,0.117303714,0.14058417,0.15758276,0.13486914,0.13390136,0.123352416,0.13326393,0.14361656,0.15273845,0.09240771,0.12739332,0.15505588,0.13794775,0.09047728,0.13306512,0.14720927,0.12131115,0.15657623,0.10223379,0.15694983,0.12166837,0.1416128,0.109624185,0.12605073,0.14658186,0.12638673,0.11959732,0.15688172,0.14907397,0.12360283,0.123388335,0.13463992,0.16133857,0.16457881,0.11677959,0.13257502,0.14732504,0.14485143,0.13886032,0.19681562,0.14869799,0.17042433,0.12438353,0.12560883,0.12514372,0.1475255,0.17255832,0.13481225,0.12492878,0.15515979,0.12119188,0.13465472,0.12559575,0.12025972,0.17925526,0.13677639,0.15465109,0.13906845,0.12733944,0.124502555,0.1404156,0.087237194,0.1319142,0.14758621,0.11231875,0.10019519,0.14439768,0.13502322,0.122947656,0.15467979,0.12920813,0.15517569,0.09620223,0.15098144,0.116552465,0.120172895,0.12251731,0.16411899,0.11361264,0.16346437,0.12737048,0.13431925,0.15150785,0.12470348,0.15256639,0.17484023,0.10504537,0.13144818,0.1405019,0.14583318,2,apnea_hold,apnea_01
0.33684766,0.17415757,0.5170217,0.032183636,0.53298867,1.2381009,0.25557268,0.38921455,0.656637,0.09909726,0.5694444,0.38085938,22.851562,0.63216114,0.36783886,0.45861098,0.8732306,0.14609757,0.13336036,0.1294916,0.13879244,0.14611581,0.13414966,0.1275154,0.13983671,0.1398362,0.20420006,0.15823698,0.1767215,0.13373584,0.13159297,0.12252373,0.14419854,0.16903637,0.1341835,0.120867066,0.16362666,0.10050905,0.11073858,0.123696655,0.13598035,0.15847738,0.13228714,0.13485703,0.12842387,0.13636518,0.146836,0.1552015,0.0877471,0.1312276,0.15184619,0.13383809,0.08402462,0.13347921,0.14508027,0.11710148,0.15064158,0.10781304,0.15953133,0.12108938,0.14324899,0.11086483,0.12878074,0.14789729,0.13026403,0.1201845,0.16328253,0.14666007,0.12643586,0.11817812,0.14112495,0.15204379,0.16594797,0.108159795,0.12548958,0.15849397,0.14803663,0.1405687,0.19283938,0.151836,0.17025292,0.12285544,0.12463394,0.13354921,0.15036382,0.17233409,0.13338186,0.131378,0.15419863,0.12131364,0.13185067,0.11993089,0.11482945,0.1801138,0.13879955,0.15694924,0.1393815,0.12329163,0.12617238,0.14810309,0.08384941,0.13164964,0.14902428,0.11050134,0.10017795,0.14391606,0.13498859,0.12305143,0.14801091,0.13139929,0.1591364,0.097454645,0.15629742,0.10621719,0.12360552,0.12294361,0.16400684,0.11626693,0.16376063,0.12352775,0.13389759,0.14940049,0.12943517,0.1497094,0.17221852,0.0933089,0.1293248,0.14575161,0.14726865,2,apnea_hold,apnea_01
0.3372332,0.16933061,0.5021173,0.032870498,0.5387036,1.2381009,0.26247644,0.39211845,0.66938055,0.09721603,0.6111111,0.2734375,16.40625,0.67658645,0.32341352,0.390695,0.8782673,0.1472168,0.13292179,0.12851311,0.13838373,0.14561424,0.13527983,0.12749751,0.1389151,0.14141564,0.20722263,0.15711233,0.17864485,0.12952587,0.13208024,0.12832862,0.14828148,0.1718998,0.13141315,0.121360615,0.16391346,0.102619626,0.106066935,0.12551121,0.13751799,0.15925038,0.12895113,0.13619347,0.12936841,0.13363348,0.14781861,0.15753603,0.080261275,0.1330219,0.15285242,0.13406041,0.0803692,0.1348104,0.1454309,0.11697157,0.14221527,0.10994531,0.15897596,0.12119655,0.14259137,0.10523378,0.13192943,0.14694023,0.13389315,0.12065863,0.16552274,0.14096576,0.12837505,0.1191206,0.14022677,0.15033244,0.16549508,0.10033032,0.12588932,0.15792598,0.15025276,0.14024769,0.19562519,0.15427399,0.16702801,0.12926562,0.124265105,0.13192233,0.14918321,0.16833259,0.12830898,0.12872168,0.1501503,0.12566033,0.1316242,0.12229595,0.11068976,0.17621312,0.13535419,0.16198969,0.13991332,0.12073228,0.13801712,0.15678859,0.083098166,0.13551073,0.14641072,0.1074855,0.097864635,0.14432311,0.13199055,0.123396,0.14363636,0.13757718,0.16277233,0.09764826,0.15509485,0.10339966,0.12456726,0.12771188,0.16354346,0.11000997,0.16400243,0.118980564,0.135715,0.14321376,0.13495703,0.14215307,0.16907996,0.08847027,0.127685,0.1568396,0.15124634,2,apnea_hold,apnea_01
0.3348946,0.19417325,0.57980406,0.03304866,0.5199472,1.2349076,0.24018933,0.41298297,0.58159614,0.13775551,0.5833333,0.26367188,15.8203125,0.72700804,0.27299196,0.31881773,0.8684713,0.14681034,0.13391751,0.12936659,0.13700172,0.1474887,0.13462912,0.1275249,0.13792603,0.14418666,0.20807455,0.1530656,0.18198332,0.13085654,0.12872122,0.12837905,0.15209371,0.16561724,0.13252169,0.11644337,0.15965687,0.10693463,0.111543134,0.12679546,0.13454224,0.15940899,0.12694684,0.14160646,0.1282172,0.13268064,0.1551192,0.16352762,0.075874075,0.13579462,0.1488711,0.13583829,0.08002133,0.13478294,0.14407943,0.11963462,0.13954976,0.1170576,0.15825586,0.123113446,0.14085513,0.107418105,0.13637231,0.14478688,0.13543902,0.11173995,0.16481838,0.12926704,0.12677304,0.11802229,0.13978146,0.15140589,0.1647449,0.103701435,0.12658052,0.1575917,0.15115684,0.14456382,0.19090776,0.16128492,0.17035654,0.13481738,0.124374956,0.13521634,0.1493098,0.16541643,0.13049337,0.13169922,0.14688426,0.13202839,0.12943088,0.11854191,0.107283175,0.17416558,0.13399316,0.16114421,0.14275019,0.11837307,0.13881274,0.15639588,0.08805174,0.13521568,0.14602025,0.10619669,0.09997448,0.14339516,0.13106881,0.13145617,0.14074765,0.13726276,0.16515075,0.095737755,0.15409485,0.10619814,0.11886186,0.12767853,0.1623634,0.10705214,0.1585689,0.12371813,0.13077115,0.13988987,0.13732545,0.141002,0.16799377,0.08700134,0.127018,0.1575083,0.152826,2,apnea_hold,apnea_01
0.34103787,0.1937428,0.56809765,0.033587173,0.5012346,1.3685824,0.27353024,0.41846994,0.65364367,0.15983811,0.5416667,0.24414062,14.6484375,0.7540255,0.24597447,0.28232905,0.8570395,0.1504938,0.13226725,0.12998727,0.13471772,0.15092553,0.13313475,0.12675492,0.13656515,0.1457287,0.20072995,0.16820383,0.19548075,0.14924076,0.12710872,0.12574072,0.14941375,0.16792586,0.13951305,0.12180742,0.14793625,0.11758964,0.110677384,0.120166115,0.13005686,0.1546582,0.12597881,0.14035651,0.13282771,0.1313998,0.15189514,0.16216901,0.079032235,0.1354821,0.14477445,0.133578,0.08357247,0.1328039,0.14282483,0.14033224,0.13809061,0.11915663,0.15626433,0.119199775,0.13733035,0.11591797,0.13163272,0.1391307,0.13290876,0.10709109,0.15745476,0.12980558,0.11502145,0.11701476,0.14160031,0.15483658,0.16114719,0.10351121,0.12516762,0.1536589,0.15211204,0.15411206,0.19357827,0.16157278,0.1698958,0.14323539,0.13248886,0.13326308,0.15433207,0.16299912,0.13160539,0.13191637,0.15119429,0.14183854,0.12884562,0.12060798,0.10383891,0.17342573,0.13468792,0.1565674,0.1385443,0.11621433,0.14387389,0.15630443,0.08560837,0.13310611,0.13912672,0.11764481,0.095846646,0.13815795,0.12403725,0.13495465,0.13786367,0.13787541,0.16528717,0.0961536,0.15073642,0.10713552,0.117231496,0.12488937,0.16134234,0.10331052,0.15455441,0.11833307,0.13033742,0.13527764,0.13772383,0.14038931,0.16734086,0.08790613,0.12498023,0.15591882,0.15793239,2,apnea_hold,apnea_01
0.35225135,0.21698478,0.61599416,0.03423084,0.5217591,1.3789802,0.21522947,0.43092886,0.49945474,0.18152645,0.625,0.24414062,14.6484375,0.7602719,0.2397281,0.27407914,0.85210013,0.15527476,0.13014297,0.12829405,0.133258,0.15293945,0.13169199,0.12800843,0.13479176,0.15585181,0.2001468,0.171055,0.19569828,0.15364279,0.134966,0.124633156,0.15447958,0.1731896,0.14223264,0.12938167,0.15298527,0.13030936,0.10754484,0.119699135,0.13093016,0.15365978,0.12921196,0.134468,0.1285229,0.12771869,0.15194897,0.15973005,0.07636103,0.13044305,0.14162003,0.14498876,0.08086243,0.1260002,0.13617623,0.14453733,0.13643473,0.11782366,0.1544484,0.116802715,0.13464193,0.114423305,0.12618575,0.13449714,0.12947439,0.11202116,0.15409614,0.12925187,0.114714056,0.11349937,0.1403552,0.1556747,0.15957436,0.09974014,0.12140125,0.14936826,0.15318318,0.15182307,0.18451025,0.17422046,0.1785802,0.16253519,0.13383117,0.13022912,0.14860268,0.16102862,0.13584499,0.13463776,0.14582859,0.14654079,0.12673405,0.11395686,0.103860766,0.1691563,0.1374292,0.15437917,0.14254007,0.114661485,0.14062977,0.15704429,0.08614579,0.13257988,0.13287818,0.1202303,0.092657894,0.13526231,0.12177065,0.15032472,0.13730721,0.14073151,0.16366234,0.09694802,0.14924261,0.12054124,0.11982886,0.11560188,0.15921342,0.10467909,0.14797962,0.11987098,0.12175178,0.13599809,0.13840395,0.14162844,0.1619432,0.08834222,0.1235655,0.14898157,0.15993507,2,apnea_hold,apnea_01
0.3526924,0.20451832,0.57987726,0.03652462,0.46251962,1.4221553,0.2370946,0.43220687,0.5485674,0.19072935,0.625,0.234375,14.0625,0.7405409,0.25945905,0.30037436,0.86134756,0.15600699,0.12929851,0.12936516,0.13238765,0.1580321,0.129006,0.12635958,0.13298613,0.15389727,0.1947394,0.17721596,0.19678856,0.16371888,0.13694572,0.12443047,0.1513232,0.16819,0.14580368,0.13249543,0.15020843,0.13233387,0.10598216,0.11783942,0.1324651,0.15043776,0.13077034,0.13285218,0.13109943,0.12591176,0.1513009,0.1612102,0.07605925,0.12614568,0.13880649,0.14794222,0.08103727,0.12284533,0.13614622,0.15372209,0.13691597,0.119957596,0.15445141,0.11658334,0.13470654,0.12241037,0.12866761,0.12636103,0.12970339,0.113600075,0.15222257,0.13084695,0.11205373,0.11481603,0.14055058,0.15570398,0.15521932,0.099178866,0.120889716,0.14181338,0.15444086,0.15806685,0.185625,0.1754118,0.18329062,0.16621053,0.14257576,0.12631488,0.15170315,0.17548637,0.1410967,0.14289008,0.1497931,0.1559526,0.11587391,0.11450984,0.10526505,0.16805057,0.14529482,0.14705504,0.13813534,0.11070098,0.13752274,0.15330827,0.08161012,0.1284712,0.13128,0.13723266,0.08793474,0.1294792,0.12233288,0.15528621,0.13770778,0.13339075,0.15840656,0.09488809,0.14564706,0.117122136,0.113266245,0.1099803,0.15218832,0.11299008,0.14681466,0.11917849,0.121979944,0.13025378,0.13686961,0.14697175,0.15696095,0.084611714,0.11487632,0.14495777,0.16016635,2,apnea_hold,apnea_01
